#FORMAT=WebAnno TSV 3.3
#T_SP=webanno.custom.Aspect|MentionType
#T_RL=webanno.custom.Sentiment|Category|Polarity|BT_webanno.custom.Aspect


#Text=When I put this shoe on my foot it fit , it just didn't feel comfortable  .  IMPLICIT It was too narrow , I could feel my foot falling off on the sides  .  IMPLICIT
1-1	0-4	When	_	_	_	_	
1-2	5-6	I	_	_	_	_	
1-3	7-10	put	_	_	_	_	
1-4	11-15	this	_	_	_	_	
1-5	16-20	shoe	Direct Aspect	Performance#Comfort|Performance#Sizing/Fit|Performance#Sizing/Fit	Negative|Negative|Negative	1-13[1_0]|1-21[2_0]|1-24[3_0]	
1-6	21-23	on	_	_	_	_	
1-7	24-26	my	_	_	_	_	
1-8	27-31	foot	_	_	_	_	
1-9	32-34	it	_	_	_	_	
1-10	35-38	fit	_	_	_	_	
1-11	39-40	,	_	_	_	_	
1-12	41-43	it	_	_	_	_	
1-13	44-48	just	Indirect Opinion[1]	_	_	_	
1-14	49-55	didn't	Indirect Opinion[1]	_	_	_	
1-15	56-60	feel	Indirect Opinion[1]	_	_	_	
1-16	61-72	comfortable	Indirect Opinion[1]	_	_	_	
1-17	74-75	.	_	_	_	_	
1-18	77-85	IMPLICIT	_	_	_	_	
1-19	86-88	It	_	_	_	_	
1-20	89-92	was	_	_	_	_	
1-21	93-96	too	Direct Opinion[2]	_	_	_	
1-22	97-103	narrow	Direct Opinion[2]	_	_	_	
1-23	104-105	,	_	_	_	_	
1-24	106-107	I	Indirect Opinion[3]	_	_	_	
1-25	108-113	could	Indirect Opinion[3]	_	_	_	
1-26	114-118	feel	Indirect Opinion[3]	_	_	_	
1-27	119-121	my	Indirect Opinion[3]	_	_	_	
1-28	122-126	foot	Indirect Opinion[3]	_	_	_	
1-29	127-134	falling	Indirect Opinion[3]	_	_	_	
1-30	135-138	off	Indirect Opinion[3]	_	_	_	
1-31	139-141	on	Indirect Opinion[3]	_	_	_	
1-32	142-145	the	Indirect Opinion[3]	_	_	_	
1-33	146-151	sides	Indirect Opinion[3]	_	_	_	
1-34	153-154	.	_	_	_	_	
1-35	156-164	IMPLICIT	_	_	_	_	

#Text=Sizing is off .  IMPLICIT I've worn these for over 20 years .  IMPLICIT the size has gotten smaller by a whole size !  IMPLICIT
2-1	166-172	Sizing	Indirect Opinion[4]	_	_	_	
2-2	173-175	is	Indirect Opinion[4]	_	_	_	
2-3	176-179	off	Indirect Opinion[4]	_	_	_	
2-4	180-181	.	_	_	_	_	
2-5	183-191	IMPLICIT	_	_	_	_	
2-6	192-196	I've	_	_	_	_	
2-7	197-201	worn	_	_	_	_	
2-8	202-207	these	Direct Aspect	ContextOfUse#Review\_Temporality|Performance#Sizing/Fit|Performance#Sizing/Fit	Neutral|Negative|Negative	2-9[5_0]|2-1[4_0]|2-15[6_0]	
2-9	208-211	for	Indirect Opinion[5]	_	_	_	
2-10	212-216	over	Indirect Opinion[5]	_	_	_	
2-11	217-219	20	Indirect Opinion[5]	_	_	_	
2-12	220-225	years	Indirect Opinion[5]	_	_	_	
2-13	226-227	.	_	_	_	_	
2-14	229-237	IMPLICIT	_	_	_	_	
2-15	238-241	the	Indirect Opinion[6]	_	_	_	
2-16	242-246	size	Indirect Opinion[6]	_	_	_	
2-17	247-250	has	Indirect Opinion[6]	_	_	_	
2-18	251-257	gotten	Indirect Opinion[6]	_	_	_	
2-19	258-265	smaller	Indirect Opinion[6]	_	_	_	
2-20	266-268	by	Indirect Opinion[6]	_	_	_	
2-21	269-270	a	Indirect Opinion[6]	_	_	_	
2-22	271-276	whole	Indirect Opinion[6]	_	_	_	
2-23	277-281	size	Indirect Opinion[6]	_	_	_	
2-24	282-283	!	_	_	_	_	
2-25	285-293	IMPLICIT	_	_	_	_	

#Text=They fit like a pair of socks .  IMPLICIT My son said he loves them .  IMPLICIT
3-1	295-299	They	Direct Aspect	Performance#Sizing/Fit|Performance#General	Positive|Positive	3-2[7_0]|3-13[8_0]	
3-2	300-303	fit	Indirect Opinion[7]	_	_	_	
3-3	304-308	like	Indirect Opinion[7]	_	_	_	
3-4	309-310	a	Indirect Opinion[7]	_	_	_	
3-5	311-315	pair	Indirect Opinion[7]	_	_	_	
3-6	316-318	of	Indirect Opinion[7]	_	_	_	
3-7	319-324	socks	Indirect Opinion[7]	_	_	_	
3-8	325-326	.	_	_	_	_	
3-9	328-336	IMPLICIT	_	_	_	_	
3-10	337-339	My	_	_	_	_	
3-11	340-343	son	_	_	_	_	
3-12	344-348	said	_	_	_	_	
3-13	349-351	he	Indirect Opinion[8]	_	_	_	
3-14	352-357	loves	Indirect Opinion[8]	_	_	_	
3-15	358-362	them	Indirect Opinion[8]	_	_	_	
3-16	363-364	.	_	_	_	_	
3-17	366-374	IMPLICIT	_	_	_	_	

#Text=My ankles tend toward supination, so a well-cushioned heel is crucial .  IMPLICIT Every other pair of NBs I own give great even support, but the outer heels on this pair collapsed after less than a week !  IMPLICIT The shoes now slant outward in a very unsafe and totally unacceptable way that makes my supination way worse .  IMPLICIT They are completely unusable - huge waste of money .  IMPLICIT Don't buy this pair unless you have a perfectly even foot strike !  IMPLICIT
4-1	376-378	My	Direct Aspect[9]	_	_	_	
4-2	379-385	ankles	Direct Aspect[9]	_	_	_	
4-3	386-390	tend	_	_	_	_	
4-4	391-397	toward	_	_	_	_	
4-5	398-408	supination	_	_	_	_	
4-6	408-409	,	_	_	_	_	
4-7	410-412	so	_	_	_	_	
4-8	413-414	a	_	_	_	_	
4-9	415-429	well-cushioned	_	_	_	_	
4-10	430-434	heel	_	_	_	_	
4-11	435-437	is	_	_	_	_	
4-12	438-445	crucial	_	_	_	_	
4-13	446-447	.	_	_	_	_	
4-14	449-457	IMPLICIT	_	_	_	_	
4-15	458-463	Every	_	_	_	_	
4-16	464-469	other	_	_	_	_	
4-17	470-474	pair	_	_	_	_	
4-18	475-477	of	_	_	_	_	
4-19	478-481	NBs	_	_	_	_	
4-20	482-483	I	_	_	_	_	
4-21	484-487	own	_	_	_	_	
4-22	488-492	give	_	_	_	_	
4-23	493-498	great	_	_	_	_	
4-24	499-503	even	_	_	_	_	
4-25	504-511	support	_	_	_	_	
4-26	511-512	,	_	_	_	_	
4-27	513-516	but	_	_	_	_	
4-28	517-520	the	_	_	_	_	
4-29	521-526	outer	Direct Opinion[10]	_	_	_	
4-30	527-532	heels	Direct Opinion[10]	_	_	_	
4-31	533-535	on	Direct Opinion[10]	_	_	_	
4-32	536-540	this	Direct Opinion[10]	_	_	_	
4-33	541-545	pair	Direct Opinion[10]	_	_	_	
4-34	546-555	collapsed	Direct Opinion[10]	_	_	_	
4-35	556-561	after	Direct Opinion[10]|Direct Opinion[11]	_	_	_	
4-36	562-566	less	Direct Opinion[10]|Direct Opinion[11]	_	_	_	
4-37	567-571	than	Direct Opinion[10]|Direct Opinion[11]	_	_	_	
4-38	572-573	a	Direct Opinion[10]|Direct Opinion[11]	_	_	_	
4-39	574-578	week	Direct Opinion[10]|Direct Opinion[11]	_	_	_	
4-40	579-580	!	_	_	_	_	
4-41	582-590	IMPLICIT	_	_	_	_	
4-42	591-594	The	Direct Aspect[12]	Performance#Durability|ContextOfUse#Review\_Temporality|Performance#Support/Stability|Performance#Support/Stability|Performance#Support/Stability|Cost/Value|Cost/Value	Negative|Negative|Negative|Negative|Negative|Negative|Negative	4-29[10_12]|4-35[11_12]|4-45[13_12]|4-56[14_12]|4-65[15_12]|4-68[16_12]|4-74[17_12]	
4-43	595-600	shoes	Direct Aspect[12]	_	_	_	
4-44	601-604	now	_	_	_	_	
4-45	605-610	slant	Direct Opinion[13]	_	_	_	
4-46	611-618	outward	Direct Opinion[13]	_	_	_	
4-47	619-621	in	Direct Opinion[13]	_	_	_	
4-48	622-623	a	Direct Opinion[13]	_	_	_	
4-49	624-628	very	Direct Opinion[13]	_	_	_	
4-50	629-635	unsafe	Direct Opinion[13]	_	_	_	
4-51	636-639	and	Direct Opinion[13]	_	_	_	
4-52	640-647	totally	Direct Opinion[13]	_	_	_	
4-53	648-660	unacceptable	Direct Opinion[13]	_	_	_	
4-54	661-664	way	_	_	_	_	
4-55	665-669	that	_	_	_	_	
4-56	670-675	makes	Indirect Opinion[14]	_	_	_	
4-57	676-678	my	Indirect Opinion[14]	_	_	_	
4-58	679-689	supination	Indirect Opinion[14]	_	_	_	
4-59	690-693	way	Indirect Opinion[14]	_	_	_	
4-60	694-699	worse	Indirect Opinion[14]	_	_	_	
4-61	700-701	.	_	_	_	_	
4-62	703-711	IMPLICIT	_	_	_	_	
4-63	712-716	They	_	_	_	_	
4-64	717-720	are	_	_	_	_	
4-65	721-731	completely	Indirect Opinion[15]	_	_	_	
4-66	732-740	unusable	Indirect Opinion[15]	_	_	_	
4-67	741-742	-	_	_	_	_	
4-68	743-747	huge	Indirect Opinion[16]	_	_	_	
4-69	748-753	waste	Indirect Opinion[16]	_	_	_	
4-70	754-756	of	Indirect Opinion[16]	_	_	_	
4-71	757-762	money	Indirect Opinion[16]	_	_	_	
4-72	763-764	.	_	_	_	_	
4-73	766-774	IMPLICIT	_	_	_	_	
4-74	775-780	Don't	Indirect Opinion[17]	_	_	_	
4-75	781-784	buy	Indirect Opinion[17]	_	_	_	
4-76	785-789	this	Indirect Opinion[17]	_	_	_	
4-77	790-794	pair	Indirect Opinion[17]	_	_	_	
4-78	795-801	unless	_	_	_	_	
4-79	802-805	you	_	_	_	_	
4-80	806-810	have	_	_	_	_	
4-81	811-812	a	_	_	_	_	
4-82	813-822	perfectly	_	_	_	_	
4-83	823-827	even	_	_	_	_	
4-84	828-832	foot	_	_	_	_	
4-85	833-839	strike	_	_	_	_	
4-86	840-841	!	_	_	_	_	
4-87	843-851	IMPLICIT	_	_	_	_	

#Text=I wear the shoes almost daily .  IMPLICIT Unfortunately, they have given me a blister .  IMPLICIT
5-1	853-854	I	Direct Opinion[18]	_	_	_	
5-2	855-859	wear	Direct Opinion[18]	_	_	_	
5-3	860-863	the	Direct Opinion[18]|Direct Aspect[19]	ContextOfUse#Usage frequency|Performance#Comfort	Positive|Negative	5-1[18_19]|5-11[20_19]	
5-4	864-869	shoes	Direct Opinion[18]|Direct Aspect[19]	_	_	_	
5-5	870-876	almost	Direct Opinion[18]	_	_	_	
5-6	877-882	daily	Direct Opinion[18]	_	_	_	
5-7	883-884	.	_	_	_	_	
5-8	886-894	IMPLICIT	_	_	_	_	
5-9	895-908	Unfortunately	_	_	_	_	
5-10	908-909	,	_	_	_	_	
5-11	910-914	they	Indirect Opinion[20]	_	_	_	
5-12	915-919	have	Indirect Opinion[20]	_	_	_	
5-13	920-925	given	Indirect Opinion[20]	_	_	_	
5-14	926-928	me	Indirect Opinion[20]	_	_	_	
5-15	929-930	a	Indirect Opinion[20]	_	_	_	
5-16	931-938	blister	Indirect Opinion[20]	_	_	_	
5-17	939-940	.	_	_	_	_	
5-18	942-950	IMPLICIT	_	_	_	_	

#Text=Not sure if I have fat feet or what, but these slip on like socks and the heel of the shoe doesn't have a hold tab .  IMPLICIT I struggle to get them on IMPLICIT
6-1	952-955	Not	_	_	_	_	
6-2	956-960	sure	_	_	_	_	
6-3	961-963	if	_	_	_	_	
6-4	964-965	I	_	_	_	_	
6-5	966-970	have	_	_	_	_	
6-6	971-974	fat	_	_	_	_	
6-7	975-979	feet	_	_	_	_	
6-8	980-982	or	_	_	_	_	
6-9	983-987	what	_	_	_	_	
6-10	987-988	,	_	_	_	_	
6-11	989-992	but	_	_	_	_	
6-12	993-998	these	Direct Aspect	Performance#Support/Stability|Appearance#Shoe Component|Performance#Misc	Negative|Negative|Negative	6-13[21_0]|6-19[22_0]|6-30[23_0]	
6-13	999-1003	slip	Indirect Opinion[21]	_	_	_	
6-14	1004-1006	on	Indirect Opinion[21]	_	_	_	
6-15	1007-1011	like	Indirect Opinion[21]	_	_	_	
6-16	1012-1017	socks	Indirect Opinion[21]	_	_	_	
6-17	1018-1021	and	_	_	_	_	
6-18	1022-1025	the	_	_	_	_	
6-19	1026-1030	heel	Direct Opinion[22]	_	_	_	
6-20	1031-1033	of	Direct Opinion[22]	_	_	_	
6-21	1034-1037	the	Direct Opinion[22]	_	_	_	
6-22	1038-1042	shoe	Direct Opinion[22]	_	_	_	
6-23	1043-1050	doesn't	Direct Opinion[22]	_	_	_	
6-24	1051-1055	have	Direct Opinion[22]	_	_	_	
6-25	1056-1057	a	Direct Opinion[22]	_	_	_	
6-26	1058-1062	hold	Direct Opinion[22]	_	_	_	
6-27	1063-1066	tab	Direct Opinion[22]	_	_	_	
6-28	1067-1068	.	_	_	_	_	
6-29	1070-1078	IMPLICIT	_	_	_	_	
6-30	1079-1080	I	Indirect Opinion[23]	_	_	_	
6-31	1081-1089	struggle	Indirect Opinion[23]	_	_	_	
6-32	1090-1092	to	Indirect Opinion[23]	_	_	_	
6-33	1093-1096	get	Indirect Opinion[23]	_	_	_	
6-34	1097-1101	them	Indirect Opinion[23]	_	_	_	
6-35	1102-1104	on	Indirect Opinion[23]	_	_	_	
6-36	1105-1113	IMPLICIT	_	_	_	_	

#Text=Great shoe .  IMPLICIT Very slick .  IMPLICIT I wish they would have left the big tongue .  IMPLICIT
7-1	1115-1120	Great	Indirect Opinion	_	_	_	
7-2	1121-1125	shoe	Direct Aspect	Performance#General|Appearance#Form|Appearance#Shoe Component	Positive|Positive|Negative	7-1|7-5[24_0]|7-10[25_0]	
7-3	1126-1127	.	_	_	_	_	
7-4	1129-1137	IMPLICIT	_	_	_	_	
7-5	1138-1142	Very	Indirect Opinion[24]	_	_	_	
7-6	1143-1148	slick	Indirect Opinion[24]	_	_	_	
7-7	1149-1150	.	_	_	_	_	
7-8	1152-1160	IMPLICIT	_	_	_	_	
7-9	1161-1162	I	_	_	_	_	
7-10	1163-1167	wish	Indirect Opinion[25]	_	_	_	
7-11	1168-1172	they	Indirect Opinion[25]	_	_	_	
7-12	1173-1178	would	Indirect Opinion[25]	_	_	_	
7-13	1179-1183	have	Indirect Opinion[25]	_	_	_	
7-14	1184-1188	left	Indirect Opinion[25]	_	_	_	
7-15	1189-1192	the	Indirect Opinion[25]	_	_	_	
7-16	1193-1196	big	Indirect Opinion[25]	_	_	_	
7-17	1197-1203	tongue	Indirect Opinion[25]	_	_	_	
7-18	1204-1205	.	_	_	_	_	
7-19	1207-1215	IMPLICIT	_	_	_	_	

#Text=I absolutely hate this shoe .  IMPLICIT Its over-added and impossible to run in .  IMPLICIT Id return it if I could .  IMPLICIT only worn once .  IMPLICIT
8-1	1217-1218	I	Indirect Opinion[26]	_	_	_	
8-2	1219-1229	absolutely	Indirect Opinion[26]	_	_	_	
8-3	1230-1234	hate	Indirect Opinion[26]	_	_	_	
8-4	1235-1239	this	_	_	_	_	
8-5	1240-1244	shoe	Direct Aspect	Performance#General|Performance#General|Cost/Value|ContextOfUse#Review\_Temporality	Negative|Negative|Negative|Neutral	8-1[26_0]|8-8[27_0]|8-17[28_0]|8-25[29_0]	
8-6	1245-1246	.	_	_	_	_	
8-7	1248-1256	IMPLICIT	_	_	_	_	
8-8	1257-1260	Its	Indirect Opinion[27]	_	_	_	
8-9	1261-1271	over-added	Indirect Opinion[27]	_	_	_	
8-10	1272-1275	and	Indirect Opinion[27]	_	_	_	
8-11	1276-1286	impossible	Indirect Opinion[27]	_	_	_	
8-12	1287-1289	to	Indirect Opinion[27]	_	_	_	
8-13	1290-1293	run	Indirect Opinion[27]	_	_	_	
8-14	1294-1296	in	Indirect Opinion[27]	_	_	_	
8-15	1297-1298	.	_	_	_	_	
8-16	1300-1308	IMPLICIT	_	_	_	_	
8-17	1309-1311	Id	Indirect Opinion[28]	_	_	_	
8-18	1312-1318	return	Indirect Opinion[28]	_	_	_	
8-19	1319-1321	it	Indirect Opinion[28]	_	_	_	
8-20	1322-1324	if	Indirect Opinion[28]	_	_	_	
8-21	1325-1326	I	Indirect Opinion[28]	_	_	_	
8-22	1327-1332	could	Indirect Opinion[28]	_	_	_	
8-23	1333-1334	.	_	_	_	_	
8-24	1336-1344	IMPLICIT	_	_	_	_	
8-25	1345-1349	only	Direct Opinion[29]	_	_	_	
8-26	1350-1354	worn	Direct Opinion[29]	_	_	_	
8-27	1355-1359	once	Direct Opinion[29]	_	_	_	
8-28	1360-1361	.	_	_	_	_	
8-29	1363-1371	IMPLICIT	_	_	_	_	

#Text=Maybe you could make the toungUe shorter it hurts when the toungue hits the skin . Even the Stan Smith has a long toungue . make them shorter please .  IMPLICIT
9-1	1373-1378	Maybe	_	_	_	_	
9-2	1379-1382	you	_	_	_	_	
9-3	1383-1388	could	_	_	_	_	
9-4	1389-1393	make	_	_	_	_	
9-5	1394-1397	the	_	_	_	_	
9-6	1398-1405	toungUe	Direct Aspect	Performance#Comfort	Negative	9-8[30_0]	
9-7	1406-1413	shorter	_	_	_	_	
9-8	1414-1416	it	Indirect Opinion[30]	_	_	_	
9-9	1417-1422	hurts	Indirect Opinion[30]	_	_	_	
9-10	1423-1427	when	Indirect Opinion[30]	_	_	_	
9-11	1428-1431	the	Indirect Opinion[30]	_	_	_	
9-12	1432-1439	toungue	Indirect Opinion[30]	_	_	_	
9-13	1440-1444	hits	Indirect Opinion[30]	_	_	_	
9-14	1445-1448	the	Indirect Opinion[30]	_	_	_	
9-15	1449-1453	skin	Indirect Opinion[30]	_	_	_	
9-16	1454-1455	.	_	_	_	_	
9-17	1456-1460	Even	_	_	_	_	
9-18	1461-1464	the	_	_	_	_	
9-19	1465-1469	Stan	_	_	_	_	
9-20	1470-1475	Smith	_	_	_	_	
9-21	1476-1479	has	_	_	_	_	
9-22	1480-1481	a	_	_	_	_	
9-23	1482-1486	long	_	_	_	_	
9-24	1487-1494	toungue	_	_	_	_	
9-25	1495-1496	.	_	_	_	_	
9-26	1497-1501	make	_	_	_	_	
9-27	1502-1506	them	_	_	_	_	
9-28	1507-1514	shorter	_	_	_	_	
9-29	1515-1521	please	_	_	_	_	
9-30	1522-1523	.	_	_	_	_	
9-31	1525-1533	IMPLICIT	_	_	_	_	

#Text=They were a gift to my wife .  IMPLICIT Most comfortable shoes she's had and she loves the look .  IMPLICIT On the negative, the adidas white band above the sole cracked after wearing it 3 times .  IMPLICIT Both shoes have multiple cracks in the front now .  IMPLICIT Makes me regret paying so much for such poor quality materials .  IMPLICIT
10-1	1535-1539	They	Direct Opinion[31]	_	_	_	
10-2	1540-1544	were	Direct Opinion[31]	_	_	_	
10-3	1545-1546	a	Direct Opinion[31]	_	_	_	
10-4	1547-1551	gift	Direct Opinion[31]	_	_	_	
10-5	1552-1554	to	Direct Opinion[31]	_	_	_	
10-6	1555-1557	my	Direct Opinion[31]	_	_	_	
10-7	1558-1562	wife	Direct Opinion[31]	_	_	_	
10-8	1563-1564	.	_	_	_	_	
10-9	1566-1574	IMPLICIT	_	_	_	_	
10-10	1575-1579	Most	Indirect Opinion[32]	_	_	_	
10-11	1580-1591	comfortable	Indirect Opinion[32]	_	_	_	
10-12	1592-1597	shoes	Direct Aspect	Performance#Comfort|ContextOfUse#Purchase\_Context|Appearance#Form|Performance#Durability|ContextOfUse#Review\_Temporality|Performance#Durability|Cost/Value|Performance#Durability	Positive|Positive|Positive|Positive|Negative|Negative|Negative|Negative	10-10[32_0]|10-1[31_0]|10-16[33_0]|10-27[34_0]|10-35[35_0]|10-44[36_0]|10-55[37_0]|10-60[38_0]	
10-13	1598-1603	she's	_	_	_	_	
10-14	1604-1607	had	_	_	_	_	
10-15	1608-1611	and	_	_	_	_	
10-16	1612-1615	she	Indirect Opinion[33]	_	_	_	
10-17	1616-1621	loves	Indirect Opinion[33]	_	_	_	
10-18	1622-1625	the	Indirect Opinion[33]	_	_	_	
10-19	1626-1630	look	Indirect Opinion[33]	_	_	_	
10-20	1631-1632	.	_	_	_	_	
10-21	1634-1642	IMPLICIT	_	_	_	_	
10-22	1643-1645	On	_	_	_	_	
10-23	1646-1649	the	_	_	_	_	
10-24	1650-1658	negative	_	_	_	_	
10-25	1658-1659	,	_	_	_	_	
10-26	1660-1663	the	_	_	_	_	
10-27	1664-1670	adidas	Direct Opinion[34]	_	_	_	
10-28	1671-1676	white	Direct Opinion[34]	_	_	_	
10-29	1677-1681	band	Direct Opinion[34]	_	_	_	
10-30	1682-1687	above	Direct Opinion[34]	_	_	_	
10-31	1688-1691	the	Direct Opinion[34]	_	_	_	
10-32	1692-1696	sole	Direct Opinion[34]	_	_	_	
10-33	1697-1704	cracked	Direct Opinion[34]	_	_	_	
10-34	1705-1710	after	Direct Opinion[34]	_	_	_	
10-35	1711-1718	wearing	Direct Opinion[34]|Indirect Opinion[35]	_	_	_	
10-36	1719-1721	it	Direct Opinion[34]|Indirect Opinion[35]	_	_	_	
10-37	1722-1723	3	Direct Opinion[34]|Indirect Opinion[35]	_	_	_	
10-38	1724-1729	times	Direct Opinion[34]|Indirect Opinion[35]	_	_	_	
10-39	1730-1731	.	_	_	_	_	
10-40	1733-1741	IMPLICIT	_	_	_	_	
10-41	1742-1746	Both	_	_	_	_	
10-42	1747-1752	shoes	_	_	_	_	
10-43	1753-1757	have	_	_	_	_	
10-44	1758-1766	multiple	Direct Opinion[36]	_	_	_	
10-45	1767-1773	cracks	Direct Opinion[36]	_	_	_	
10-46	1774-1776	in	Direct Opinion[36]	_	_	_	
10-47	1777-1780	the	Direct Opinion[36]	_	_	_	
10-48	1781-1786	front	Direct Opinion[36]	_	_	_	
10-49	1787-1790	now	_	_	_	_	
10-50	1791-1792	.	_	_	_	_	
10-51	1794-1802	IMPLICIT	_	_	_	_	
10-52	1803-1808	Makes	_	_	_	_	
10-53	1809-1811	me	_	_	_	_	
10-54	1812-1818	regret	_	_	_	_	
10-55	1819-1825	paying	Indirect Opinion[37]	_	_	_	
10-56	1826-1828	so	Indirect Opinion[37]	_	_	_	
10-57	1829-1833	much	Indirect Opinion[37]	_	_	_	
10-58	1834-1837	for	_	_	_	_	
10-59	1838-1842	such	_	_	_	_	
10-60	1843-1847	poor	Indirect Opinion[38]	_	_	_	
10-61	1848-1855	quality	Indirect Opinion[38]	_	_	_	
10-62	1856-1865	materials	Indirect Opinion[38]	_	_	_	
10-63	1866-1867	.	_	_	_	_	
10-64	1869-1877	IMPLICIT	_	_	_	_	

#Text=Nice looking shoe but very poorly made .  IMPLICIT There should be a standard on what shoes can actually be sent out to customers .  IMPLICIT
11-1	1879-1883	Nice	Indirect Opinion[39]	_	_	_	
11-2	1884-1891	looking	Indirect Opinion[39]	_	_	_	
11-3	1892-1896	shoe	Direct Aspect	Appearance#Form|Performance#Durability	Positive|Negative	11-1[39_0]|11-6[40_0]	
11-4	1897-1900	but	_	_	_	_	
11-5	1901-1905	very	_	_	_	_	
11-6	1906-1912	poorly	Indirect Opinion[40]	_	_	_	
11-7	1913-1917	made	Indirect Opinion[40]	_	_	_	
11-8	1918-1919	.	_	_	_	_	
11-9	1921-1929	IMPLICIT	_	_	_	_	
11-10	1930-1935	There	_	_	_	_	
11-11	1936-1942	should	_	_	_	_	
11-12	1943-1945	be	_	_	_	_	
11-13	1946-1947	a	_	_	_	_	
11-14	1948-1956	standard	_	_	_	_	
11-15	1957-1959	on	_	_	_	_	
11-16	1960-1964	what	_	_	_	_	
11-17	1965-1970	shoes	_	_	_	_	
11-18	1971-1974	can	_	_	_	_	
11-19	1975-1983	actually	_	_	_	_	
11-20	1984-1986	be	_	_	_	_	
11-21	1987-1991	sent	_	_	_	_	
11-22	1992-1995	out	_	_	_	_	
11-23	1996-1998	to	_	_	_	_	
11-24	1999-2008	customers	_	_	_	_	
11-25	2009-2010	.	_	_	_	_	
11-26	2012-2020	IMPLICIT	_	_	_	_	

#Text=Nike always change the structure of shoes that dont fit right even though they are the same size .  IMPLICIT If this helps sumit my advice for a gift card .  IMPLICIT
12-1	2022-2026	Nike	Indirect Opinion[41]	_	_	_	
12-2	2027-2033	always	Indirect Opinion[41]	_	_	_	
12-3	2034-2040	change	Indirect Opinion[41]	_	_	_	
12-4	2041-2044	the	Indirect Opinion[41]	_	_	_	
12-5	2045-2054	structure	Indirect Opinion[41]	_	_	_	
12-6	2055-2057	of	_	_	_	_	
12-7	2058-2063	shoes	Direct Aspect	Performance#Sizing/Fit|Performance#Sizing/Fit	Negative|Negative	12-1[41_0]|12-9[42_0]	
12-8	2064-2068	that	_	_	_	_	
12-9	2069-2073	dont	Indirect Opinion[42]	_	_	_	
12-10	2074-2077	fit	Indirect Opinion[42]	_	_	_	
12-11	2078-2083	right	Indirect Opinion[42]	_	_	_	
12-12	2084-2088	even	_	_	_	_	
12-13	2089-2095	though	_	_	_	_	
12-14	2096-2100	they	_	_	_	_	
12-15	2101-2104	are	_	_	_	_	
12-16	2105-2108	the	_	_	_	_	
12-17	2109-2113	same	_	_	_	_	
12-18	2114-2118	size	_	_	_	_	
12-19	2119-2120	.	_	_	_	_	
12-20	2122-2130	IMPLICIT	_	_	_	_	
12-21	2131-2133	If	_	_	_	_	
12-22	2134-2138	this	_	_	_	_	
12-23	2139-2144	helps	_	_	_	_	
12-24	2145-2150	sumit	_	_	_	_	
12-25	2151-2153	my	_	_	_	_	
12-26	2154-2160	advice	_	_	_	_	
12-27	2161-2164	for	_	_	_	_	
12-28	2165-2166	a	_	_	_	_	
12-29	2167-2171	gift	_	_	_	_	
12-30	2172-2176	card	_	_	_	_	
12-31	2177-2178	.	_	_	_	_	
12-32	2180-2188	IMPLICIT	_	_	_	_	

#Text=Got them for work and they are pretty comfortable and let mt feet breathe IMPLICIT
13-1	2190-2193	Got	_	_	_	_	
13-2	2194-2198	them	Direct Aspect	ContextOfUse#Purchase\_Context|Performance#Comfort|Performance#Comfort	Neutral|Positive|Positive	13-3[43_0]|13-8[44_0]|13-11[45_0]	
13-3	2199-2202	for	Indirect Opinion[43]	_	_	_	
13-4	2203-2207	work	Indirect Opinion[43]	_	_	_	
13-5	2208-2211	and	_	_	_	_	
13-6	2212-2216	they	_	_	_	_	
13-7	2217-2220	are	_	_	_	_	
13-8	2221-2227	pretty	Indirect Opinion[44]	_	_	_	
13-9	2228-2239	comfortable	Indirect Opinion[44]	_	_	_	
13-10	2240-2243	and	_	_	_	_	
13-11	2244-2247	let	Indirect Opinion[45]	_	_	_	
13-12	2248-2250	mt	Indirect Opinion[45]	_	_	_	
13-13	2251-2255	feet	Indirect Opinion[45]	_	_	_	
13-14	2256-2263	breathe	Indirect Opinion[45]	_	_	_	
13-15	2264-2272	IMPLICIT	_	_	_	_	

#Text=Everything is great about the product .  IMPLICIT Unfortunately to receive it worn by someone before you get it is not satisfactory .  IMPLICIT
14-1	2274-2284	Everything	Indirect Opinion[46]	_	_	_	
14-2	2285-2287	is	Indirect Opinion[46]	_	_	_	
14-3	2288-2293	great	Indirect Opinion[46]	_	_	_	
14-4	2294-2299	about	_	_	_	_	
14-5	2300-2303	the	Direct Aspect[47]	Performance#General|Misc	Positive|Negative	14-1[46_47]|14-11[48_47]	
14-6	2304-2311	product	Direct Aspect[47]	_	_	_	
14-7	2312-2313	.	_	_	_	_	
14-8	2315-2323	IMPLICIT	_	_	_	_	
14-9	2324-2337	Unfortunately	_	_	_	_	
14-10	2338-2340	to	_	_	_	_	
14-11	2341-2348	receive	Indirect Opinion[48]	_	_	_	
14-12	2349-2351	it	Indirect Opinion[48]	_	_	_	
14-13	2352-2356	worn	Indirect Opinion[48]	_	_	_	
14-14	2357-2359	by	Indirect Opinion[48]	_	_	_	
14-15	2360-2367	someone	Indirect Opinion[48]	_	_	_	
14-16	2368-2374	before	Indirect Opinion[48]	_	_	_	
14-17	2375-2378	you	Indirect Opinion[48]	_	_	_	
14-18	2379-2382	get	Indirect Opinion[48]	_	_	_	
14-19	2383-2385	it	Indirect Opinion[48]	_	_	_	
14-20	2386-2388	is	Indirect Opinion[48]	_	_	_	
14-21	2389-2392	not	Indirect Opinion[48]	_	_	_	
14-22	2393-2405	satisfactory	Indirect Opinion[48]	_	_	_	
14-23	2406-2407	.	_	_	_	_	
14-24	2409-2417	IMPLICIT	_	_	_	_	

#Text=Unfortunately it did not fit .  IMPLICIT It is not the shoe's fault .  IMPLICIT I have foot problems and use orthotics, which makes me very difficult to fit .  IMPLICIT Many New Balance 12 . 5 B shoes fit me .  IMPLICIT But not all .  IMPLICIT The 857v2 was long enough but the toe box seemed slightly too short in height for my odd feet .  IMPLICIT
15-1	2419-2432	Unfortunately	Indirect Opinion[49]	_	_	_	
15-2	2433-2435	it	Indirect Opinion[49]	_	_	_	
15-3	2436-2439	did	Indirect Opinion[49]	_	_	_	
15-4	2440-2443	not	Indirect Opinion[49]	_	_	_	
15-5	2444-2447	fit	Indirect Opinion[49]	_	_	_	
15-6	2448-2449	.	_	_	_	_	
15-7	2451-2459	IMPLICIT	_	_	_	_	
15-8	2460-2462	It	_	_	_	_	
15-9	2463-2465	is	_	_	_	_	
15-10	2466-2469	not	_	_	_	_	
15-11	2470-2473	the	_	_	_	_	
15-12	2474-2480	shoe's	Direct Aspect	Performance#Sizing/Fit|ContextOfUse#Purchase\_Context|ContextOfUse#Place	Negative|Neutral|Neutral	15-1[49_0]|15-16[50_0]|15-25[51_0]	
15-13	2481-2486	fault	_	_	_	_	
15-14	2487-2488	.	_	_	_	_	
15-15	2490-2498	IMPLICIT	_	_	_	_	
15-16	2499-2500	I	Indirect Opinion[50]	_	_	_	
15-17	2501-2505	have	Indirect Opinion[50]	_	_	_	
15-18	2506-2510	foot	Indirect Opinion[50]	_	_	_	
15-19	2511-2519	problems	Indirect Opinion[50]	_	_	_	
15-20	2520-2523	and	_	_	_	_	
15-21	2524-2527	use	_	_	_	_	
15-22	2528-2537	orthotics	_	_	_	_	
15-23	2537-2538	,	_	_	_	_	
15-24	2539-2544	which	_	_	_	_	
15-25	2545-2550	makes	Indirect Opinion[51]	_	_	_	
15-26	2551-2553	me	Indirect Opinion[51]	_	_	_	
15-27	2554-2558	very	Indirect Opinion[51]	_	_	_	
15-28	2559-2568	difficult	Indirect Opinion[51]	_	_	_	
15-29	2569-2571	to	Indirect Opinion[51]	_	_	_	
15-30	2572-2575	fit	Indirect Opinion[51]	_	_	_	
15-31	2576-2577	.	_	_	_	_	
15-32	2579-2587	IMPLICIT	_	_	_	_	
15-33	2588-2592	Many	_	_	_	_	
15-34	2593-2596	New	_	_	_	_	
15-35	2597-2604	Balance	_	_	_	_	
15-36	2605-2607	12	_	_	_	_	
15-37	2608-2609	.	_	_	_	_	
15-38	2610-2611	5	_	_	_	_	
15-39	2612-2613	B	_	_	_	_	
15-40	2614-2619	shoes	_	_	_	_	
15-41	2620-2623	fit	_	_	_	_	
15-42	2624-2626	me	_	_	_	_	
15-43	2627-2628	.	_	_	_	_	
15-44	2630-2638	IMPLICIT	_	_	_	_	
15-45	2639-2642	But	_	_	_	_	
15-46	2643-2646	not	_	_	_	_	
15-47	2647-2650	all	_	_	_	_	
15-48	2651-2652	.	_	_	_	_	
15-49	2654-2662	IMPLICIT	_	_	_	_	
15-50	2663-2666	The	_	_	_	_	
15-51	2667-2672	857v2	_	_	_	_	
15-52	2673-2676	was	_	_	_	_	
15-53	2677-2681	long	_	_	_	_	
15-54	2682-2688	enough	_	_	_	_	
15-55	2689-2692	but	_	_	_	_	
15-56	2693-2696	the	_	_	_	_	
15-57	2697-2700	toe	_	_	_	_	
15-58	2701-2704	box	_	_	_	_	
15-59	2705-2711	seemed	_	_	_	_	
15-60	2712-2720	slightly	_	_	_	_	
15-61	2721-2724	too	_	_	_	_	
15-62	2725-2730	short	_	_	_	_	
15-63	2731-2733	in	_	_	_	_	
15-64	2734-2740	height	_	_	_	_	
15-65	2741-2744	for	_	_	_	_	
15-66	2745-2747	my	_	_	_	_	
15-67	2748-2751	odd	_	_	_	_	
15-68	2752-2756	feet	_	_	_	_	
15-69	2757-2758	.	_	_	_	_	
15-70	2760-2768	IMPLICIT	_	_	_	_	

#Text=I originally thought that the first time I wore these sneakers and got a blister it was because they were new, but I never encountered this problem before .  IMPLICIT However, I placed something in the back of the heel and tried again after the blister heeled and now I have another blister .  IMPLICIT This time on both feet and very painful .  IMPLICIT They don't perform well to be considered a running shoe .  IMPLICIT
16-1	2770-2771	I	_	_	_	_	
16-2	2772-2782	originally	_	_	_	_	
16-3	2783-2790	thought	_	_	_	_	
16-4	2791-2795	that	_	_	_	_	
16-5	2796-2799	the	_	_	_	_	
16-6	2800-2805	first	_	_	_	_	
16-7	2806-2810	time	_	_	_	_	
16-8	2811-2812	I	Direct Opinion[52]	_	_	_	
16-9	2813-2817	wore	Direct Opinion[52]	_	_	_	
16-10	2818-2823	these	Direct Opinion[52]	_	_	_	
16-11	2824-2832	sneakers	Direct Opinion[52]	_	_	_	
16-12	2833-2836	and	Direct Opinion[52]	_	_	_	
16-13	2837-2840	got	Direct Opinion[52]	_	_	_	
16-14	2841-2842	a	Direct Opinion[52]	_	_	_	
16-15	2843-2850	blister	Direct Opinion[52]	_	_	_	
16-16	2851-2853	it	_	_	_	_	
16-17	2854-2857	was	_	_	_	_	
16-18	2858-2865	because	_	_	_	_	
16-19	2866-2870	they	_	_	_	_	
16-20	2871-2875	were	_	_	_	_	
16-21	2876-2879	new	_	_	_	_	
16-22	2879-2880	,	_	_	_	_	
16-23	2881-2884	but	_	_	_	_	
16-24	2885-2886	I	_	_	_	_	
16-25	2887-2892	never	_	_	_	_	
16-26	2893-2904	encountered	_	_	_	_	
16-27	2905-2909	this	_	_	_	_	
16-28	2910-2917	problem	_	_	_	_	
16-29	2918-2924	before	_	_	_	_	
16-30	2925-2926	.	_	_	_	_	
16-31	2928-2936	IMPLICIT	_	_	_	_	
16-32	2937-2944	However	_	_	_	_	
16-33	2944-2945	,	_	_	_	_	
16-34	2946-2947	I	_	_	_	_	
16-35	2948-2954	placed	_	_	_	_	
16-36	2955-2964	something	_	_	_	_	
16-37	2965-2967	in	_	_	_	_	
16-38	2968-2971	the	_	_	_	_	
16-39	2972-2976	back	_	_	_	_	
16-40	2977-2979	of	_	_	_	_	
16-41	2980-2983	the	_	_	_	_	
16-42	2984-2988	heel	_	_	_	_	
16-43	2989-2992	and	_	_	_	_	
16-44	2993-2998	tried	_	_	_	_	
16-45	2999-3004	again	_	_	_	_	
16-46	3005-3010	after	_	_	_	_	
16-47	3011-3014	the	_	_	_	_	
16-48	3015-3022	blister	_	_	_	_	
16-49	3023-3029	heeled	_	_	_	_	
16-50	3030-3033	and	_	_	_	_	
16-51	3034-3037	now	_	_	_	_	
16-52	3038-3039	I	_	_	_	_	
16-53	3040-3044	have	_	_	_	_	
16-54	3045-3052	another	_	_	_	_	
16-55	3053-3060	blister	_	_	_	_	
16-56	3061-3062	.	_	_	_	_	
16-57	3064-3072	IMPLICIT	_	_	_	_	
16-58	3073-3077	This	Direct Opinion[53]	_	_	_	
16-59	3078-3082	time	Direct Opinion[53]	_	_	_	
16-60	3083-3085	on	Direct Opinion[53]	_	_	_	
16-61	3086-3090	both	Direct Opinion[53]	_	_	_	
16-62	3091-3095	feet	Direct Opinion[53]	_	_	_	
16-63	3096-3099	and	Direct Opinion[53]	_	_	_	
16-64	3100-3104	very	Direct Opinion[53]	_	_	_	
16-65	3105-3112	painful	Direct Opinion[53]	_	_	_	
16-66	3113-3114	.	_	_	_	_	
16-67	3116-3124	IMPLICIT	_	_	_	_	
16-68	3125-3129	They	Direct Aspect[54]	_	_	_	
16-69	3130-3135	don't	Direct Aspect[54]	_	_	_	
16-70	3136-3143	perform	Direct Aspect[54]	_	_	_	
16-71	3144-3148	well	Direct Aspect[54]	_	_	_	
16-72	3149-3151	to	_	_	_	_	
16-73	3152-3154	be	_	_	_	_	
16-74	3155-3165	considered	_	_	_	_	
16-75	3166-3167	a	_	_	_	_	
16-76	3168-3175	running	Direct Aspect[55]	Performance#Comfort|Performance#Comfort|Performance#Comfort	Negative|Negative|Negative	16-8[52_55]|16-58[53_55]|16-68[54_55]	
16-77	3176-3180	shoe	Direct Aspect[55]	_	_	_	
16-78	3181-3182	.	_	_	_	_	
16-79	3184-3192	IMPLICIT	_	_	_	_	

#Text=Love the design and comfort, but adidas needs to work on sizing .  IMPLICIT Bought half a size down but still felt loose .  IMPLICIT Bought full size down but feels tight .  IMPLICIT
17-1	3194-3198	Love	Indirect Opinion[56]	_	_	_	
17-2	3199-3202	the	Indirect Opinion[56]	_	_	_	
17-3	3203-3209	design	Indirect Opinion[56]	_	_	_	
17-4	3210-3213	and	_	_	_	_	
17-5	3214-3221	comfort	Indirect Opinion	_	_	_	
17-6	3221-3222	,	_	_	_	_	
17-7	3223-3226	but	_	_	_	_	
17-8	3227-3233	adidas	Direct Aspect	Appearance#Form|Performance#Comfort|Performance#Sizing/Fit|Performance#Sizing/Fit|Performance#Sizing/Fit	Positive|Positive|Negative|Negative|Negative	17-1[56_0]|17-5|17-9[57_0]|17-22[58_0]|17-28[59_0]	
17-9	3234-3239	needs	Indirect Opinion[57]	_	_	_	
17-10	3240-3242	to	Indirect Opinion[57]	_	_	_	
17-11	3243-3247	work	Indirect Opinion[57]	_	_	_	
17-12	3248-3250	on	Indirect Opinion[57]	_	_	_	
17-13	3251-3257	sizing	Indirect Opinion[57]	_	_	_	
17-14	3258-3259	.	_	_	_	_	
17-15	3261-3269	IMPLICIT	_	_	_	_	
17-16	3270-3276	Bought	_	_	_	_	
17-17	3277-3281	half	_	_	_	_	
17-18	3282-3283	a	_	_	_	_	
17-19	3284-3288	size	_	_	_	_	
17-20	3289-3293	down	_	_	_	_	
17-21	3294-3297	but	_	_	_	_	
17-22	3298-3303	still	Indirect Opinion[58]	_	_	_	
17-23	3304-3308	felt	Indirect Opinion[58]	_	_	_	
17-24	3309-3314	loose	Indirect Opinion[58]	_	_	_	
17-25	3315-3316	.	_	_	_	_	
17-26	3318-3326	IMPLICIT	_	_	_	_	
17-27	3327-3333	Bought	_	_	_	_	
17-28	3334-3338	full	Indirect Opinion[59]	_	_	_	
17-29	3339-3343	size	Indirect Opinion[59]	_	_	_	
17-30	3344-3348	down	Indirect Opinion[59]	_	_	_	
17-31	3349-3352	but	Indirect Opinion[59]	_	_	_	
17-32	3353-3358	feels	Indirect Opinion[59]	_	_	_	
17-33	3359-3364	tight	Indirect Opinion[59]	_	_	_	
17-34	3365-3366	.	_	_	_	_	
17-35	3368-3376	IMPLICIT	_	_	_	_	

#Text=Love them .  IMPLICIT I received so many compliments .  IMPLICIT I wish that they came in high top as well IMPLICIT
18-1	3378-3382	Love	Indirect Opinion	_	_	_	
18-2	3383-3387	them	Direct Aspect	Performance#General|Appearance#Form|Style Choices	Positive|Positive|Negative	18-1|18-5[60_0]|18-12[61_0]	
18-3	3388-3389	.	_	_	_	_	
18-4	3391-3399	IMPLICIT	_	_	_	_	
18-5	3400-3401	I	Indirect Opinion[60]	_	_	_	
18-6	3402-3410	received	Indirect Opinion[60]	_	_	_	
18-7	3411-3413	so	Indirect Opinion[60]	_	_	_	
18-8	3414-3418	many	Indirect Opinion[60]	_	_	_	
18-9	3419-3430	compliments	Indirect Opinion[60]	_	_	_	
18-10	3431-3432	.	_	_	_	_	
18-11	3434-3442	IMPLICIT	_	_	_	_	
18-12	3443-3444	I	Indirect Opinion[61]	_	_	_	
18-13	3445-3449	wish	Indirect Opinion[61]	_	_	_	
18-14	3450-3454	that	Indirect Opinion[61]	_	_	_	
18-15	3455-3459	they	Indirect Opinion[61]	_	_	_	
18-16	3460-3464	came	Indirect Opinion[61]	_	_	_	
18-17	3465-3467	in	Indirect Opinion[61]	_	_	_	
18-18	3468-3472	high	Indirect Opinion[61]	_	_	_	
18-19	3473-3476	top	Indirect Opinion[61]	_	_	_	
18-20	3477-3479	as	Indirect Opinion[61]	_	_	_	
18-21	3480-3484	well	Indirect Opinion[61]	_	_	_	
18-22	3485-3493	IMPLICIT	_	_	_	_	

#Text=Loved my v2s and love these .  IMPLICIT Planning to wear them throughout marathon training and my upcoming marathons .  IMPLICIT
19-1	3495-3500	Loved	_	_	_	_	
19-2	3501-3503	my	_	_	_	_	
19-3	3504-3507	v2s	_	_	_	_	
19-4	3508-3511	and	_	_	_	_	
19-5	3512-3516	love	Indirect Opinion	_	_	_	
19-6	3517-3522	these	Direct Aspect	Performance#General|ContextOfUse#Purchase\_Context	Positive|Positive	19-5|19-9[62_0]	
19-7	3523-3524	.	_	_	_	_	
19-8	3526-3534	IMPLICIT	_	_	_	_	
19-9	3535-3543	Planning	Indirect Opinion[62]	_	_	_	
19-10	3544-3546	to	Indirect Opinion[62]	_	_	_	
19-11	3547-3551	wear	Indirect Opinion[62]	_	_	_	
19-12	3552-3556	them	Indirect Opinion[62]	_	_	_	
19-13	3557-3567	throughout	Indirect Opinion[62]	_	_	_	
19-14	3568-3576	marathon	Indirect Opinion[62]	_	_	_	
19-15	3577-3585	training	Indirect Opinion[62]	_	_	_	
19-16	3586-3589	and	_	_	_	_	
19-17	3590-3592	my	_	_	_	_	
19-18	3593-3601	upcoming	_	_	_	_	
19-19	3602-3611	marathons	_	_	_	_	
19-20	3612-3613	.	_	_	_	_	
19-21	3615-3623	IMPLICIT	_	_	_	_	

#Text=Just received my SH today, this is one comfortable shoe !  IMPLICIT I love the colors (I purchased the blue), it feels like I am walking on a cloud !  IMPLICIT
20-1	3625-3629	Just	_	_	_	_	
20-2	3630-3638	received	_	_	_	_	
20-3	3639-3641	my	_	_	_	_	
20-4	3642-3644	SH	Direct Aspect	Performance#Comfort|Appearance#Color|Performance#Comfort	Positive|Positive|Positive	20-9[63_0]|20-14[64_0]|20-26[65_0]	
20-5	3645-3650	today	_	_	_	_	
20-6	3650-3651	,	_	_	_	_	
20-7	3652-3656	this	_	_	_	_	
20-8	3657-3659	is	_	_	_	_	
20-9	3660-3663	one	Indirect Opinion[63]	_	_	_	
20-10	3664-3675	comfortable	Indirect Opinion[63]	_	_	_	
20-11	3676-3680	shoe	Indirect Opinion[63]	_	_	_	
20-12	3681-3682	!	_	_	_	_	
20-13	3684-3692	IMPLICIT	_	_	_	_	
20-14	3693-3694	I	Indirect Opinion[64]	_	_	_	
20-15	3695-3699	love	Indirect Opinion[64]	_	_	_	
20-16	3700-3703	the	Indirect Opinion[64]	_	_	_	
20-17	3704-3710	colors	Indirect Opinion[64]	_	_	_	
20-18	3711-3712	(	_	_	_	_	
20-19	3712-3713	I	_	_	_	_	
20-20	3714-3723	purchased	_	_	_	_	
20-21	3724-3727	the	_	_	_	_	
20-22	3728-3732	blue	_	_	_	_	
20-23	3732-3733	)	_	_	_	_	
20-24	3733-3734	,	_	_	_	_	
20-25	3735-3737	it	_	_	_	_	
20-26	3738-3743	feels	Indirect Opinion[65]	_	_	_	
20-27	3744-3748	like	Indirect Opinion[65]	_	_	_	
20-28	3749-3750	I	Indirect Opinion[65]	_	_	_	
20-29	3751-3753	am	Indirect Opinion[65]	_	_	_	
20-30	3754-3761	walking	Indirect Opinion[65]	_	_	_	
20-31	3762-3764	on	Indirect Opinion[65]	_	_	_	
20-32	3765-3766	a	Indirect Opinion[65]	_	_	_	
20-33	3767-3772	cloud	Indirect Opinion[65]	_	_	_	
20-34	3773-3774	!	_	_	_	_	
20-35	3776-3784	IMPLICIT	_	_	_	_	

#Text=Am a Adidas fan and customer for years now .  IMPLICIT Am new to online shopping so i decide to try it out was disappointing .  IMPLICIT Shoes came in quick ill give you that but they had blue markings by the heal and ankle which means some one has already use them with blue jeans on as i can tell by the old pairs i have .  IMPLICIT
21-1	3786-3788	Am	_	_	_	_	
21-2	3789-3790	a	_	_	_	_	
21-3	3791-3797	Adidas	_	_	_	_	
21-4	3798-3801	fan	_	_	_	_	
21-5	3802-3805	and	_	_	_	_	
21-6	3806-3814	customer	_	_	_	_	
21-7	3815-3818	for	_	_	_	_	
21-8	3819-3824	years	_	_	_	_	
21-9	3825-3828	now	_	_	_	_	
21-10	3829-3830	.	_	_	_	_	
21-11	3832-3840	IMPLICIT	_	_	_	_	
21-12	3841-3843	Am	_	_	_	_	
21-13	3844-3847	new	_	_	_	_	
21-14	3848-3850	to	_	_	_	_	
21-15	3851-3857	online	_	_	_	_	
21-16	3858-3866	shopping	_	_	_	_	
21-17	3867-3869	so	_	_	_	_	
21-18	3870-3871	i	_	_	_	_	
21-19	3872-3878	decide	_	_	_	_	
21-20	3879-3881	to	_	_	_	_	
21-21	3882-3885	try	_	_	_	_	
21-22	3886-3888	it	_	_	_	_	
21-23	3889-3892	out	_	_	_	_	
21-24	3893-3896	was	_	_	_	_	
21-25	3897-3910	disappointing	_	_	_	_	
21-26	3911-3912	.	_	_	_	_	
21-27	3914-3922	IMPLICIT	_	_	_	_	
21-28	3923-3928	Shoes	Indirect Opinion[66]|Direct Aspect[67]	Misc|Appearance#Material	Positive|Negative	21-28[66_67]|21-38[68_67]	
21-29	3929-3933	came	Indirect Opinion[66]	_	_	_	
21-30	3934-3936	in	Indirect Opinion[66]	_	_	_	
21-31	3937-3942	quick	Indirect Opinion[66]	_	_	_	
21-32	3943-3946	ill	_	_	_	_	
21-33	3947-3951	give	_	_	_	_	
21-34	3952-3955	you	_	_	_	_	
21-35	3956-3960	that	_	_	_	_	
21-36	3961-3964	but	_	_	_	_	
21-37	3965-3969	they	_	_	_	_	
21-38	3970-3973	had	Direct Opinion[68]	_	_	_	
21-39	3974-3978	blue	Direct Opinion[68]	_	_	_	
21-40	3979-3987	markings	Direct Opinion[68]	_	_	_	
21-41	3988-3990	by	Direct Opinion[68]	_	_	_	
21-42	3991-3994	the	Direct Opinion[68]	_	_	_	
21-43	3995-3999	heal	Direct Opinion[68]	_	_	_	
21-44	4000-4003	and	Direct Opinion[68]	_	_	_	
21-45	4004-4009	ankle	Direct Opinion[68]	_	_	_	
21-46	4010-4015	which	_	_	_	_	
21-47	4016-4021	means	_	_	_	_	
21-48	4022-4026	some	_	_	_	_	
21-49	4027-4030	one	_	_	_	_	
21-50	4031-4034	has	_	_	_	_	
21-51	4035-4042	already	_	_	_	_	
21-52	4043-4046	use	_	_	_	_	
21-53	4047-4051	them	_	_	_	_	
21-54	4052-4056	with	_	_	_	_	
21-55	4057-4061	blue	_	_	_	_	
21-56	4062-4067	jeans	_	_	_	_	
21-57	4068-4070	on	_	_	_	_	
21-58	4071-4073	as	_	_	_	_	
21-59	4074-4075	i	_	_	_	_	
21-60	4076-4079	can	_	_	_	_	
21-61	4080-4084	tell	_	_	_	_	
21-62	4085-4087	by	_	_	_	_	
21-63	4088-4091	the	_	_	_	_	
21-64	4092-4095	old	_	_	_	_	
21-65	4096-4101	pairs	_	_	_	_	
21-66	4102-4103	i	_	_	_	_	
21-67	4104-4108	have	_	_	_	_	
21-68	4109-4110	.	_	_	_	_	
21-69	4112-4120	IMPLICIT	_	_	_	_	

#Text=I like the style .  IMPLICIT Goes well with a dress or jeans .  IMPLICIT I like them IMPLICIT
22-1	4122-4123	I	Indirect Opinion[69]	_	_	_	
22-2	4124-4128	like	Indirect Opinion[69]	_	_	_	
22-3	4129-4132	the	Indirect Opinion[69]	_	_	_	
22-4	4133-4138	style	Indirect Opinion[69]	_	_	_	
22-5	4139-4140	.	_	_	_	_	
22-6	4142-4150	IMPLICIT	_	_	_	_	
22-7	4151-4155	Goes	Indirect Opinion[70]	_	_	_	
22-8	4156-4160	well	Indirect Opinion[70]	_	_	_	
22-9	4161-4165	with	Indirect Opinion[70]	_	_	_	
22-10	4166-4167	a	Indirect Opinion[70]	_	_	_	
22-11	4168-4173	dress	Indirect Opinion[70]	_	_	_	
22-12	4174-4176	or	Indirect Opinion[70]	_	_	_	
22-13	4177-4182	jeans	Indirect Opinion[70]	_	_	_	
22-14	4183-4184	.	_	_	_	_	
22-15	4186-4194	IMPLICIT	_	_	_	_	
22-16	4195-4196	I	_	_	_	_	
22-17	4197-4201	like	Indirect Opinion	_	_	_	
22-18	4202-4206	them	Direct Aspect	Performance#General|Versatility|Appearance#Form	Positive|Positive|Positive	22-17|22-7[70_0]|22-1[69_0]	
22-19	4207-4215	IMPLICIT	_	_	_	_	

#Text=I love these sneakers and the heart on the side is perfect .  IMPLICIT They are extremely comfortable and fit true to size .  IMPLICIT Highly recommend !  IMPLICIT
23-1	4217-4218	I	_	_	_	_	
23-2	4219-4223	love	Indirect Opinion	_	_	_	
23-3	4224-4229	these	_	_	_	_	
23-4	4230-4238	sneakers	Direct Aspect	Performance#General|Appearance#Shoe Component|Performance#Comfort|Performance#Sizing/Fit|Cost/Value	Positive|Positive|Positive|Positive|Positive	23-2|23-7[71_0]|23-17[72_0]|23-20[73_0]|23-26[74_0]	
23-5	4239-4242	and	_	_	_	_	
23-6	4243-4246	the	_	_	_	_	
23-7	4247-4252	heart	Indirect Opinion[71]	_	_	_	
23-8	4253-4255	on	Indirect Opinion[71]	_	_	_	
23-9	4256-4259	the	Indirect Opinion[71]	_	_	_	
23-10	4260-4264	side	Indirect Opinion[71]	_	_	_	
23-11	4265-4267	is	Indirect Opinion[71]	_	_	_	
23-12	4268-4275	perfect	Indirect Opinion[71]	_	_	_	
23-13	4276-4277	.	_	_	_	_	
23-14	4279-4287	IMPLICIT	_	_	_	_	
23-15	4288-4292	They	_	_	_	_	
23-16	4293-4296	are	_	_	_	_	
23-17	4297-4306	extremely	Indirect Opinion[72]	_	_	_	
23-18	4307-4318	comfortable	Indirect Opinion[72]	_	_	_	
23-19	4319-4322	and	_	_	_	_	
23-20	4323-4326	fit	Indirect Opinion[73]	_	_	_	
23-21	4327-4331	true	Indirect Opinion[73]	_	_	_	
23-22	4332-4334	to	Indirect Opinion[73]	_	_	_	
23-23	4335-4339	size	Indirect Opinion[73]	_	_	_	
23-24	4340-4341	.	_	_	_	_	
23-25	4343-4351	IMPLICIT	_	_	_	_	
23-26	4352-4358	Highly	Indirect Opinion[74]	_	_	_	
23-27	4359-4368	recommend	Indirect Opinion[74]	_	_	_	
23-28	4369-4370	!	_	_	_	_	
23-29	4372-4380	IMPLICIT	_	_	_	_	

#Text=It's a great fitting and comfortable shoe and looks great .  IMPLICIT However, the non-string-through design of the lace (using a thin string on top of the shoe) is destined to fail (and already has) the first chance you're looking to get a tight fit .  IMPLICIT I wouldn't buy this shoe again .  IMPLICIT
24-1	4382-4386	It's	_	_	_	_	
24-2	4387-4388	a	_	_	_	_	
24-3	4389-4394	great	Indirect Opinion[75]	_	_	_	
24-4	4395-4402	fitting	Indirect Opinion[75]	_	_	_	
24-5	4403-4406	and	_	_	_	_	
24-6	4407-4418	comfortable	Indirect Opinion	_	_	_	
24-7	4419-4423	shoe	Direct Aspect	Performance#Sizing/Fit|Performance#Comfort|Appearance#Form|Performance#Durability|Cost/Value	Positive|Positive|Positive|Negative|Negative	24-3[75_0]|24-6|24-9[76_0]|24-16[77_0]|24-53[78_0]	
24-8	4424-4427	and	_	_	_	_	
24-9	4428-4433	looks	Indirect Opinion[76]	_	_	_	
24-10	4434-4439	great	Indirect Opinion[76]	_	_	_	
24-11	4440-4441	.	_	_	_	_	
24-12	4443-4451	IMPLICIT	_	_	_	_	
24-13	4452-4459	However	_	_	_	_	
24-14	4459-4460	,	_	_	_	_	
24-15	4461-4464	the	_	_	_	_	
24-16	4465-4483	non-string-through	Indirect Opinion[77]	_	_	_	
24-17	4484-4490	design	Indirect Opinion[77]	_	_	_	
24-18	4491-4493	of	Indirect Opinion[77]	_	_	_	
24-19	4494-4497	the	Indirect Opinion[77]	_	_	_	
24-20	4498-4502	lace	Indirect Opinion[77]	_	_	_	
24-21	4503-4504	(	Indirect Opinion[77]	_	_	_	
24-22	4504-4509	using	Indirect Opinion[77]	_	_	_	
24-23	4510-4511	a	Indirect Opinion[77]	_	_	_	
24-24	4512-4516	thin	Indirect Opinion[77]	_	_	_	
24-25	4517-4523	string	Indirect Opinion[77]	_	_	_	
24-26	4524-4526	on	Indirect Opinion[77]	_	_	_	
24-27	4527-4530	top	Indirect Opinion[77]	_	_	_	
24-28	4531-4533	of	Indirect Opinion[77]	_	_	_	
24-29	4534-4537	the	Indirect Opinion[77]	_	_	_	
24-30	4538-4542	shoe	Indirect Opinion[77]	_	_	_	
24-31	4542-4543	)	Indirect Opinion[77]	_	_	_	
24-32	4544-4546	is	Indirect Opinion[77]	_	_	_	
24-33	4547-4555	destined	Indirect Opinion[77]	_	_	_	
24-34	4556-4558	to	Indirect Opinion[77]	_	_	_	
24-35	4559-4563	fail	Indirect Opinion[77]	_	_	_	
24-36	4564-4565	(	_	_	_	_	
24-37	4565-4568	and	_	_	_	_	
24-38	4569-4576	already	_	_	_	_	
24-39	4577-4580	has	_	_	_	_	
24-40	4580-4581	)	_	_	_	_	
24-41	4582-4585	the	_	_	_	_	
24-42	4586-4591	first	_	_	_	_	
24-43	4592-4598	chance	_	_	_	_	
24-44	4599-4605	you're	_	_	_	_	
24-45	4606-4613	looking	_	_	_	_	
24-46	4614-4616	to	_	_	_	_	
24-47	4617-4620	get	_	_	_	_	
24-48	4621-4622	a	_	_	_	_	
24-49	4623-4628	tight	_	_	_	_	
24-50	4629-4632	fit	_	_	_	_	
24-51	4633-4634	.	_	_	_	_	
24-52	4636-4644	IMPLICIT	_	_	_	_	
24-53	4645-4646	I	Indirect Opinion[78]	_	_	_	
24-54	4647-4655	wouldn't	Indirect Opinion[78]	_	_	_	
24-55	4656-4659	buy	Indirect Opinion[78]	_	_	_	
24-56	4660-4664	this	Indirect Opinion[78]	_	_	_	
24-57	4665-4669	shoe	Indirect Opinion[78]	_	_	_	
24-58	4670-4675	again	Indirect Opinion[78]	_	_	_	
24-59	4676-4677	.	_	_	_	_	
24-60	4679-4687	IMPLICIT	_	_	_	_	

#Text=Reviews said it takes a long time to break in but I broke mine in pretty fast/easily .  IMPLICIT Within two days at least .  IMPLICIT I have a desk job that requires black shoes so I just wore them while sitting there and broke them in that way .  IMPLICIT They look awesome and feel great 10/10 would curbstomp again IMPLICIT
25-1	4689-4696	Reviews	_	_	_	_	
25-2	4697-4701	said	_	_	_	_	
25-3	4702-4704	it	_	_	_	_	
25-4	4705-4710	takes	_	_	_	_	
25-5	4711-4712	a	_	_	_	_	
25-6	4713-4717	long	_	_	_	_	
25-7	4718-4722	time	_	_	_	_	
25-8	4723-4725	to	_	_	_	_	
25-9	4726-4731	break	_	_	_	_	
25-10	4732-4734	in	_	_	_	_	
25-11	4735-4738	but	_	_	_	_	
25-12	4739-4740	I	Indirect Opinion[79]	_	_	_	
25-13	4741-4746	broke	Indirect Opinion[79]	_	_	_	
25-14	4747-4751	mine	Indirect Opinion[79]	_	_	_	
25-15	4752-4754	in	Indirect Opinion[79]	_	_	_	
25-16	4755-4761	pretty	Indirect Opinion[79]	_	_	_	
25-17	4762-4766	fast	Indirect Opinion[79]	_	_	_	
25-18	4766-4767	/	Indirect Opinion[79]	_	_	_	
25-19	4767-4773	easily	Indirect Opinion[79]	_	_	_	
25-20	4774-4775	.	_	_	_	_	
25-21	4777-4785	IMPLICIT	_	_	_	_	
25-22	4786-4792	Within	Indirect Opinion[80]	_	_	_	
25-23	4793-4796	two	Indirect Opinion[80]	_	_	_	
25-24	4797-4801	days	Indirect Opinion[80]	_	_	_	
25-25	4802-4804	at	Indirect Opinion[80]	_	_	_	
25-26	4805-4810	least	Indirect Opinion[80]	_	_	_	
25-27	4811-4812	.	_	_	_	_	
25-28	4814-4822	IMPLICIT	_	_	_	_	
25-29	4823-4824	I	Indirect Opinion[81]	_	_	_	
25-30	4825-4829	have	Indirect Opinion[81]	_	_	_	
25-31	4830-4831	a	Indirect Opinion[81]	_	_	_	
25-32	4832-4836	desk	Indirect Opinion[81]	_	_	_	
25-33	4837-4840	job	Indirect Opinion[81]	_	_	_	
25-34	4841-4845	that	Indirect Opinion[81]	_	_	_	
25-35	4846-4854	requires	Indirect Opinion[81]	_	_	_	
25-36	4855-4860	black	Indirect Opinion[81]	_	_	_	
25-37	4861-4866	shoes	Indirect Opinion[81]	_	_	_	
25-38	4867-4869	so	_	_	_	_	
25-39	4870-4871	I	_	_	_	_	
25-40	4872-4876	just	_	_	_	_	
25-41	4877-4881	wore	_	_	_	_	
25-42	4882-4886	them	Direct Aspect	Performance#Comfort|ContextOfUse#Review\_Temporality|ContextOfUse#Purchase\_Context|Appearance#Form|Performance#Comfort|Cost/Value	Positive|Positive|Positive|Positive|Positive|Positive	25-12[79_0]|25-22[80_0]|25-29[81_0]|25-55[82_0]|25-58[83_0]|25-60[84_0]	
25-43	4887-4892	while	_	_	_	_	
25-44	4893-4900	sitting	_	_	_	_	
25-45	4901-4906	there	_	_	_	_	
25-46	4907-4910	and	_	_	_	_	
25-47	4911-4916	broke	_	_	_	_	
25-48	4917-4921	them	_	_	_	_	
25-49	4922-4924	in	_	_	_	_	
25-50	4925-4929	that	_	_	_	_	
25-51	4930-4933	way	_	_	_	_	
25-52	4934-4935	.	_	_	_	_	
25-53	4937-4945	IMPLICIT	_	_	_	_	
25-54	4946-4950	They	_	_	_	_	
25-55	4951-4955	look	Indirect Opinion[82]	_	_	_	
25-56	4956-4963	awesome	Indirect Opinion[82]	_	_	_	
25-57	4964-4967	and	_	_	_	_	
25-58	4968-4972	feel	Indirect Opinion[83]	_	_	_	
25-59	4973-4978	great	Indirect Opinion[83]	_	_	_	
25-60	4979-4981	10	Indirect Opinion[84]	_	_	_	
25-61	4981-4982	/	Indirect Opinion[84]	_	_	_	
25-62	4982-4984	10	Indirect Opinion[84]	_	_	_	
25-63	4985-4990	would	_	_	_	_	
25-64	4991-5000	curbstomp	_	_	_	_	
25-65	5001-5006	again	_	_	_	_	
25-66	5007-5015	IMPLICIT	_	_	_	_	
