#FORMAT=WebAnno TSV 3.3
#T_SP=webanno.custom.Aspect|MentionType
#T_RL=webanno.custom.Sentiment|Category|Polarity|BT_webanno.custom.Aspect


#Text=Size 12 is too small and size 13 is too big .  IMPLICIT For such a standard and prominent shoe, I would expect there to be a size 12 . 5 .  IMPLICIT Had to return .  IMPLICIT
1-1	0-4	Size	Direct Aspect[1]	_	_	_	
1-2	5-7	12	Direct Aspect[1]	_	_	_	
1-3	8-10	is	_	_	_	_	
1-4	11-14	too	Direct Opinion[2]	Performance#Sizing/Fit	Negative	1-1[1_2]	
1-5	15-20	small	Direct Opinion[2]	_	_	_	
1-6	21-24	and	_	_	_	_	
1-7	25-29	size	Direct Aspect[3]	_	_	_	
1-8	30-32	13	Direct Aspect[3]	_	_	_	
1-9	33-35	is	_	_	_	_	
1-10	36-39	too	Direct Opinion[4]	Performance#Sizing/Fit	Negative	1-7[3_4]	
1-11	40-43	big	Direct Opinion[4]	_	_	_	
1-12	44-45	.	_	_	_	_	
1-13	47-55	IMPLICIT	_	_	_	_	
1-14	56-59	For	_	_	_	_	
1-15	60-64	such	_	_	_	_	
1-16	65-66	a	_	_	_	_	
1-17	67-75	standard	Direct Opinion[5]	Performance#General	Positive	1-34[0_5]	
1-18	76-79	and	Direct Opinion[5]	_	_	_	
1-19	80-89	prominent	Direct Opinion[5]	_	_	_	
1-20	90-94	shoe	_	_	_	_	
1-21	94-95	,	_	_	_	_	
1-22	96-97	I	_	_	_	_	
1-23	98-103	would	_	_	_	_	
1-24	104-110	expect	_	_	_	_	
1-25	111-116	there	_	_	_	_	
1-26	117-119	to	_	_	_	_	
1-27	120-122	be	_	_	_	_	
1-28	123-124	a	_	_	_	_	
1-29	125-129	size	_	_	_	_	
1-30	130-132	12	_	_	_	_	
1-31	133-134	.	_	_	_	_	
1-32	135-136	5	_	_	_	_	
1-33	137-138	.	_	_	_	_	
1-34	140-148	IMPLICIT	Direct Aspect	_	_	_	
1-35	149-152	Had	Indirect Opinion[6]	Misc	Negative	1-39[0_6]	
1-36	153-155	to	Indirect Opinion[6]	_	_	_	
1-37	156-162	return	Indirect Opinion[6]	_	_	_	
1-38	163-164	.	_	_	_	_	
1-39	166-174	IMPLICIT	Direct Aspect	_	_	_	

#Text=These shoes have a lot of cushion and feel great but don't have a lot of ankle support .  IMPLICIT I read a lot of the reviews that suggested to size up half size but I wish I would've stuck with my normal 7 . 5 instead of getting an 8 .  IMPLICIT
2-1	176-181	These	Direct Aspect[7]	_	_	_	
2-2	182-187	shoes	Direct Aspect[7]	_	_	_	
2-3	188-192	have	Indirect Opinion[8]	Appearance#Form	Neutral	2-1[7_8]	
2-4	193-194	a	Indirect Opinion[8]	_	_	_	
2-5	195-198	lot	Indirect Opinion[8]	_	_	_	
2-6	199-201	of	Indirect Opinion[8]	_	_	_	
2-7	202-209	cushion	Indirect Opinion[8]	_	_	_	
2-8	210-213	and	_	_	_	_	
2-9	214-218	feel	Direct Opinion[9]	Performance#General	Positive	2-1[7_9]	
2-10	219-224	great	Direct Opinion[9]	_	_	_	
2-11	225-228	but	_	_	_	_	
2-12	229-234	don't	Indirect Opinion[10]	Performance#Support/Stability	Negative	2-1[7_10]	
2-13	235-239	have	Indirect Opinion[10]	_	_	_	
2-14	240-241	a	Indirect Opinion[10]	_	_	_	
2-15	242-245	lot	Indirect Opinion[10]	_	_	_	
2-16	246-248	of	Indirect Opinion[10]	_	_	_	
2-17	249-254	ankle	Indirect Opinion[10]	_	_	_	
2-18	255-262	support	Indirect Opinion[10]	_	_	_	
2-19	263-264	.	_	_	_	_	
2-20	266-274	IMPLICIT	_	_	_	_	
2-21	275-276	I	_	_	_	_	
2-22	277-281	read	_	_	_	_	
2-23	282-283	a	_	_	_	_	
2-24	284-287	lot	_	_	_	_	
2-25	288-290	of	_	_	_	_	
2-26	291-294	the	_	_	_	_	
2-27	295-302	reviews	_	_	_	_	
2-28	303-307	that	_	_	_	_	
2-29	308-317	suggested	_	_	_	_	
2-30	318-320	to	_	_	_	_	
2-31	321-325	size	_	_	_	_	
2-32	326-328	up	_	_	_	_	
2-33	329-333	half	_	_	_	_	
2-34	334-338	size	_	_	_	_	
2-35	339-342	but	_	_	_	_	
2-36	343-344	I	_	_	_	_	
2-37	345-349	wish	_	_	_	_	
2-38	350-351	I	_	_	_	_	
2-39	352-360	would've	_	_	_	_	
2-40	361-366	stuck	Indirect Opinion[11]	Performance#Sizing/Fit	Neutral	2-53[0_11]	
2-41	367-371	with	Indirect Opinion[11]	_	_	_	
2-42	372-374	my	Indirect Opinion[11]	_	_	_	
2-43	375-381	normal	Indirect Opinion[11]	_	_	_	
2-44	382-383	7	Indirect Opinion[11]	_	_	_	
2-45	384-385	.	Indirect Opinion[11]	_	_	_	
2-46	386-387	5	Indirect Opinion[11]	_	_	_	
2-47	388-395	instead	Indirect Opinion[11]	_	_	_	
2-48	396-398	of	Indirect Opinion[11]	_	_	_	
2-49	399-406	getting	Indirect Opinion[11]	_	_	_	
2-50	407-409	an	Indirect Opinion[11]	_	_	_	
2-51	410-411	8	Indirect Opinion[11]	_	_	_	
2-52	412-413	.	_	_	_	_	
2-53	415-423	IMPLICIT	Direct Aspect	_	_	_	

#Text=Bought these in Navy for my 15 year old son .  IMPLICIT He wore them to school for 4 days and the rubber sole came unglued and he had to walk around with a floppy shoe .  IMPLICIT Now they are parked in the shoe rack waiting on a response from customer service .  IMPLICIT Love new balance shoes and these are really good looking shoes but disappointed that now I have to spend money to glue them together after 4 days of use !  IMPLICIT  !  IMPLICIT
3-1	425-431	Bought	_	_	_	_	
3-2	432-437	these	_	_	_	_	
3-3	438-440	in	_	_	_	_	
3-4	441-445	Navy	_	_	_	_	
3-5	446-449	for	Indirect Opinion[12]	ContextOfUse#Purchase\_Context	Neutral	3-12[0_12]	
3-6	450-452	my	Indirect Opinion[12]	_	_	_	
3-7	453-455	15	Indirect Opinion[12]	_	_	_	
3-8	456-460	year	Indirect Opinion[12]	_	_	_	
3-9	461-464	old	Indirect Opinion[12]	_	_	_	
3-10	465-468	son	Indirect Opinion[12]	_	_	_	
3-11	469-470	.	_	_	_	_	
3-12	472-480	IMPLICIT	Direct Aspect	_	_	_	
3-13	481-483	He	_	_	_	_	
3-14	484-488	wore	Indirect Opinion[13]	ContextOfUse#Use case	Neutral	3-38[0_13]	
3-15	489-493	them	Indirect Opinion[13]	_	_	_	
3-16	494-496	to	Indirect Opinion[13]	_	_	_	
3-17	497-503	school	Indirect Opinion[13]	_	_	_	
3-18	504-507	for	_	_	_	_	
3-19	508-509	4	_	_	_	_	
3-20	510-514	days	_	_	_	_	
3-21	515-518	and	_	_	_	_	
3-22	519-522	the	_	_	_	_	
3-23	523-529	rubber	Direct Aspect[14]	_	_	_	
3-24	530-534	sole	Direct Aspect[14]	_	_	_	
3-25	535-539	came	_	_	_	_	
3-26	540-547	unglued	Indirect Opinion	Appearance#Shoe Component|Performance#Durability|Performance#Use Case Applicability	Negative|Negative|Negative	3-23[14_0]|3-23[14_0]|3-23[14_0]	
3-27	548-551	and	_	_	_	_	
3-28	552-554	he	_	_	_	_	
3-29	555-558	had	_	_	_	_	
3-30	559-561	to	_	_	_	_	
3-31	562-566	walk	_	_	_	_	
3-32	567-573	around	_	_	_	_	
3-33	574-578	with	_	_	_	_	
3-34	579-580	a	_	_	_	_	
3-35	581-587	floppy	Indirect Opinion	Performance#Durability|Appearance#Shoe Component	Negative|Negative	3-38|3-38	
3-36	588-592	shoe	_	_	_	_	
3-37	593-594	.	_	_	_	_	
3-38	596-604	IMPLICIT	Direct Aspect	_	_	_	
3-39	605-608	Now	_	_	_	_	
3-40	609-613	they	_	_	_	_	
3-41	614-617	are	_	_	_	_	
3-42	618-624	parked	_	_	_	_	
3-43	625-627	in	_	_	_	_	
3-44	628-631	the	_	_	_	_	
3-45	632-636	shoe	_	_	_	_	
3-46	637-641	rack	_	_	_	_	
3-47	642-649	waiting	_	_	_	_	
3-48	650-652	on	_	_	_	_	
3-49	653-654	a	_	_	_	_	
3-50	655-663	response	_	_	_	_	
3-51	664-668	from	_	_	_	_	
3-52	669-677	customer	_	_	_	_	
3-53	678-685	service	_	_	_	_	
3-54	686-687	.	_	_	_	_	
3-55	689-697	IMPLICIT	_	_	_	_	
3-56	698-702	Love	Direct Opinion	Performance#General	Positive	3-57[15_0]	
3-57	703-706	new	Direct Aspect[15]	_	_	_	
3-58	707-714	balance	Direct Aspect[15]	_	_	_	
3-59	715-720	shoes	Direct Aspect[15]	_	_	_	
3-60	721-724	and	_	_	_	_	
3-61	725-730	these	_	_	_	_	
3-62	731-734	are	_	_	_	_	
3-63	735-741	really	_	_	_	_	
3-64	742-746	good	Direct Opinion[16]	Appearance#Misc	Positive	3-88[0_16]	
3-65	747-754	looking	Direct Opinion[16]	_	_	_	
3-66	755-760	shoes	_	_	_	_	
3-67	761-764	but	_	_	_	_	
3-68	765-777	disappointed	Indirect Opinion[17]	Performance#Durability	Negative	3-88[0_17]	
3-69	778-782	that	Indirect Opinion[17]	_	_	_	
3-70	783-786	now	Indirect Opinion[17]	_	_	_	
3-71	787-788	I	Indirect Opinion[17]	_	_	_	
3-72	789-793	have	Indirect Opinion[17]	_	_	_	
3-73	794-796	to	Indirect Opinion[17]	_	_	_	
3-74	797-802	spend	Indirect Opinion[17]	_	_	_	
3-75	803-808	money	Indirect Opinion[17]	_	_	_	
3-76	809-811	to	Indirect Opinion[17]	_	_	_	
3-77	812-816	glue	Indirect Opinion[17]	_	_	_	
3-78	817-821	them	Indirect Opinion[17]	_	_	_	
3-79	822-830	together	Indirect Opinion[17]	_	_	_	
3-80	831-836	after	Indirect Opinion[17]	_	_	_	
3-81	837-838	4	Indirect Opinion[17]	_	_	_	
3-82	839-843	days	Indirect Opinion[17]	_	_	_	
3-83	844-846	of	Indirect Opinion[17]	_	_	_	
3-84	847-850	use	Indirect Opinion[17]	_	_	_	
3-85	851-852	!	_	_	_	_	
3-86	854-862	IMPLICIT	_	_	_	_	
3-87	864-865	!	_	_	_	_	
3-88	867-875	IMPLICIT	Direct Aspect	_	_	_	

#Text=I usually don't wear throw back style if sneakers but the colorway is what got me .  IMPLICIT The blue is vibrant and the slight red details are nice .  IMPLICIT They are a bit heavy and wider than I like but good for just wearing around town with some shorts or jeans .  IMPLICIT
4-1	877-878	I	_	_	_	_	
4-2	879-886	usually	_	_	_	_	
4-3	887-892	don't	_	_	_	_	
4-4	893-897	wear	_	_	_	_	
4-5	898-903	throw	_	_	_	_	
4-6	904-908	back	_	_	_	_	
4-7	909-914	style	_	_	_	_	
4-8	915-917	if	_	_	_	_	
4-9	918-926	sneakers	_	_	_	_	
4-10	927-930	but	_	_	_	_	
4-11	931-934	the	_	_	_	_	
4-12	935-943	colorway	Direct Aspect	_	_	_	
4-13	944-946	is	_	_	_	_	
4-14	947-951	what	_	_	_	_	
4-15	952-955	got	Direct Opinion[18]	Performance#General	Positive	4-12[0_18]	
4-16	956-958	me	Direct Opinion[18]	_	_	_	
4-17	959-960	.	_	_	_	_	
4-18	962-970	IMPLICIT	_	_	_	_	
4-19	971-974	The	_	_	_	_	
4-20	975-979	blue	Direct Aspect	_	_	_	
4-21	980-982	is	_	_	_	_	
4-22	983-990	vibrant	Indirect Opinion	Appearance#Color	Positive	4-20	
4-23	991-994	and	_	_	_	_	
4-24	995-998	the	_	_	_	_	
4-25	999-1005	slight	Direct Aspect[19]	_	_	_	
4-26	1006-1009	red	Direct Aspect[19]	_	_	_	
4-27	1010-1017	details	Direct Aspect[19]	_	_	_	
4-28	1018-1021	are	_	_	_	_	
4-29	1022-1026	nice	Direct Opinion	Appearance#Color	Positive	4-25[19_0]	
4-30	1027-1028	.	_	_	_	_	
4-31	1030-1038	IMPLICIT	_	_	_	_	
4-32	1039-1043	They	_	_	_	_	
4-33	1044-1047	are	_	_	_	_	
4-34	1048-1049	a	Indirect Opinion[20]	Misc	Negative	4-55[0_20]	
4-35	1050-1053	bit	Indirect Opinion[20]	_	_	_	
4-36	1054-1059	heavy	Indirect Opinion[20]	_	_	_	
4-37	1060-1063	and	_	_	_	_	
4-38	1064-1069	wider	Indirect Opinion[21]	Performance#Sizing/Fit	Negative	4-55[0_21]	
4-39	1070-1074	than	Indirect Opinion[21]	_	_	_	
4-40	1075-1076	I	Indirect Opinion[21]	_	_	_	
4-41	1077-1081	like	Indirect Opinion[21]	_	_	_	
4-42	1082-1085	but	_	_	_	_	
4-43	1086-1090	good	Indirect Opinion[22]	Performance#Use Case Applicability	Positive	4-55[0_22]	
4-44	1091-1094	for	Indirect Opinion[22]	_	_	_	
4-45	1095-1099	just	Indirect Opinion[22]	_	_	_	
4-46	1100-1107	wearing	Indirect Opinion[22]	_	_	_	
4-47	1108-1114	around	Indirect Opinion[22]	_	_	_	
4-48	1115-1119	town	Indirect Opinion[22]	_	_	_	
4-49	1120-1124	with	Indirect Opinion[22]	_	_	_	
4-50	1125-1129	some	Indirect Opinion[22]	_	_	_	
4-51	1130-1136	shorts	Indirect Opinion[22]	_	_	_	
4-52	1137-1139	or	Indirect Opinion[22]	_	_	_	
4-53	1140-1145	jeans	Indirect Opinion[22]	_	_	_	
4-54	1146-1147	.	_	_	_	_	
4-55	1149-1157	IMPLICIT	Direct Aspect	_	_	_	

#Text=Within 2 weeks one shoe the outside N started peeling .  IMPLICIT A week later over half was pulled away so just pulled it the rest of the way off .  IMPLICIT Not much later the other shoe started doing the same .  IMPLICIT Go back to stitching your logo on if you want free advertisement !  IMPLICIT
5-1	1159-1165	Within	_	_	_	_	
5-2	1166-1167	2	_	_	_	_	
5-3	1168-1173	weeks	_	_	_	_	
5-4	1174-1177	one	Direct Aspect[23]	_	_	_	
5-5	1178-1182	shoe	Direct Aspect[23]	_	_	_	
5-6	1183-1186	the	Direct Aspect[23]	_	_	_	
5-7	1187-1194	outside	Direct Aspect[23]	_	_	_	
5-8	1195-1196	N	Direct Aspect[23]	_	_	_	
5-9	1197-1204	started	_	_	_	_	
5-10	1205-1212	peeling	Indirect Opinion	Performance#Durability	Negative	5-4[23_0]	
5-11	1213-1214	.	_	_	_	_	
5-12	1216-1224	IMPLICIT	_	_	_	_	
5-13	1225-1226	A	_	_	_	_	
5-14	1227-1231	week	_	_	_	_	
5-15	1232-1237	later	_	_	_	_	
5-16	1238-1242	over	_	_	_	_	
5-17	1243-1247	half	_	_	_	_	
5-18	1248-1251	was	_	_	_	_	
5-19	1252-1258	pulled	Indirect Opinion[24]	Performance#Durability	Negative	5-32[0_24]	
5-20	1259-1263	away	Indirect Opinion[24]	_	_	_	
5-21	1264-1266	so	_	_	_	_	
5-22	1267-1271	just	_	_	_	_	
5-23	1272-1278	pulled	_	_	_	_	
5-24	1279-1281	it	_	_	_	_	
5-25	1282-1285	the	_	_	_	_	
5-26	1286-1290	rest	_	_	_	_	
5-27	1291-1293	of	_	_	_	_	
5-28	1294-1297	the	_	_	_	_	
5-29	1298-1301	way	_	_	_	_	
5-30	1302-1305	off	_	_	_	_	
5-31	1306-1307	.	_	_	_	_	
5-32	1309-1317	IMPLICIT	Direct Aspect	_	_	_	
5-33	1318-1321	Not	_	_	_	_	
5-34	1322-1326	much	_	_	_	_	
5-35	1327-1332	later	_	_	_	_	
5-36	1333-1336	the	Direct Aspect[25]	_	_	_	
5-37	1337-1342	other	Direct Aspect[25]	_	_	_	
5-38	1343-1347	shoe	Direct Aspect[25]	_	_	_	
5-39	1348-1355	started	_	_	_	_	
5-40	1356-1361	doing	Indirect Opinion[26]	Performance#Durability	Negative	5-36[25_26]	
5-41	1362-1365	the	Indirect Opinion[26]	_	_	_	
5-42	1366-1370	same	Indirect Opinion[26]	_	_	_	
5-43	1371-1372	.	_	_	_	_	
5-44	1374-1382	IMPLICIT	_	_	_	_	
5-45	1383-1385	Go	Indirect Opinion[27]	Misc|Appearance#Form	Negative|Negative	5-58[0_27]|5-58[0_27]	
5-46	1386-1390	back	Indirect Opinion[27]	_	_	_	
5-47	1391-1393	to	Indirect Opinion[27]	_	_	_	
5-48	1394-1403	stitching	Indirect Opinion[27]	_	_	_	
5-49	1404-1408	your	Indirect Opinion[27]	_	_	_	
5-50	1409-1413	logo	Indirect Opinion[27]	_	_	_	
5-51	1414-1416	on	Indirect Opinion[27]	_	_	_	
5-52	1417-1419	if	Indirect Opinion[27]	_	_	_	
5-53	1420-1423	you	Indirect Opinion[27]	_	_	_	
5-54	1424-1428	want	Indirect Opinion[27]	_	_	_	
5-55	1429-1433	free	Indirect Opinion[27]	_	_	_	
5-56	1434-1447	advertisement	Indirect Opinion[27]	_	_	_	
5-57	1448-1449	!	_	_	_	_	
5-58	1451-1459	IMPLICIT	Direct Aspect	_	_	_	

#Text=Really, really needed these for an event .  IMPLICIT Ordered my usual adidas size .  IMPLICIT To my surprise, they were way too small .  IMPLICIT I returned them .  IMPLICIT
6-1	1461-1467	Really	_	_	_	_	
6-2	1467-1468	,	_	_	_	_	
6-3	1469-1475	really	_	_	_	_	
6-4	1476-1482	needed	Indirect Opinion[28]	ContextOfUse#Purchase\_Context	Neutral	6-10[0_28]	
6-5	1483-1488	these	Indirect Opinion[28]	_	_	_	
6-6	1489-1492	for	Indirect Opinion[28]	_	_	_	
6-7	1493-1495	an	Indirect Opinion[28]	_	_	_	
6-8	1496-1501	event	Indirect Opinion[28]	_	_	_	
6-9	1502-1503	.	_	_	_	_	
6-10	1505-1513	IMPLICIT	Direct Aspect	_	_	_	
6-11	1514-1521	Ordered	_	_	_	_	
6-12	1522-1524	my	_	_	_	_	
6-13	1525-1530	usual	_	_	_	_	
6-14	1531-1537	adidas	_	_	_	_	
6-15	1538-1542	size	_	_	_	_	
6-16	1543-1544	.	_	_	_	_	
6-17	1546-1554	IMPLICIT	_	_	_	_	
6-18	1555-1557	To	_	_	_	_	
6-19	1558-1560	my	_	_	_	_	
6-20	1561-1569	surprise	_	_	_	_	
6-21	1569-1570	,	_	_	_	_	
6-22	1571-1575	they	_	_	_	_	
6-23	1576-1580	were	_	_	_	_	
6-24	1581-1584	way	_	_	_	_	
6-25	1585-1588	too	Indirect Opinion[29]	Performance#Sizing/Fit	Negative	6-28[0_29]	
6-26	1589-1594	small	Indirect Opinion[29]	_	_	_	
6-27	1595-1596	.	_	_	_	_	
6-28	1598-1606	IMPLICIT	Direct Aspect	_	_	_	
6-29	1607-1608	I	_	_	_	_	
6-30	1609-1617	returned	Indirect Opinion	Misc|Performance#General	Negative|Negative	6-33|6-33	
6-31	1618-1622	them	_	_	_	_	
6-32	1623-1624	.	_	_	_	_	
6-33	1626-1634	IMPLICIT	Direct Aspect	_	_	_	

#Text=A lot of flexibility is provided with shoes .  IMPLICIT Absolutely love the comfort during running and workouts .  IMPLICIT Definite buy for anyone looking at comfort and performance IMPLICIT
7-1	1636-1637	A	Indirect Opinion[30]	Performance#Comfort|Performance#Misc	Positive|Positive	7-8[0_30]|7-8[0_30]	
7-2	1638-1641	lot	Indirect Opinion[30]	_	_	_	
7-3	1642-1644	of	Indirect Opinion[30]	_	_	_	
7-4	1645-1656	flexibility	Indirect Opinion[30]	_	_	_	
7-5	1657-1659	is	Indirect Opinion[30]	_	_	_	
7-6	1660-1668	provided	Indirect Opinion[30]	_	_	_	
7-7	1669-1673	with	_	_	_	_	
7-8	1674-1679	shoes	Direct Aspect	_	_	_	
7-9	1680-1681	.	_	_	_	_	
7-10	1683-1691	IMPLICIT	_	_	_	_	
7-11	1692-1702	Absolutely	_	_	_	_	
7-12	1703-1707	love	Direct Opinion	Performance#Comfort|Performance#Use Case Applicability|ContextOfUse#Use case	Positive|Positive|Positive	7-14[31_0]|7-14[31_0]|7-14[31_0]	
7-13	1708-1711	the	_	_	_	_	
7-14	1712-1719	comfort	Direct Aspect[31]	_	_	_	
7-15	1720-1726	during	Direct Aspect[31]	_	_	_	
7-16	1727-1734	running	Direct Aspect[31]	_	_	_	
7-17	1735-1738	and	Direct Aspect[31]	_	_	_	
7-18	1739-1747	workouts	Direct Aspect[31]	_	_	_	
7-19	1748-1749	.	_	_	_	_	
7-20	1751-1759	IMPLICIT	_	_	_	_	
7-21	1760-1768	Definite	_	_	_	_	
7-22	1769-1772	buy	Indirect Opinion[32]	Performance#Comfort|Performance#General	Positive|Positive	7-30[0_32]|7-30[0_32]	
7-23	1773-1776	for	Indirect Opinion[32]	_	_	_	
7-24	1777-1783	anyone	Indirect Opinion[32]	_	_	_	
7-25	1784-1791	looking	Indirect Opinion[32]	_	_	_	
7-26	1792-1794	at	Indirect Opinion[32]	_	_	_	
7-27	1795-1802	comfort	Indirect Opinion[32]	_	_	_	
7-28	1803-1806	and	Indirect Opinion[32]	_	_	_	
7-29	1807-1818	performance	Indirect Opinion[32]	_	_	_	
7-30	1819-1827	IMPLICIT	Direct Aspect	_	_	_	

#Text=There are no more boots to buy here .  IMPLICIT The only good time left to buy is time found on other websites .  IMPLICIT Whatever happened to custom-made boots ?  IMPLICIT Looks like there is no other choice but to buy Doc Martins .  IMPLICIT
8-1	1829-1834	There	_	_	_	_	
8-2	1835-1838	are	_	_	_	_	
8-3	1839-1841	no	Indirect Opinion[33]	Style Choices	Negative	8-10[0_33]	
8-4	1842-1846	more	Indirect Opinion[33]	_	_	_	
8-5	1847-1852	boots	Indirect Opinion[33]	_	_	_	
8-6	1853-1855	to	Indirect Opinion[33]	_	_	_	
8-7	1856-1859	buy	Indirect Opinion[33]	_	_	_	
8-8	1860-1864	here	_	_	_	_	
8-9	1865-1866	.	_	_	_	_	
8-10	1868-1876	IMPLICIT	Direct Aspect	_	_	_	
8-11	1877-1880	The	_	_	_	_	
8-12	1881-1885	only	_	_	_	_	
8-13	1886-1890	good	_	_	_	_	
8-14	1891-1895	time	_	_	_	_	
8-15	1896-1900	left	_	_	_	_	
8-16	1901-1903	to	_	_	_	_	
8-17	1904-1907	buy	_	_	_	_	
8-18	1908-1910	is	_	_	_	_	
8-19	1911-1915	time	_	_	_	_	
8-20	1916-1921	found	_	_	_	_	
8-21	1922-1924	on	_	_	_	_	
8-22	1925-1930	other	_	_	_	_	
8-23	1931-1939	websites	_	_	_	_	
8-24	1940-1941	.	_	_	_	_	
8-25	1943-1951	IMPLICIT	_	_	_	_	
8-26	1952-1960	Whatever	Indirect Opinion[34]	Misc	Neutral	8-29[35_34]	
8-27	1961-1969	happened	Indirect Opinion[34]	_	_	_	
8-28	1970-1972	to	Indirect Opinion[34]	_	_	_	
8-29	1973-1984	custom-made	Direct Aspect[35]	_	_	_	
8-30	1985-1990	boots	Direct Aspect[35]	_	_	_	
8-31	1991-1992	?	_	_	_	_	
8-32	1994-2002	IMPLICIT	_	_	_	_	
8-33	2003-2008	Looks	_	_	_	_	
8-34	2009-2013	like	_	_	_	_	
8-35	2014-2019	there	_	_	_	_	
8-36	2020-2022	is	_	_	_	_	
8-37	2023-2025	no	Indirect Opinion[36]	Style Choices	Negative	8-46[0_36]	
8-38	2026-2031	other	Indirect Opinion[36]	_	_	_	
8-39	2032-2038	choice	Indirect Opinion[36]	_	_	_	
8-40	2039-2042	but	_	_	_	_	
8-41	2043-2045	to	_	_	_	_	
8-42	2046-2049	buy	_	_	_	_	
8-43	2050-2053	Doc	_	_	_	_	
8-44	2054-2061	Martins	_	_	_	_	
8-45	2062-2063	.	_	_	_	_	
8-46	2065-2073	IMPLICIT	Direct Aspect	_	_	_	

#Text=These cleats have decent ankle support but are nowhere near as comfortable as the last molds I bought from new balance .  IMPLICIT Would not recommend .  IMPLICIT Wish I could switch them for something for something else but now game used .  IMPLICIT
9-1	2075-2080	These	_	_	_	_	
9-2	2081-2087	cleats	Direct Aspect	_	_	_	
9-3	2088-2092	have	Indirect Opinion[37]	Performance#Support/Stability|Appearance#Shoe Component	Positive|Positive	9-2[0_37]|9-2[0_37]	
9-4	2093-2099	decent	Indirect Opinion[37]	_	_	_	
9-5	2100-2105	ankle	Indirect Opinion[37]	_	_	_	
9-6	2106-2113	support	Indirect Opinion[37]	_	_	_	
9-7	2114-2117	but	_	_	_	_	
9-8	2118-2121	are	Indirect Opinion[38]	Performance#Comfort	Negative	9-2[0_38]	
9-9	2122-2129	nowhere	Indirect Opinion[38]	_	_	_	
9-10	2130-2134	near	Indirect Opinion[38]	_	_	_	
9-11	2135-2137	as	Indirect Opinion[38]	_	_	_	
9-12	2138-2149	comfortable	Indirect Opinion[38]	_	_	_	
9-13	2150-2152	as	Indirect Opinion[38]	_	_	_	
9-14	2153-2156	the	Indirect Opinion[38]	_	_	_	
9-15	2157-2161	last	Indirect Opinion[38]	_	_	_	
9-16	2162-2167	molds	Indirect Opinion[38]	_	_	_	
9-17	2168-2169	I	Indirect Opinion[38]	_	_	_	
9-18	2170-2176	bought	Indirect Opinion[38]	_	_	_	
9-19	2177-2181	from	Indirect Opinion[38]	_	_	_	
9-20	2182-2185	new	Indirect Opinion[38]	_	_	_	
9-21	2186-2193	balance	Indirect Opinion[38]	_	_	_	
9-22	2194-2195	.	_	_	_	_	
9-23	2197-2205	IMPLICIT	_	_	_	_	
9-24	2206-2211	Would	Indirect Opinion[39]	Performance#General	Negative	9-28[0_39]	
9-25	2212-2215	not	Indirect Opinion[39]	_	_	_	
9-26	2216-2225	recommend	Indirect Opinion[39]	_	_	_	
9-27	2226-2227	.	_	_	_	_	
9-28	2229-2237	IMPLICIT	Direct Aspect	_	_	_	
9-29	2238-2242	Wish	Indirect Opinion[40]	Performance#General	Negative	9-44[0_40]	
9-30	2243-2244	I	Indirect Opinion[40]	_	_	_	
9-31	2245-2250	could	Indirect Opinion[40]	_	_	_	
9-32	2251-2257	switch	Indirect Opinion[40]	_	_	_	
9-33	2258-2262	them	_	_	_	_	
9-34	2263-2266	for	_	_	_	_	
9-35	2267-2276	something	_	_	_	_	
9-36	2277-2280	for	_	_	_	_	
9-37	2281-2290	something	_	_	_	_	
9-38	2291-2295	else	_	_	_	_	
9-39	2296-2299	but	_	_	_	_	
9-40	2300-2303	now	_	_	_	_	
9-41	2304-2308	game	_	_	_	_	
9-42	2309-2313	used	_	_	_	_	
9-43	2314-2315	.	_	_	_	_	
9-44	2317-2325	IMPLICIT	Direct Aspect	_	_	_	

#Text=Sl-2 are the New Balance styles with the deeper toe box, but even in 4E, it was too tight for comfort .  IMPLICIT I tried three different sizes .  .  . no luck IMPLICIT
10-1	2327-2329	Sl	Direct Aspect[41]	_	_	_	
10-2	2329-2330	-	Direct Aspect[41]	_	_	_	
10-3	2330-2331	2	Direct Aspect[41]	_	_	_	
10-4	2332-2335	are	_	_	_	_	
10-5	2336-2339	the	_	_	_	_	
10-6	2340-2343	New	_	_	_	_	
10-7	2344-2351	Balance	_	_	_	_	
10-8	2352-2358	styles	_	_	_	_	
10-9	2359-2363	with	Indirect Opinion[42]	Appearance#Shoe Component|Appearance#Form	Neutral|Positive	10-1[41_42]|10-1[41_42]	
10-10	2364-2367	the	Indirect Opinion[42]	_	_	_	
10-11	2368-2374	deeper	Indirect Opinion[42]	_	_	_	
10-12	2375-2378	toe	Indirect Opinion[42]	_	_	_	
10-13	2379-2382	box	Indirect Opinion[42]	_	_	_	
10-14	2382-2383	,	_	_	_	_	
10-15	2384-2387	but	_	_	_	_	
10-16	2388-2392	even	_	_	_	_	
10-17	2393-2395	in	_	_	_	_	
10-18	2396-2398	4E	Direct Aspect	_	_	_	
10-19	2398-2399	,	_	_	_	_	
10-20	2400-2402	it	_	_	_	_	
10-21	2403-2406	was	_	_	_	_	
10-22	2407-2410	too	Indirect Opinion[43]	Performance#Sizing/Fit|Performance#Comfort	Negative|Negative	10-18[0_43]|10-18[0_43]	
10-23	2411-2416	tight	Indirect Opinion[43]	_	_	_	
10-24	2417-2420	for	Indirect Opinion[43]	_	_	_	
10-25	2421-2428	comfort	Indirect Opinion[43]	_	_	_	
10-26	2429-2430	.	_	_	_	_	
10-27	2432-2440	IMPLICIT	_	_	_	_	
10-28	2441-2442	I	_	_	_	_	
10-29	2443-2448	tried	_	_	_	_	
10-30	2449-2454	three	Direct Aspect[44]	_	_	_	
10-31	2455-2464	different	Direct Aspect[44]	_	_	_	
10-32	2465-2470	sizes	Direct Aspect[44]	_	_	_	
10-33	2471-2472	.	_	_	_	_	
10-34	2474-2475	.	_	_	_	_	
10-35	2477-2478	.	_	_	_	_	
10-36	2479-2481	no	Indirect Opinion[45]	Performance#General|Performance#Sizing/Fit	Negative|Negative	10-30[44_45]|10-30[44_45]	
10-37	2482-2486	luck	Indirect Opinion[45]	_	_	_	
10-38	2487-2495	IMPLICIT	_	_	_	_	

#Text=Love the sneakers .  IMPLICIT Super comfortable but 1/2 size too big .  IMPLICIT
11-1	2497-2501	Love	Direct Opinion	Performance#General	Positive	11-2[46_0]	
11-2	2502-2505	the	Direct Aspect[46]	_	_	_	
11-3	2506-2514	sneakers	Direct Aspect[46]	_	_	_	
11-4	2515-2516	.	_	_	_	_	
11-5	2518-2526	IMPLICIT	_	_	_	_	
11-6	2527-2532	Super	Direct Opinion[47]	Performance#Comfort	Positive	11-16[0_47]	
11-7	2533-2544	comfortable	Direct Opinion[47]	_	_	_	
11-8	2545-2548	but	_	_	_	_	
11-9	2549-2550	1	Direct Aspect[48]	_	_	_	
11-10	2550-2551	/	Direct Aspect[48]	_	_	_	
11-11	2551-2552	2	Direct Aspect[48]	_	_	_	
11-12	2553-2557	size	Direct Aspect[48]	_	_	_	
11-13	2558-2561	too	Indirect Opinion[49]	Performance#Sizing/Fit	Negative	11-9[48_49]	
11-14	2562-2565	big	Indirect Opinion[49]	_	_	_	
11-15	2566-2567	.	_	_	_	_	
11-16	2569-2577	IMPLICIT	Direct Aspect	_	_	_	

#Text=Very comfortable shoe and stylish but runs very big to size .  IMPLICIT Size down at least a whole size IMPLICIT
12-1	2579-2583	Very	_	_	_	_	
12-2	2584-2595	comfortable	Direct Opinion	Performance#Comfort	Positive	12-13	
12-3	2596-2600	shoe	_	_	_	_	
12-4	2601-2604	and	_	_	_	_	
12-5	2605-2612	stylish	Direct Opinion	Appearance#Misc	Positive	12-13	
12-6	2613-2616	but	_	_	_	_	
12-7	2617-2621	runs	Indirect Opinion[50]	Performance#Sizing/Fit	Negative	12-13[0_50]	
12-8	2622-2626	very	Indirect Opinion[50]	_	_	_	
12-9	2627-2630	big	Indirect Opinion[50]	_	_	_	
12-10	2631-2633	to	Indirect Opinion[50]	_	_	_	
12-11	2634-2638	size	Indirect Opinion[50]	_	_	_	
12-12	2639-2640	.	_	_	_	_	
12-13	2642-2650	IMPLICIT	Direct Aspect	_	_	_	
12-14	2651-2655	Size	Indirect Opinion[51]	Performance#Sizing/Fit	Negative	12-21[0_51]	
12-15	2656-2660	down	Indirect Opinion[51]	_	_	_	
12-16	2661-2663	at	Indirect Opinion[51]	_	_	_	
12-17	2664-2669	least	Indirect Opinion[51]	_	_	_	
12-18	2670-2671	a	Indirect Opinion[51]	_	_	_	
12-19	2672-2677	whole	Indirect Opinion[51]	_	_	_	
12-20	2678-2682	size	Indirect Opinion[51]	_	_	_	
12-21	2683-2691	IMPLICIT	Direct Aspect	_	_	_	

#Text=I have bought new balance for some time now .  IMPLICIT Felt I could order online and get right fit .  IMPLICIT When I tried them on the insole felt weird .  IMPLICIT Once I checked it wasn't even sewn in .  IMPLICIT At the price of these shoes, the shoe should have a sewn insole .  IMPLICIT Sorry they are coming back to you .  IMPLICIT
13-1	2693-2694	I	_	_	_	_	
13-2	2695-2699	have	_	_	_	_	
13-3	2700-2706	bought	_	_	_	_	
13-4	2707-2710	new	_	_	_	_	
13-5	2711-2718	balance	_	_	_	_	
13-6	2719-2722	for	_	_	_	_	
13-7	2723-2727	some	_	_	_	_	
13-8	2728-2732	time	_	_	_	_	
13-9	2733-2736	now	_	_	_	_	
13-10	2737-2738	.	_	_	_	_	
13-11	2740-2748	IMPLICIT	_	_	_	_	
13-12	2749-2753	Felt	_	_	_	_	
13-13	2754-2755	I	_	_	_	_	
13-14	2756-2761	could	_	_	_	_	
13-15	2762-2767	order	_	_	_	_	
13-16	2768-2774	online	_	_	_	_	
13-17	2775-2778	and	_	_	_	_	
13-18	2779-2782	get	_	_	_	_	
13-19	2783-2788	right	_	_	_	_	
13-20	2789-2792	fit	_	_	_	_	
13-21	2793-2794	.	_	_	_	_	
13-22	2796-2804	IMPLICIT	_	_	_	_	
13-23	2805-2809	When	_	_	_	_	
13-24	2810-2811	I	_	_	_	_	
13-25	2812-2817	tried	_	_	_	_	
13-26	2818-2822	them	_	_	_	_	
13-27	2823-2825	on	_	_	_	_	
13-28	2826-2829	the	_	_	_	_	
13-29	2830-2836	insole	Direct Aspect	_	_	_	
13-30	2837-2841	felt	Indirect Opinion[52]	Performance#Comfort	Negative	13-29[0_52]	
13-31	2842-2847	weird	Indirect Opinion[52]	_	_	_	
13-32	2848-2849	.	_	_	_	_	
13-33	2851-2859	IMPLICIT	_	_	_	_	
13-34	2860-2864	Once	_	_	_	_	
13-35	2865-2866	I	_	_	_	_	
13-36	2867-2874	checked	_	_	_	_	
13-37	2875-2877	it	_	_	_	_	
13-38	2878-2884	wasn't	Indirect Opinion[53]	Appearance#Shoe Component	Negative	13-43[0_53]	
13-39	2885-2889	even	Indirect Opinion[53]	_	_	_	
13-40	2890-2894	sewn	Indirect Opinion[53]	_	_	_	
13-41	2895-2897	in	Indirect Opinion[53]	_	_	_	
13-42	2898-2899	.	_	_	_	_	
13-43	2901-2909	IMPLICIT	Direct Aspect	_	_	_	
13-44	2910-2912	At	Indirect Opinion[54]	Cost/Value	Negative	13-51[55_54]	
13-45	2913-2916	the	Indirect Opinion[54]	_	_	_	
13-46	2917-2922	price	Indirect Opinion[54]	_	_	_	
13-47	2923-2925	of	_	_	_	_	
13-48	2926-2931	these	_	_	_	_	
13-49	2932-2937	shoes	_	_	_	_	
13-50	2937-2938	,	_	_	_	_	
13-51	2939-2942	the	Direct Aspect[55]	_	_	_	
13-52	2943-2947	shoe	Direct Aspect[55]	_	_	_	
13-53	2948-2954	should	Indirect Opinion[56]	Appearance#Shoe Component	Negative	13-51[55_56]	
13-54	2955-2959	have	Indirect Opinion[56]	_	_	_	
13-55	2960-2961	a	Indirect Opinion[56]	_	_	_	
13-56	2962-2966	sewn	Indirect Opinion[56]	_	_	_	
13-57	2967-2973	insole	Indirect Opinion[56]	_	_	_	
13-58	2974-2975	.	_	_	_	_	
13-59	2977-2985	IMPLICIT	_	_	_	_	
13-60	2986-2991	Sorry	_	_	_	_	
13-61	2992-2996	they	_	_	_	_	
13-62	2997-3000	are	Indirect Opinion[57]	Misc	Negative	13-68[0_57]	
13-63	3001-3007	coming	Indirect Opinion[57]	_	_	_	
13-64	3008-3012	back	Indirect Opinion[57]	_	_	_	
13-65	3013-3015	to	Indirect Opinion[57]	_	_	_	
13-66	3016-3019	you	Indirect Opinion[57]	_	_	_	
13-67	3020-3021	.	_	_	_	_	
13-68	3023-3031	IMPLICIT	Direct Aspect	_	_	_	

#Text=Love the fit and how it transitions from heel to toe .  IMPLICIT More comfortable than expected as well !  IMPLICIT
14-1	3033-3037	Love	Direct Opinion	Performance#Sizing/Fit|Appearance#Form|Appearance#Shoe Component	Positive|Positive|Positive	14-3|14-5[58_0]|14-5[58_0]	
14-2	3038-3041	the	_	_	_	_	
14-3	3042-3045	fit	Direct Aspect	_	_	_	
14-4	3046-3049	and	_	_	_	_	
14-5	3050-3053	how	Direct Aspect[58]	_	_	_	
14-6	3054-3056	it	Direct Aspect[58]	_	_	_	
14-7	3057-3068	transitions	Direct Aspect[58]	_	_	_	
14-8	3069-3073	from	Direct Aspect[58]	_	_	_	
14-9	3074-3078	heel	Direct Aspect[58]	_	_	_	
14-10	3079-3081	to	Direct Aspect[58]	_	_	_	
14-11	3082-3085	toe	Direct Aspect[58]	_	_	_	
14-12	3086-3087	.	_	_	_	_	
14-13	3089-3097	IMPLICIT	_	_	_	_	
14-14	3098-3102	More	_	_	_	_	
14-15	3103-3114	comfortable	Direct Opinion	Performance#Comfort	Positive	14-21	
14-16	3115-3119	than	_	_	_	_	
14-17	3120-3128	expected	_	_	_	_	
14-18	3129-3131	as	_	_	_	_	
14-19	3132-3136	well	_	_	_	_	
14-20	3137-3138	!	_	_	_	_	
14-21	3140-3148	IMPLICIT	Direct Aspect	_	_	_	

#Text=A one-piece, non-elastic tongue makes it difficult to even get the shoe on .  IMPLICIT There was no mention of this and I returned these immediately .  IMPLICIT
15-1	3150-3151	A	_	_	_	_	
15-2	3152-3161	one-piece	Direct Aspect[59]	_	_	_	
15-3	3161-3162	,	Direct Aspect[59]	_	_	_	
15-4	3163-3174	non-elastic	Direct Aspect[59]	_	_	_	
15-5	3175-3181	tongue	Direct Aspect[59]	_	_	_	
15-6	3182-3187	makes	Indirect Opinion[60]	Appearance#Shoe Component|Performance#Use Case Applicability	Negative|Negative	15-2[59_60]|15-2[59_60]	
15-7	3188-3190	it	Indirect Opinion[60]	_	_	_	
15-8	3191-3200	difficult	Indirect Opinion[60]	_	_	_	
15-9	3201-3203	to	Indirect Opinion[60]	_	_	_	
15-10	3204-3208	even	Indirect Opinion[60]	_	_	_	
15-11	3209-3212	get	Indirect Opinion[60]	_	_	_	
15-12	3213-3216	the	Indirect Opinion[60]	_	_	_	
15-13	3217-3221	shoe	Indirect Opinion[60]	_	_	_	
15-14	3222-3224	on	Indirect Opinion[60]	_	_	_	
15-15	3225-3226	.	_	_	_	_	
15-16	3228-3236	IMPLICIT	_	_	_	_	
15-17	3237-3242	There	_	_	_	_	
15-18	3243-3246	was	_	_	_	_	
15-19	3247-3249	no	_	_	_	_	
15-20	3250-3257	mention	_	_	_	_	
15-21	3258-3260	of	_	_	_	_	
15-22	3261-3265	this	_	_	_	_	
15-23	3266-3269	and	_	_	_	_	
15-24	3270-3271	I	_	_	_	_	
15-25	3272-3280	returned	Indirect Opinion	Performance#General	Negative	15-29	
15-26	3281-3286	these	_	_	_	_	
15-27	3287-3298	immediately	_	_	_	_	
15-28	3299-3300	.	_	_	_	_	
15-29	3302-3310	IMPLICIT	Direct Aspect	_	_	_	

#Text=They don't look like the picture, at least to me .  IMPLICIT Way to big for my feet though .  IMPLICIT
16-1	3312-3316	They	_	_	_	_	
16-2	3317-3322	don't	Indirect Opinion[61]	Appearance#Misc|Performance#General	Negative|Negative	16-13[0_61]|16-13[0_61]	
16-3	3323-3327	look	Indirect Opinion[61]	_	_	_	
16-4	3328-3332	like	Indirect Opinion[61]	_	_	_	
16-5	3333-3336	the	Indirect Opinion[61]	_	_	_	
16-6	3337-3344	picture	Indirect Opinion[61]	_	_	_	
16-7	3344-3345	,	_	_	_	_	
16-8	3346-3348	at	_	_	_	_	
16-9	3349-3354	least	_	_	_	_	
16-10	3355-3357	to	_	_	_	_	
16-11	3358-3360	me	_	_	_	_	
16-12	3361-3362	.	_	_	_	_	
16-13	3364-3372	IMPLICIT	Direct Aspect	_	_	_	
16-14	3373-3376	Way	Indirect Opinion[62]	Performance#Sizing/Fit	Negative	16-22[0_62]	
16-15	3377-3379	to	Indirect Opinion[62]	_	_	_	
16-16	3380-3383	big	Indirect Opinion[62]	_	_	_	
16-17	3384-3387	for	_	_	_	_	
16-18	3388-3390	my	_	_	_	_	
16-19	3391-3395	feet	_	_	_	_	
16-20	3396-3402	though	_	_	_	_	
16-21	3403-3404	.	_	_	_	_	
16-22	3406-3414	IMPLICIT	Direct Aspect	_	_	_	

#Text=Mediocre shoe for such a unreal price .  IMPLICIT Bought online since I couldn't get the shoe I wanted .  IMPLICIT These shoes are getting out of hand, going back to Ked's IMPLICIT
17-1	3416-3424	Mediocre	Indirect Opinion	Performance#General	Neutral	17-2	
17-2	3425-3429	shoe	Direct Aspect	_	_	_	
17-3	3430-3433	for	_	_	_	_	
17-4	3434-3438	such	_	_	_	_	
17-5	3439-3440	a	_	_	_	_	
17-6	3441-3447	unreal	Indirect Opinion[63]	Cost/Value	Negative	17-2[0_63]	
17-7	3448-3453	price	Indirect Opinion[63]	_	_	_	
17-8	3454-3455	.	_	_	_	_	
17-9	3457-3465	IMPLICIT	_	_	_	_	
17-10	3466-3472	Bought	_	_	_	_	
17-11	3473-3479	online	_	_	_	_	
17-12	3480-3485	since	_	_	_	_	
17-13	3486-3487	I	_	_	_	_	
17-14	3488-3496	couldn't	_	_	_	_	
17-15	3497-3500	get	_	_	_	_	
17-16	3501-3504	the	_	_	_	_	
17-17	3505-3509	shoe	_	_	_	_	
17-18	3510-3511	I	_	_	_	_	
17-19	3512-3518	wanted	_	_	_	_	
17-20	3519-3520	.	_	_	_	_	
17-21	3522-3530	IMPLICIT	_	_	_	_	
17-22	3531-3536	These	Direct Aspect[64]	_	_	_	
17-23	3537-3542	shoes	Direct Aspect[64]	_	_	_	
17-24	3543-3546	are	_	_	_	_	
17-25	3547-3554	getting	Indirect Opinion[65]	Misc	Neutral	17-22[64_65]	
17-26	3555-3558	out	Indirect Opinion[65]	_	_	_	
17-27	3559-3561	of	Indirect Opinion[65]	_	_	_	
17-28	3562-3566	hand	Indirect Opinion[65]	_	_	_	
17-29	3566-3567	,	_	_	_	_	
17-30	3568-3573	going	_	_	_	_	
17-31	3574-3578	back	_	_	_	_	
17-32	3579-3581	to	_	_	_	_	
17-33	3582-3587	Ked's	_	_	_	_	
17-34	3588-3596	IMPLICIT	_	_	_	_	

#Text=If only this shoe had the 880's durability (and mature colors) .  IMPLICIT But it's still the only NB running shoe on the SL2 last with adequate cushioning .  IMPLICIT Thank goodness it remains available !  IMPLICIT
18-1	3598-3600	If	_	_	_	_	
18-2	3601-3605	only	_	_	_	_	
18-3	3606-3610	this	Direct Aspect[66]	_	_	_	
18-4	3611-3615	shoe	Direct Aspect[66]	_	_	_	
18-5	3616-3619	had	Indirect Opinion[67]	Performance#Durability|Appearance#Color	Neutral|Neutral	18-3[66_67]|18-3[66_67]	
18-6	3620-3623	the	Indirect Opinion[67]	_	_	_	
18-7	3624-3627	880	Indirect Opinion[67]	_	_	_	
18-8	3627-3628	'	Indirect Opinion[67]	_	_	_	
18-9	3628-3629	s	Indirect Opinion[67]	_	_	_	
18-10	3630-3640	durability	Indirect Opinion[67]	_	_	_	
18-11	3641-3642	(	Indirect Opinion[67]	_	_	_	
18-12	3642-3645	and	Indirect Opinion[67]	_	_	_	
18-13	3646-3652	mature	Indirect Opinion[67]	_	_	_	
18-14	3653-3659	colors	Indirect Opinion[67]	_	_	_	
18-15	3659-3660	)	Indirect Opinion[67]	_	_	_	
18-16	3661-3662	.	_	_	_	_	
18-17	3664-3672	IMPLICIT	_	_	_	_	
18-18	3673-3676	But	_	_	_	_	
18-19	3677-3681	it's	_	_	_	_	
18-20	3682-3687	still	_	_	_	_	
18-21	3688-3691	the	_	_	_	_	
18-22	3692-3696	only	_	_	_	_	
18-23	3697-3699	NB	_	_	_	_	
18-24	3700-3707	running	_	_	_	_	
18-25	3708-3712	shoe	_	_	_	_	
18-26	3713-3715	on	_	_	_	_	
18-27	3716-3719	the	_	_	_	_	
18-28	3720-3723	SL2	_	_	_	_	
18-29	3724-3728	last	Indirect Opinion[68]	Appearance#Form|Performance#Support/Stability|ContextOfUse#Purchase\_Context	Positive|Positive|Positive	18-34[0_68]|18-34[0_68]|18-34[0_68]	
18-30	3729-3733	with	Indirect Opinion[68]	_	_	_	
18-31	3734-3742	adequate	Indirect Opinion[68]	_	_	_	
18-32	3743-3753	cushioning	Indirect Opinion[68]	_	_	_	
18-33	3754-3755	.	_	_	_	_	
18-34	3757-3765	IMPLICIT	Direct Aspect	_	_	_	
18-35	3766-3771	Thank	_	_	_	_	
18-36	3772-3780	goodness	_	_	_	_	
18-37	3781-3783	it	_	_	_	_	
18-38	3784-3791	remains	Indirect Opinion[69]	Misc	Neutral	18-41[0_69]	
18-39	3792-3801	available	Indirect Opinion[69]	_	_	_	
18-40	3802-3803	!	_	_	_	_	
18-41	3805-3813	IMPLICIT	Direct Aspect	_	_	_	

#Text=The upper fabric is well breathable as nice flex too it .  IMPLICIT Overall is a really well made shoes IMPLICIT
19-1	3815-3818	The	_	_	_	_	
19-2	3819-3824	upper	Direct Aspect[70]	_	_	_	
19-3	3825-3831	fabric	Direct Aspect[70]	_	_	_	
19-4	3832-3834	is	_	_	_	_	
19-5	3835-3839	well	Direct Opinion[71]	Performance#General|Appearance#Material	Positive|Positive	19-2[70_71]|19-2[70_71]	
19-6	3840-3850	breathable	Direct Opinion[71]	_	_	_	
19-7	3851-3853	as	_	_	_	_	
19-8	3854-3858	nice	_	_	_	_	
19-9	3859-3863	flex	Indirect Opinion	Performance#Misc	Positive	19-2[70_0]	
19-10	3864-3867	too	_	_	_	_	
19-11	3868-3870	it	_	_	_	_	
19-12	3871-3872	.	_	_	_	_	
19-13	3874-3882	IMPLICIT	_	_	_	_	
19-14	3883-3890	Overall	_	_	_	_	
19-15	3891-3893	is	_	_	_	_	
19-16	3894-3895	a	_	_	_	_	
19-17	3896-3902	really	_	_	_	_	
19-18	3903-3907	well	Direct Opinion[72]	Performance#General	Positive	19-21[0_72]	
19-19	3908-3912	made	Direct Opinion[72]	_	_	_	
19-20	3913-3918	shoes	_	_	_	_	
19-21	3919-3927	IMPLICIT	Direct Aspect	_	_	_	

#Text=I feel like I going to slip and fall at work and all my co workers they wear sketchers to work that's why I brought them  .  IMPLICIT But I don't know why they don't slip and fall either IMPLICIT
20-1	3929-3930	I	_	_	_	_	
20-2	3931-3935	feel	_	_	_	_	
20-3	3936-3940	like	_	_	_	_	
20-4	3941-3942	I	_	_	_	_	
20-5	3943-3948	going	_	_	_	_	
20-6	3949-3951	to	_	_	_	_	
20-7	3952-3956	slip	Indirect Opinion[73]	ContextOfUse#Purchase\_Context	Neutral	20-28[0_73]	
20-8	3957-3960	and	Indirect Opinion[73]	_	_	_	
20-9	3961-3965	fall	Indirect Opinion[73]	_	_	_	
20-10	3966-3968	at	Indirect Opinion[73]	_	_	_	
20-11	3969-3973	work	Indirect Opinion[73]	_	_	_	
20-12	3974-3977	and	_	_	_	_	
20-13	3978-3981	all	_	_	_	_	
20-14	3982-3984	my	_	_	_	_	
20-15	3985-3987	co	_	_	_	_	
20-16	3988-3995	workers	_	_	_	_	
20-17	3996-4000	they	_	_	_	_	
20-18	4001-4005	wear	_	_	_	_	
20-19	4006-4015	sketchers	_	_	_	_	
20-20	4016-4018	to	_	_	_	_	
20-21	4019-4023	work	_	_	_	_	
20-22	4024-4030	that's	_	_	_	_	
20-23	4031-4034	why	_	_	_	_	
20-24	4035-4036	I	_	_	_	_	
20-25	4037-4044	brought	_	_	_	_	
20-26	4045-4049	them	_	_	_	_	
20-27	4051-4052	.	_	_	_	_	
20-28	4054-4062	IMPLICIT	Direct Aspect	_	_	_	
20-29	4063-4066	But	_	_	_	_	
20-30	4067-4068	I	_	_	_	_	
20-31	4069-4074	don't	_	_	_	_	
20-32	4075-4079	know	_	_	_	_	
20-33	4080-4083	why	_	_	_	_	
20-34	4084-4088	they	_	_	_	_	
20-35	4089-4094	don't	Indirect Opinion[74]	Performance#Use Case Applicability	Negative	20-40[0_74]	
20-36	4095-4099	slip	Indirect Opinion[74]	_	_	_	
20-37	4100-4103	and	Indirect Opinion[74]	_	_	_	
20-38	4104-4108	fall	Indirect Opinion[74]	_	_	_	
20-39	4109-4115	either	_	_	_	_	
20-40	4116-4124	IMPLICIT	Direct Aspect	_	_	_	

#Text=I wanted to love these- they were comfortable and cute .  IMPLICIT But the lining made my feet sweat in a way that other slippers have not, and in just mere weeks they became so stinky I had to toss them .  IMPLICIT Back to my shearling-lined slippers I guess .  IMPLICIT :( IMPLICIT
21-1	4126-4127	I	_	_	_	_	
21-2	4128-4134	wanted	_	_	_	_	
21-3	4135-4137	to	_	_	_	_	
21-4	4138-4142	love	Direct Opinion	Performance#General	Positive	21-13	
21-5	4143-4148	these	_	_	_	_	
21-6	4148-4149	-	_	_	_	_	
21-7	4150-4154	they	_	_	_	_	
21-8	4155-4159	were	_	_	_	_	
21-9	4160-4171	comfortable	Direct Opinion	Performance#Comfort	Positive	21-13	
21-10	4172-4175	and	_	_	_	_	
21-11	4176-4180	cute	Direct Opinion	Appearance#Misc	Positive	21-13	
21-12	4181-4182	.	_	_	_	_	
21-13	4184-4192	IMPLICIT	Direct Aspect	_	_	_	
21-14	4193-4196	But	_	_	_	_	
21-15	4197-4200	the	_	_	_	_	
21-16	4201-4207	lining	Direct Aspect	_	_	_	
21-17	4208-4212	made	Indirect Opinion[75]	Appearance#Material	Negative	21-16[0_75]	
21-18	4213-4215	my	Indirect Opinion[75]	_	_	_	
21-19	4216-4220	feet	Indirect Opinion[75]	_	_	_	
21-20	4221-4226	sweat	Indirect Opinion[75]	_	_	_	
21-21	4227-4229	in	_	_	_	_	
21-22	4230-4231	a	_	_	_	_	
21-23	4232-4235	way	_	_	_	_	
21-24	4236-4240	that	_	_	_	_	
21-25	4241-4246	other	_	_	_	_	
21-26	4247-4255	slippers	_	_	_	_	
21-27	4256-4260	have	_	_	_	_	
21-28	4261-4264	not	_	_	_	_	
21-29	4264-4265	,	_	_	_	_	
21-30	4266-4269	and	_	_	_	_	
21-31	4270-4272	in	_	_	_	_	
21-32	4273-4277	just	_	_	_	_	
21-33	4278-4282	mere	_	_	_	_	
21-34	4283-4288	weeks	_	_	_	_	
21-35	4289-4293	they	_	_	_	_	
21-36	4294-4300	became	Indirect Opinion[76]	Performance#Durability|Appearance#Material|Performance#Misc	Negative|Negative|Negative	21-45[0_76]|21-45[0_76]|21-45[0_76]	
21-37	4301-4303	so	Indirect Opinion[76]	_	_	_	
21-38	4304-4310	stinky	Indirect Opinion[76]	_	_	_	
21-39	4311-4312	I	_	_	_	_	
21-40	4313-4316	had	_	_	_	_	
21-41	4317-4319	to	_	_	_	_	
21-42	4320-4324	toss	_	_	_	_	
21-43	4325-4329	them	_	_	_	_	
21-44	4330-4331	.	_	_	_	_	
21-45	4333-4341	IMPLICIT	Direct Aspect	_	_	_	
21-46	4342-4346	Back	_	_	_	_	
21-47	4347-4349	to	_	_	_	_	
21-48	4350-4352	my	_	_	_	_	
21-49	4353-4368	shearling-lined	_	_	_	_	
21-50	4369-4377	slippers	_	_	_	_	
21-51	4378-4379	I	_	_	_	_	
21-52	4380-4385	guess	_	_	_	_	
21-53	4386-4387	.	_	_	_	_	
21-54	4389-4397	IMPLICIT	_	_	_	_	
21-55	4398-4399	:	_	_	_	_	
21-56	4399-4400	(	_	_	_	_	
21-57	4401-4409	IMPLICIT	_	_	_	_	

#Text=I love the look and style of this shoe but I think they can do a little better with the quality of it .  IMPLICIT I also had to buy a half size larger they run small .  IMPLICIT
22-1	4411-4412	I	_	_	_	_	
22-2	4413-4417	love	Direct Opinion	Appearance#Misc	Positive	22-3[77_0]	
22-3	4418-4421	the	Direct Aspect[77]	_	_	_	
22-4	4422-4426	look	Direct Aspect[77]	_	_	_	
22-5	4427-4430	and	Direct Aspect[77]	_	_	_	
22-6	4431-4436	style	Direct Aspect[77]	_	_	_	
22-7	4437-4439	of	_	_	_	_	
22-8	4440-4444	this	_	_	_	_	
22-9	4445-4449	shoe	_	_	_	_	
22-10	4450-4453	but	_	_	_	_	
22-11	4454-4455	I	_	_	_	_	
22-12	4456-4461	think	_	_	_	_	
22-13	4462-4466	they	_	_	_	_	
22-14	4467-4470	can	Indirect Opinion[78]	Performance#General	Neutral	22-21[0_78]	
22-15	4471-4473	do	Indirect Opinion[78]	_	_	_	
22-16	4474-4475	a	Indirect Opinion[78]	_	_	_	
22-17	4476-4482	little	Indirect Opinion[78]	_	_	_	
22-18	4483-4489	better	Indirect Opinion[78]	_	_	_	
22-19	4490-4494	with	_	_	_	_	
22-20	4495-4498	the	_	_	_	_	
22-21	4499-4506	quality	Direct Aspect	_	_	_	
22-22	4507-4509	of	_	_	_	_	
22-23	4510-4512	it	_	_	_	_	
22-24	4513-4514	.	_	_	_	_	
22-25	4516-4524	IMPLICIT	_	_	_	_	
22-26	4525-4526	I	_	_	_	_	
22-27	4527-4531	also	_	_	_	_	
22-28	4532-4535	had	_	_	_	_	
22-29	4536-4538	to	_	_	_	_	
22-30	4539-4542	buy	_	_	_	_	
22-31	4543-4544	a	_	_	_	_	
22-32	4545-4549	half	_	_	_	_	
22-33	4550-4554	size	_	_	_	_	
22-34	4555-4561	larger	_	_	_	_	
22-35	4562-4566	they	_	_	_	_	
22-36	4567-4570	run	Indirect Opinion[79]	Performance#Sizing/Fit	Negative	22-39[0_79]	
22-37	4571-4576	small	Indirect Opinion[79]	_	_	_	
22-38	4577-4578	.	_	_	_	_	
22-39	4580-4588	IMPLICIT	Direct Aspect	_	_	_	

#Text=Really small you should go up a size or two .  IMPLICIT Good material for the top strap .  IMPLICIT
23-1	4590-4596	Really	_	_	_	_	
23-2	4597-4602	small	Indirect Opinion	Performance#Sizing/Fit	Negative	23-12	
23-3	4603-4606	you	_	_	_	_	
23-4	4607-4613	should	_	_	_	_	
23-5	4614-4616	go	_	_	_	_	
23-6	4617-4619	up	_	_	_	_	
23-7	4620-4621	a	_	_	_	_	
23-8	4622-4626	size	_	_	_	_	
23-9	4627-4629	or	_	_	_	_	
23-10	4630-4633	two	_	_	_	_	
23-11	4634-4635	.	_	_	_	_	
23-12	4637-4645	IMPLICIT	Direct Aspect	_	_	_	
23-13	4646-4650	Good	Direct Opinion	Appearance#Material	Positive	23-14	
23-14	4651-4659	material	Direct Aspect	_	_	_	
23-15	4660-4663	for	Indirect Opinion[80]	Performance#Use Case Applicability	Positive	23-14[0_80]	
23-16	4664-4667	the	Indirect Opinion[80]	_	_	_	
23-17	4668-4671	top	Indirect Opinion[80]	_	_	_	
23-18	4672-4677	strap	Indirect Opinion[80]	_	_	_	
23-19	4678-4679	.	_	_	_	_	
23-20	4681-4689	IMPLICIT	_	_	_	_	

#Text=I love the way they look, but the thick cushion in the back top rubs against the back of my foot .  IMPLICIT I have blisters .  IMPLICIT I'm so disappointed .  IMPLICIT I was really excited about wearing them .  IMPLICIT
24-1	4691-4692	I	_	_	_	_	
24-2	4693-4697	love	Direct Opinion	Appearance#Misc	Positive	24-4[81_0]	
24-3	4698-4701	the	_	_	_	_	
24-4	4702-4705	way	Direct Aspect[81]	_	_	_	
24-5	4706-4710	they	Direct Aspect[81]	_	_	_	
24-6	4711-4715	look	Direct Aspect[81]	_	_	_	
24-7	4715-4716	,	_	_	_	_	
24-8	4717-4720	but	_	_	_	_	
24-9	4721-4724	the	_	_	_	_	
24-10	4725-4730	thick	Direct Aspect[82]	_	_	_	
24-11	4731-4738	cushion	Direct Aspect[82]	_	_	_	
24-12	4739-4741	in	Direct Aspect[82]	_	_	_	
24-13	4742-4745	the	Direct Aspect[82]	_	_	_	
24-14	4746-4750	back	Direct Aspect[82]	_	_	_	
24-15	4751-4754	top	Direct Aspect[82]	_	_	_	
24-16	4755-4759	rubs	Direct Aspect[82]	_	_	_	
24-17	4760-4767	against	Indirect Opinion[83]	Appearance#Shoe Component|Performance#Comfort	Negative|Negative	24-10[82_83]|24-10[82_83]	
24-18	4768-4771	the	Indirect Opinion[83]	_	_	_	
24-19	4772-4776	back	Indirect Opinion[83]	_	_	_	
24-20	4777-4779	of	Indirect Opinion[83]	_	_	_	
24-21	4780-4782	my	Indirect Opinion[83]	_	_	_	
24-22	4783-4787	foot	Indirect Opinion[83]	_	_	_	
24-23	4788-4789	.	_	_	_	_	
24-24	4791-4799	IMPLICIT	_	_	_	_	
24-25	4800-4801	I	_	_	_	_	
24-26	4802-4806	have	Indirect Opinion[84]	Performance#Comfort	Negative	24-29[0_84]	
24-27	4807-4815	blisters	Indirect Opinion[84]	_	_	_	
24-28	4816-4817	.	_	_	_	_	
24-29	4819-4827	IMPLICIT	Direct Aspect	_	_	_	
24-30	4828-4831	I'm	_	_	_	_	
24-31	4832-4834	so	_	_	_	_	
24-32	4835-4847	disappointed	Direct Opinion	Performance#General	Negative	24-34	
24-33	4848-4849	.	_	_	_	_	
24-34	4851-4859	IMPLICIT	Direct Aspect	_	_	_	
24-35	4860-4861	I	_	_	_	_	
24-36	4862-4865	was	Indirect Opinion[85]	Misc	Neutral	24-43[0_85]	
24-37	4866-4872	really	Indirect Opinion[85]	_	_	_	
24-38	4873-4880	excited	Indirect Opinion[85]	_	_	_	
24-39	4881-4886	about	Indirect Opinion[85]	_	_	_	
24-40	4887-4894	wearing	Indirect Opinion[85]	_	_	_	
24-41	4895-4899	them	Indirect Opinion[85]	_	_	_	
24-42	4900-4901	.	_	_	_	_	
24-43	4903-4911	IMPLICIT	Direct Aspect	_	_	_	

#Text=I wear these shoes everyday .  IMPLICIT They're comfy, go with anything, and command respect from anyone you interact with .  IMPLICIT Obama asked for my autograph while I was wearing these once !  IMPLICIT
25-1	4913-4914	I	_	_	_	_	
25-2	4915-4919	wear	Indirect Opinion[86]	ContextOfUse#Usage frequency	Positive	25-7[0_86]	
25-3	4920-4925	these	Indirect Opinion[86]	_	_	_	
25-4	4926-4931	shoes	Indirect Opinion[86]	_	_	_	
25-5	4932-4940	everyday	Indirect Opinion[86]	_	_	_	
25-6	4941-4942	.	_	_	_	_	
25-7	4944-4952	IMPLICIT	Direct Aspect	_	_	_	
25-8	4953-4960	They're	_	_	_	_	
25-9	4961-4966	comfy	Direct Opinion	Performance#Comfort	Positive	25-24	
25-10	4966-4967	,	_	_	_	_	
25-11	4968-4970	go	Indirect Opinion[87]	Performance#General	Positive	25-24[0_87]	
25-12	4971-4975	with	Indirect Opinion[87]	_	_	_	
25-13	4976-4984	anything	Indirect Opinion[87]	_	_	_	
25-14	4984-4985	,	_	_	_	_	
25-15	4986-4989	and	_	_	_	_	
25-16	4990-4997	command	Indirect Opinion[88]	Appearance#Misc|Performance#General	Positive|Positive	25-24[0_88]|25-24[0_88]	
25-17	4998-5005	respect	Indirect Opinion[88]	_	_	_	
25-18	5006-5010	from	Indirect Opinion[88]	_	_	_	
25-19	5011-5017	anyone	Indirect Opinion[88]	_	_	_	
25-20	5018-5021	you	Indirect Opinion[88]	_	_	_	
25-21	5022-5030	interact	Indirect Opinion[88]	_	_	_	
25-22	5031-5035	with	Indirect Opinion[88]	_	_	_	
25-23	5036-5037	.	_	_	_	_	
25-24	5039-5047	IMPLICIT	Direct Aspect	_	_	_	
25-25	5048-5053	Obama	Indirect Opinion[89]	Misc	Positive	25-37[0_89]	
25-26	5054-5059	asked	Indirect Opinion[89]	_	_	_	
25-27	5060-5063	for	Indirect Opinion[89]	_	_	_	
25-28	5064-5066	my	Indirect Opinion[89]	_	_	_	
25-29	5067-5076	autograph	Indirect Opinion[89]	_	_	_	
25-30	5077-5082	while	Indirect Opinion[89]	_	_	_	
25-31	5083-5084	I	Indirect Opinion[89]	_	_	_	
25-32	5085-5088	was	Indirect Opinion[89]	_	_	_	
25-33	5089-5096	wearing	Indirect Opinion[89]	_	_	_	
25-34	5097-5102	these	_	_	_	_	
25-35	5103-5107	once	_	_	_	_	
25-36	5108-5109	!	_	_	_	_	
25-37	5111-5119	IMPLICIT	Direct Aspect	_	_	_	
