#FORMAT=WebAnno TSV 3.3
#T_SP=webanno.custom.Aspect|MentionType
#T_RL=webanno.custom.Sentiment|Category|Polarity|BT_webanno.custom.Aspect


#Text=Great update on the traditional Adidas slide shoe .  IMPLICIT Love the addition of the Velcro strap, it provides more support for walking .  IMPLICIT Fantastic purchase !  IMPLICIT
1-1	0-5	Great	Direct Opinion[1]	Performance#General	Positive	1-8[2_1]	
1-2	6-12	update	Direct Opinion[1]	_	_	_	
1-3	13-15	on	_	_	_	_	
1-4	16-19	the	_	_	_	_	
1-5	20-31	traditional	_	_	_	_	
1-6	32-38	Adidas	_	_	_	_	
1-7	39-44	slide	_	_	_	_	
1-8	45-49	shoe	Direct Aspect[2]|Direct Aspect[3]|Direct Aspect[4]	_	_	_	
1-9	50-51	.	_	_	_	_	
1-10	53-61	IMPLICIT	_	_	_	_	
1-11	62-66	Love	Direct Opinion[5]	Performance#General	Positive	1-8[3_5]	
1-12	67-70	the	Direct Opinion[5]	_	_	_	
1-13	71-79	addition	Direct Opinion[5]	_	_	_	
1-14	80-82	of	_	_	_	_	
1-15	83-86	the	_	_	_	_	
1-16	87-93	Velcro	Direct Aspect[6]	_	_	_	
1-17	94-99	strap	Direct Aspect[6]	_	_	_	
1-18	99-100	,	_	_	_	_	
1-19	101-103	it	_	_	_	_	
1-20	104-112	provides	_	_	_	_	
1-21	113-117	more	Direct Opinion[7]	ContextOfUse#Use case	Positive	1-16[6_7]	
1-22	118-125	support	Direct Opinion[7]	_	_	_	
1-23	126-129	for	Direct Opinion[7]	_	_	_	
1-24	130-137	walking	Direct Opinion[7]	_	_	_	
1-25	138-139	.	_	_	_	_	
1-26	141-149	IMPLICIT	_	_	_	_	
1-27	150-159	Fantastic	Direct Opinion[8]	ContextOfUse#Purchase\_Context	Positive	1-8[4_8]	
1-28	160-168	purchase	Direct Opinion[8]	_	_	_	
1-29	169-170	!	_	_	_	_	
1-30	172-180	IMPLICIT	_	_	_	_	

#Text=I ordered some Airforce 1 .  IMPLICIT They came super fast !  IMPLICIT I was emailed through the whole process with updates .  IMPLICIT The shoes are so fire also !  IMPLICIT
2-1	182-183	I	_	_	_	_	
2-2	184-191	ordered	_	_	_	_	
2-3	192-196	some	_	_	_	_	
2-4	197-205	Airforce	Direct Aspect	_	_	_	
2-5	206-207	1	_	_	_	_	
2-6	208-209	.	_	_	_	_	
2-7	211-219	IMPLICIT	_	_	_	_	
2-8	220-224	They	_	_	_	_	
2-9	225-229	came	_	_	_	_	
2-10	230-235	super	Direct Opinion[9]	ContextOfUse#Purchase\_Context	Positive	2-4[0_9]	
2-11	236-240	fast	Direct Opinion[9]	_	_	_	
2-12	241-242	!	_	_	_	_	
2-13	244-252	IMPLICIT	_	_	_	_	
2-14	253-254	I	_	_	_	_	
2-15	255-258	was	_	_	_	_	
2-16	259-266	emailed	_	_	_	_	
2-17	267-274	through	_	_	_	_	
2-18	275-278	the	_	_	_	_	
2-19	279-284	whole	_	_	_	_	
2-20	285-292	process	_	_	_	_	
2-21	293-297	with	_	_	_	_	
2-22	298-305	updates	_	_	_	_	
2-23	306-307	.	_	_	_	_	
2-24	309-317	IMPLICIT	_	_	_	_	
2-25	318-321	The	_	_	_	_	
2-26	322-327	shoes	Direct Aspect	_	_	_	
2-27	328-331	are	_	_	_	_	
2-28	332-334	so	Direct Opinion[10]	Performance#General	Positive	2-26[0_10]	
2-29	335-339	fire	Direct Opinion[10]	_	_	_	
2-30	340-344	also	Direct Opinion[10]	_	_	_	
2-31	345-346	!	_	_	_	_	
2-32	348-356	IMPLICIT	_	_	_	_	

#Text=This is a good and easy to slip on sandal .  IMPLICIT I would suggest wearing with socks because the edges of the fabric can dig in a little bit to the skin .  IMPLICIT
3-1	358-362	This	_	_	_	_	
3-2	363-365	is	_	_	_	_	
3-3	366-367	a	_	_	_	_	
3-4	368-372	good	Direct Opinion[11]	Performance#Support/Stability	Positive	3-10[12_11]	
3-5	373-376	and	Direct Opinion[11]	_	_	_	
3-6	377-381	easy	Direct Opinion[11]	_	_	_	
3-7	382-384	to	Direct Opinion[11]	_	_	_	
3-8	385-389	slip	Direct Opinion[11]	_	_	_	
3-9	390-392	on	Direct Opinion[11]	_	_	_	
3-10	393-399	sandal	Direct Aspect[12]|Direct Aspect[13]|Direct Aspect[14]	_	_	_	
3-11	400-401	.	_	_	_	_	
3-12	403-411	IMPLICIT	_	_	_	_	
3-13	412-413	I	_	_	_	_	
3-14	414-419	would	_	_	_	_	
3-15	420-427	suggest	Direct Opinion[15]	Performance#Support/Stability	Neutral	3-10[13_15]	
3-16	428-435	wearing	Direct Opinion[15]	_	_	_	
3-17	436-440	with	Direct Opinion[15]	_	_	_	
3-18	441-446	socks	Direct Opinion[15]	_	_	_	
3-19	447-454	because	Direct Opinion[16]	Appearance#Material	Negative	3-10[14_16]	
3-20	455-458	the	Direct Opinion[16]	_	_	_	
3-21	459-464	edges	Direct Opinion[16]	_	_	_	
3-22	465-467	of	Direct Opinion[16]	_	_	_	
3-23	468-471	the	Direct Opinion[16]	_	_	_	
3-24	472-478	fabric	Direct Opinion[16]	_	_	_	
3-25	479-482	can	Direct Opinion[16]	_	_	_	
3-26	483-486	dig	Direct Opinion[16]	_	_	_	
3-27	487-489	in	Direct Opinion[16]	_	_	_	
3-28	490-491	a	Direct Opinion[16]	_	_	_	
3-29	492-498	little	Direct Opinion[16]	_	_	_	
3-30	499-502	bit	Direct Opinion[16]	_	_	_	
3-31	503-505	to	Direct Opinion[16]	_	_	_	
3-32	506-509	the	Direct Opinion[16]	_	_	_	
3-33	510-514	skin	Direct Opinion[16]	_	_	_	
3-34	515-516	.	_	_	_	_	
3-35	518-526	IMPLICIT	_	_	_	_	

#Text=I liked it for the first month .  IMPLICIT after a while my feet would hurt !  IMPLICIT the comfort is okay .  IMPLICIT its soft and doesn't irritate my skin .  IMPLICIT
4-1	528-529	I	_	_	_	_	
4-2	530-535	liked	Direct Opinion[17]	ContextOfUse#Review\_Temporality	Positive	4-9[18_17]	
4-3	536-538	it	Direct Opinion[17]	_	_	_	
4-4	539-542	for	Direct Opinion[17]	_	_	_	
4-5	543-546	the	Direct Opinion[17]	_	_	_	
4-6	547-552	first	Direct Opinion[17]	_	_	_	
4-7	553-558	month	Direct Opinion[17]	_	_	_	
4-8	559-560	.	_	_	_	_	
4-9	562-570	IMPLICIT	Direct Aspect[18]|Direct Aspect[19]	_	_	_	
4-10	571-576	after	Direct Opinion[20]	Performance#Durability	Negative	4-9[19_20]	
4-11	577-578	a	Direct Opinion[20]	_	_	_	
4-12	579-584	while	Direct Opinion[20]	_	_	_	
4-13	585-587	my	Direct Opinion[20]	_	_	_	
4-14	588-592	feet	Direct Opinion[20]	_	_	_	
4-15	593-598	would	Direct Opinion[20]	_	_	_	
4-16	599-603	hurt	Direct Opinion[20]	_	_	_	
4-17	604-605	!	_	_	_	_	
4-18	607-615	IMPLICIT	Direct Aspect	_	_	_	
4-19	616-619	the	Direct Opinion[21]	Performance#Comfort	Neutral	4-18[0_21]	
4-20	620-627	comfort	Direct Opinion[21]	_	_	_	
4-21	628-630	is	Direct Opinion[21]	_	_	_	
4-22	631-635	okay	Direct Opinion[21]	_	_	_	
4-23	636-637	.	_	_	_	_	
4-24	639-647	IMPLICIT	Direct Aspect	_	_	_	
4-25	648-651	its	Direct Opinion[22]	Appearance#Material	Positive	4-24[0_22]	
4-26	652-656	soft	Direct Opinion[22]	_	_	_	
4-27	657-660	and	Direct Opinion[22]	_	_	_	
4-28	661-668	doesn't	Direct Opinion[22]	_	_	_	
4-29	669-677	irritate	Direct Opinion[22]	_	_	_	
4-30	678-680	my	Direct Opinion[22]	_	_	_	
4-31	681-685	skin	Direct Opinion[22]	_	_	_	
4-32	686-687	.	_	_	_	_	
4-33	689-697	IMPLICIT	_	_	_	_	

#Text=Although the shoe is comfortable .  IMPLICIT I can't even walk around the house and the tongue drops off to the side .  IMPLICIT There is nothing to hold it in place and these are supposed to be hiking shoe .  IMPLICIT
5-1	699-707	Although	Indirect Opinion[23]	Performance#Comfort	Positive	5-7[25_23]	
5-2	708-711	the	Indirect Opinion[23]	_	_	_	
5-3	712-716	shoe	Indirect Opinion[23]	_	_	_	
5-4	717-719	is	Indirect Opinion[23]	_	_	_	
5-5	720-731	comfortable	Indirect Opinion[23]	_	_	_	
5-6	732-733	.	_	_	_	_	
5-7	735-743	IMPLICIT	Direct Aspect[24]|Direct Aspect[25]	_	_	_	
5-8	744-745	I	Indirect Opinion[26]	ContextOfUse#Use case	Negative	5-7[24_26]	
5-9	746-751	can't	Indirect Opinion[26]	_	_	_	
5-10	752-756	even	Indirect Opinion[26]	_	_	_	
5-11	757-761	walk	Indirect Opinion[26]	_	_	_	
5-12	762-768	around	Indirect Opinion[26]	_	_	_	
5-13	769-772	the	Indirect Opinion[26]	_	_	_	
5-14	773-778	house	Indirect Opinion[26]	_	_	_	
5-15	779-782	and	Indirect Opinion[26]	_	_	_	
5-16	783-786	the	Indirect Opinion[26]	_	_	_	
5-17	787-793	tongue	Indirect Opinion[26]	_	_	_	
5-18	794-799	drops	Indirect Opinion[26]	_	_	_	
5-19	800-803	off	Indirect Opinion[26]	_	_	_	
5-20	804-806	to	Indirect Opinion[26]	_	_	_	
5-21	807-810	the	Indirect Opinion[26]	_	_	_	
5-22	811-815	side	Indirect Opinion[26]	_	_	_	
5-23	816-817	.	_	_	_	_	
5-24	819-827	IMPLICIT	Direct Aspect	_	_	_	
5-25	828-833	There	Direct Opinion[27]	ContextOfUse#Use case	Negative	5-24[0_27]	
5-26	834-836	is	Direct Opinion[27]	_	_	_	
5-27	837-844	nothing	Direct Opinion[27]	_	_	_	
5-28	845-847	to	Direct Opinion[27]	_	_	_	
5-29	848-852	hold	Direct Opinion[27]	_	_	_	
5-30	853-855	it	Direct Opinion[27]	_	_	_	
5-31	856-858	in	Direct Opinion[27]	_	_	_	
5-32	859-864	place	Direct Opinion[27]	_	_	_	
5-33	865-868	and	Direct Opinion[27]	_	_	_	
5-34	869-874	these	Direct Opinion[27]	_	_	_	
5-35	875-878	are	Direct Opinion[27]	_	_	_	
5-36	879-887	supposed	Direct Opinion[27]	_	_	_	
5-37	888-890	to	Direct Opinion[27]	_	_	_	
5-38	891-893	be	Direct Opinion[27]	_	_	_	
5-39	894-900	hiking	Direct Opinion[27]	_	_	_	
5-40	901-905	shoe	Direct Opinion[27]	_	_	_	
5-41	906-907	.	_	_	_	_	
5-42	909-917	IMPLICIT	_	_	_	_	

#Text=Absolutely loved the design and colors !  IMPLICIT I wish these came in half sizes though .  IMPLICIT I'm a 7 and half and I bought an 8 thinking would fit but was wrong I should have got a 7 .  IMPLICIT The 8 is Way to big,I trip every time i wear these .  IMPLICIT Also feels like a huge knot in the middle of the shoe when wear which kind of uncomfortable .  IMPLICIT
6-1	919-929	Absolutely	Direct Opinion[28]|Direct Opinion[29]	Appearance#Color|Appearance#Form	Positive|Positive	6-8[31_28]|6-8[30_29]	
6-2	930-935	loved	Direct Opinion[28]|Direct Opinion[29]	_	_	_	
6-3	936-939	the	Direct Opinion[28]|Direct Opinion[29]	_	_	_	
6-4	940-946	design	Direct Opinion[28]|Direct Opinion[29]	_	_	_	
6-5	947-950	and	Direct Opinion[28]	_	_	_	
6-6	951-957	colors	Direct Opinion[28]	_	_	_	
6-7	958-959	!	_	_	_	_	
6-8	961-969	IMPLICIT	Direct Aspect[30]|Direct Aspect[31]|Direct Aspect[32]	_	_	_	
6-9	970-971	I	Indirect Opinion[33]	Performance#Sizing/Fit	Neutral	6-8[32_33]	
6-10	972-976	wish	Indirect Opinion[33]	_	_	_	
6-11	977-982	these	Indirect Opinion[33]	_	_	_	
6-12	983-987	came	Indirect Opinion[33]	_	_	_	
6-13	988-990	in	Indirect Opinion[33]	_	_	_	
6-14	991-995	half	Indirect Opinion[33]	_	_	_	
6-15	996-1001	sizes	Indirect Opinion[33]	_	_	_	
6-16	1002-1008	though	Indirect Opinion[33]	_	_	_	
6-17	1009-1010	.	_	_	_	_	
6-18	1012-1020	IMPLICIT	Direct Aspect	_	_	_	
6-19	1021-1024	I'm	Direct Opinion[34]	Performance#Sizing/Fit	Neutral	6-18[0_34]	
6-20	1025-1026	a	Direct Opinion[34]	_	_	_	
6-21	1027-1028	7	Direct Opinion[34]	_	_	_	
6-22	1029-1032	and	Direct Opinion[34]	_	_	_	
6-23	1033-1037	half	Direct Opinion[34]	_	_	_	
6-24	1038-1041	and	Direct Opinion[34]	_	_	_	
6-25	1042-1043	I	Direct Opinion[34]	_	_	_	
6-26	1044-1050	bought	Direct Opinion[34]	_	_	_	
6-27	1051-1053	an	Direct Opinion[34]	_	_	_	
6-28	1054-1055	8	Direct Opinion[34]	_	_	_	
6-29	1056-1064	thinking	Direct Opinion[34]	_	_	_	
6-30	1065-1070	would	Direct Opinion[34]	_	_	_	
6-31	1071-1074	fit	Direct Opinion[34]	_	_	_	
6-32	1075-1078	but	Direct Opinion[34]	_	_	_	
6-33	1079-1082	was	Direct Opinion[34]	_	_	_	
6-34	1083-1088	wrong	Direct Opinion[34]	_	_	_	
6-35	1089-1090	I	Direct Opinion[34]	_	_	_	
6-36	1091-1097	should	Direct Opinion[34]	_	_	_	
6-37	1098-1102	have	Direct Opinion[34]	_	_	_	
6-38	1103-1106	got	Direct Opinion[34]	_	_	_	
6-39	1107-1108	a	Direct Opinion[34]	_	_	_	
6-40	1109-1110	7	Direct Opinion[34]	_	_	_	
6-41	1111-1112	.	_	_	_	_	
6-42	1114-1122	IMPLICIT	Direct Aspect	_	_	_	
6-43	1123-1126	The	Direct Opinion[35]	Performance#Support/Stability	Negative	6-42[0_35]	
6-44	1127-1128	8	Direct Opinion[35]	_	_	_	
6-45	1129-1131	is	Direct Opinion[35]	_	_	_	
6-46	1132-1135	Way	Direct Opinion[35]	_	_	_	
6-47	1136-1138	to	Direct Opinion[35]	_	_	_	
6-48	1139-1142	big	Direct Opinion[35]	_	_	_	
6-49	1142-1143	,	Direct Opinion[35]	_	_	_	
6-50	1143-1144	I	Direct Opinion[35]	_	_	_	
6-51	1145-1149	trip	Direct Opinion[35]	_	_	_	
6-52	1150-1155	every	Direct Opinion[35]	_	_	_	
6-53	1156-1160	time	Direct Opinion[35]	_	_	_	
6-54	1161-1162	i	Direct Opinion[35]	_	_	_	
6-55	1163-1167	wear	Direct Opinion[35]	_	_	_	
6-56	1168-1173	these	Direct Opinion[35]	_	_	_	
6-57	1174-1175	.	_	_	_	_	
6-58	1177-1185	IMPLICIT	Direct Aspect	_	_	_	
6-59	1186-1190	Also	Direct Opinion[36]	Performance#Comfort	Negative	6-58[0_36]	
6-60	1191-1196	feels	Direct Opinion[36]	_	_	_	
6-61	1197-1201	like	Direct Opinion[36]	_	_	_	
6-62	1202-1203	a	Direct Opinion[36]	_	_	_	
6-63	1204-1208	huge	Direct Opinion[36]	_	_	_	
6-64	1209-1213	knot	Direct Opinion[36]	_	_	_	
6-65	1214-1216	in	Direct Opinion[36]	_	_	_	
6-66	1217-1220	the	Direct Opinion[36]	_	_	_	
6-67	1221-1227	middle	Direct Opinion[36]	_	_	_	
6-68	1228-1230	of	Direct Opinion[36]	_	_	_	
6-69	1231-1234	the	Direct Opinion[36]	_	_	_	
6-70	1235-1239	shoe	Direct Opinion[36]	_	_	_	
6-71	1240-1244	when	Direct Opinion[36]	_	_	_	
6-72	1245-1249	wear	Direct Opinion[36]	_	_	_	
6-73	1250-1255	which	Direct Opinion[36]	_	_	_	
6-74	1256-1260	kind	Direct Opinion[36]	_	_	_	
6-75	1261-1263	of	Direct Opinion[36]	_	_	_	
6-76	1264-1277	uncomfortable	Direct Opinion[36]	_	_	_	
6-77	1278-1279	.	_	_	_	_	
6-78	1281-1289	IMPLICIT	_	_	_	_	

#Text=Fits okay .  IMPLICIT material is good .  IMPLICIT The fresh is not that comfortable that I hoped it to be .  IMPLICIT But, nothing to complain otherwise .  IMPLICIT
7-1	1291-1295	Fits	Direct Opinion[37]	Performance#Sizing/Fit	Neutral	7-4[0_37]	
7-2	1296-1300	okay	Direct Opinion[37]	_	_	_	
7-3	1301-1302	.	_	_	_	_	
7-4	1304-1312	IMPLICIT	Direct Aspect	_	_	_	
7-5	1313-1321	material	Direct Opinion[38]	Appearance#Material	Positive	7-4[0_38]	
7-6	1322-1324	is	Direct Opinion[38]	_	_	_	
7-7	1325-1329	good	Direct Opinion[38]	_	_	_	
7-8	1330-1331	.	_	_	_	_	
7-9	1333-1341	IMPLICIT	Direct Aspect	_	_	_	
7-10	1342-1345	The	Indirect Opinion[39]	Performance#Comfort	Negative	7-9[0_39]	
7-11	1346-1351	fresh	Indirect Opinion[39]	_	_	_	
7-12	1352-1354	is	Indirect Opinion[39]	_	_	_	
7-13	1355-1358	not	Indirect Opinion[39]	_	_	_	
7-14	1359-1363	that	Indirect Opinion[39]	_	_	_	
7-15	1364-1375	comfortable	Indirect Opinion[39]	_	_	_	
7-16	1376-1380	that	Indirect Opinion[39]	_	_	_	
7-17	1381-1382	I	Indirect Opinion[39]	_	_	_	
7-18	1383-1388	hoped	Indirect Opinion[39]	_	_	_	
7-19	1389-1391	it	Indirect Opinion[39]	_	_	_	
7-20	1392-1394	to	Indirect Opinion[39]	_	_	_	
7-21	1395-1397	be	Indirect Opinion[39]	_	_	_	
7-22	1398-1399	.	_	_	_	_	
7-23	1401-1409	IMPLICIT	Direct Aspect	_	_	_	
7-24	1410-1413	But	Direct Opinion[40]	ContextOfUse#Purchase\_Context	Neutral	7-23[0_40]	
7-25	1413-1414	,	Direct Opinion[40]	_	_	_	
7-26	1415-1422	nothing	Direct Opinion[40]	_	_	_	
7-27	1423-1425	to	Direct Opinion[40]	_	_	_	
7-28	1426-1434	complain	Direct Opinion[40]	_	_	_	
7-29	1435-1444	otherwise	Direct Opinion[40]	_	_	_	
7-30	1445-1446	.	_	_	_	_	
7-31	1448-1456	IMPLICIT	_	_	_	_	

#Text=I have always been a Nike fanatic and started getting into Vapormax .  IMPLICIT I found these and just loved the design and colors and when i received them i loved them even more as they were so comfortable and i got so many compliments on them .  IMPLICIT My favorite sneaker by far .  IMPLICIT LOVE LOVE LOVE and fit true to size like a glove :) .  IMPLICIT
8-1	1458-1459	I	Direct Opinion[41]	Appearance#Form	Positive	8-14[0_41]	
8-2	1460-1464	have	Direct Opinion[41]	_	_	_	
8-3	1465-1471	always	Direct Opinion[41]	_	_	_	
8-4	1472-1476	been	Direct Opinion[41]	_	_	_	
8-5	1477-1478	a	Direct Opinion[41]	_	_	_	
8-6	1479-1483	Nike	Direct Opinion[41]	_	_	_	
8-7	1484-1491	fanatic	Direct Opinion[41]	_	_	_	
8-8	1492-1495	and	Direct Opinion[41]	_	_	_	
8-9	1496-1503	started	Direct Opinion[41]	_	_	_	
8-10	1504-1511	getting	Direct Opinion[41]	_	_	_	
8-11	1512-1516	into	Direct Opinion[41]	_	_	_	
8-12	1517-1525	Vapormax	Direct Opinion[41]|Direct Aspect[42]	_	_	_	
8-13	1526-1527	.	_	_	_	_	
8-14	1529-1537	IMPLICIT	Direct Aspect	_	_	_	
8-15	1538-1539	I	Direct Opinion[43]	Appearance#Color	Positive	8-14[0_43]	
8-16	1540-1545	found	Direct Opinion[43]	_	_	_	
8-17	1546-1551	these	Direct Opinion[43]	_	_	_	
8-18	1552-1555	and	Direct Opinion[43]	_	_	_	
8-19	1556-1560	just	Direct Opinion[43]	_	_	_	
8-20	1561-1566	loved	Direct Opinion[43]	_	_	_	
8-21	1567-1570	the	Direct Opinion[43]	_	_	_	
8-22	1571-1577	design	Direct Opinion[43]	_	_	_	
8-23	1578-1581	and	Direct Opinion[43]	_	_	_	
8-24	1582-1588	colors	Direct Opinion[43]	_	_	_	
8-25	1589-1592	and	_	_	_	_	
8-26	1593-1597	when	Direct Opinion[44]	Performance#Comfort	Positive	8-12[42_44]	
8-27	1598-1599	i	Direct Opinion[44]	_	_	_	
8-28	1600-1608	received	Direct Opinion[44]	_	_	_	
8-29	1609-1613	them	Direct Opinion[44]	_	_	_	
8-30	1614-1615	i	Direct Opinion[44]	_	_	_	
8-31	1616-1621	loved	Direct Opinion[44]	_	_	_	
8-32	1622-1626	them	Direct Opinion[44]	_	_	_	
8-33	1627-1631	even	Direct Opinion[44]	_	_	_	
8-34	1632-1636	more	Direct Opinion[44]	_	_	_	
8-35	1637-1639	as	Direct Opinion[44]	_	_	_	
8-36	1640-1644	they	Direct Opinion[44]	_	_	_	
8-37	1645-1649	were	Direct Opinion[44]	_	_	_	
8-38	1650-1652	so	Direct Opinion[44]	_	_	_	
8-39	1653-1664	comfortable	Direct Opinion[44]	_	_	_	
8-40	1665-1668	and	Direct Opinion[44]	_	_	_	
8-41	1669-1670	i	Direct Opinion[44]	_	_	_	
8-42	1671-1674	got	Direct Opinion[44]	_	_	_	
8-43	1675-1677	so	Direct Opinion[44]	_	_	_	
8-44	1678-1682	many	Direct Opinion[44]	_	_	_	
8-45	1683-1694	compliments	Direct Opinion[44]	_	_	_	
8-46	1695-1697	on	Direct Opinion[44]	_	_	_	
8-47	1698-1702	them	Direct Opinion[44]	_	_	_	
8-48	1703-1704	.	_	_	_	_	
8-49	1706-1714	IMPLICIT	Direct Aspect	_	_	_	
8-50	1715-1717	My	Direct Opinion[45]	Performance#General	Positive	8-49[0_45]	
8-51	1718-1726	favorite	Direct Opinion[45]	_	_	_	
8-52	1727-1734	sneaker	Direct Opinion[45]	_	_	_	
8-53	1735-1737	by	Direct Opinion[45]	_	_	_	
8-54	1738-1741	far	Direct Opinion[45]	_	_	_	
8-55	1742-1743	.	_	_	_	_	
8-56	1745-1753	IMPLICIT	Direct Aspect	_	_	_	
8-57	1754-1758	LOVE	Direct Opinion[46]	Performance#Sizing/Fit	Positive	8-56[0_46]	
8-58	1759-1763	LOVE	Direct Opinion[46]	_	_	_	
8-59	1764-1768	LOVE	Direct Opinion[46]	_	_	_	
8-60	1769-1772	and	Direct Opinion[46]	_	_	_	
8-61	1773-1776	fit	Direct Opinion[46]	_	_	_	
8-62	1777-1781	true	Direct Opinion[46]	_	_	_	
8-63	1782-1784	to	Direct Opinion[46]	_	_	_	
8-64	1785-1789	size	Direct Opinion[46]	_	_	_	
8-65	1790-1794	like	Direct Opinion[46]	_	_	_	
8-66	1795-1796	a	Direct Opinion[46]	_	_	_	
8-67	1797-1802	glove	Direct Opinion[46]	_	_	_	
8-68	1803-1804	:	Direct Opinion[46]	_	_	_	
8-69	1804-1805	)	Direct Opinion[46]	_	_	_	
8-70	1806-1807	.	_	_	_	_	
8-71	1809-1817	IMPLICIT	_	_	_	_	

#Text=The colors appear dark gray on the shoes and the image when I receive them they were black .  IMPLICIT They were probably one of the most uncomfortable parachutes I've ever tried on .  IMPLICIT They were returned within 72 hours of receiving them IMPLICIT
9-1	1819-1822	The	Direct Opinion[47]	Appearance#Color	Negative	9-20[48_47]	
9-2	1823-1829	colors	Direct Opinion[47]	_	_	_	
9-3	1830-1836	appear	Direct Opinion[47]	_	_	_	
9-4	1837-1841	dark	Direct Opinion[47]	_	_	_	
9-5	1842-1846	gray	Direct Opinion[47]	_	_	_	
9-6	1847-1849	on	Direct Opinion[47]	_	_	_	
9-7	1850-1853	the	Direct Opinion[47]	_	_	_	
9-8	1854-1859	shoes	Direct Opinion[47]	_	_	_	
9-9	1860-1863	and	Direct Opinion[47]	_	_	_	
9-10	1864-1867	the	Direct Opinion[47]	_	_	_	
9-11	1868-1873	image	Direct Opinion[47]	_	_	_	
9-12	1874-1878	when	Direct Opinion[47]	_	_	_	
9-13	1879-1880	I	Direct Opinion[47]	_	_	_	
9-14	1881-1888	receive	Direct Opinion[47]	_	_	_	
9-15	1889-1893	them	Direct Opinion[47]	_	_	_	
9-16	1894-1898	they	Direct Opinion[47]	_	_	_	
9-17	1899-1903	were	Direct Opinion[47]	_	_	_	
9-18	1904-1909	black	Direct Opinion[47]	_	_	_	
9-19	1910-1911	.	_	_	_	_	
9-20	1913-1921	IMPLICIT	Direct Aspect[48]|Direct Aspect[49]	_	_	_	
9-21	1922-1926	They	Direct Opinion[50]	Performance#Comfort	Negative	9-20[49_50]	
9-22	1927-1931	were	Direct Opinion[50]	_	_	_	
9-23	1932-1940	probably	Direct Opinion[50]	_	_	_	
9-24	1941-1944	one	Direct Opinion[50]	_	_	_	
9-25	1945-1947	of	Direct Opinion[50]	_	_	_	
9-26	1948-1951	the	Direct Opinion[50]	_	_	_	
9-27	1952-1956	most	Direct Opinion[50]	_	_	_	
9-28	1957-1970	uncomfortable	Direct Opinion[50]	_	_	_	
9-29	1971-1981	parachutes	Direct Opinion[50]	_	_	_	
9-30	1982-1986	I've	Direct Opinion[50]	_	_	_	
9-31	1987-1991	ever	Direct Opinion[50]	_	_	_	
9-32	1992-1997	tried	Direct Opinion[50]	_	_	_	
9-33	1998-2000	on	Direct Opinion[50]	_	_	_	
9-34	2001-2002	.	_	_	_	_	
9-35	2004-2012	IMPLICIT	Direct Aspect	_	_	_	
9-36	2013-2017	They	Direct Opinion[51]	ContextOfUse#Purchase\_Context	Negative	9-35[0_51]	
9-37	2018-2022	were	Direct Opinion[51]	_	_	_	
9-38	2023-2031	returned	Direct Opinion[51]	_	_	_	
9-39	2032-2038	within	Direct Opinion[51]	_	_	_	
9-40	2039-2041	72	Direct Opinion[51]	_	_	_	
9-41	2042-2047	hours	Direct Opinion[51]	_	_	_	
9-42	2048-2050	of	Direct Opinion[51]	_	_	_	
9-43	2051-2060	receiving	Direct Opinion[51]	_	_	_	
9-44	2061-2065	them	Direct Opinion[51]	_	_	_	
9-45	2066-2074	IMPLICIT	_	_	_	_	

#Text=Too small especially width  .  IMPLICIT Every one doesn't have narrow feet !  IMPLICIT
10-1	2076-2079	Too	Direct Opinion[52]	Performance#Sizing/Fit	Negative	10-6[0_52]	
10-2	2080-2085	small	Direct Opinion[52]	_	_	_	
10-3	2086-2096	especially	Direct Opinion[52]	_	_	_	
10-4	2097-2102	width	Direct Opinion[52]	_	_	_	
10-5	2104-2105	.	_	_	_	_	
10-6	2107-2115	IMPLICIT	Direct Aspect	_	_	_	
10-7	2116-2121	Every	Direct Opinion[53]	Performance#Sizing/Fit	Negative	10-6[0_53]	
10-8	2122-2125	one	Direct Opinion[53]	_	_	_	
10-9	2126-2133	doesn't	Direct Opinion[53]	_	_	_	
10-10	2134-2138	have	Direct Opinion[53]	_	_	_	
10-11	2139-2145	narrow	Direct Opinion[53]	_	_	_	
10-12	2146-2150	feet	Direct Opinion[53]	_	_	_	
10-13	2151-2152	!	_	_	_	_	
10-14	2154-2162	IMPLICIT	_	_	_	_	

#Text=This is the second time I ordered a wide size shoe and was sent a regular size .  IMPLICIT Now I am inconvenienced for the second time with having to bring the return to a UPS store to send it back and wait to get my $100+ back because they won't do an exchange and forcing me to due a return, blaming it on COVID ?  ?  ?  ?  IMPLICIT What's the difference .  IMPLICIT
11-1	2164-2168	This	Direct Opinion[54]	Performance#Sizing/Fit	Negative	11-19[55_54]	
11-2	2169-2171	is	Direct Opinion[54]	_	_	_	
11-3	2172-2175	the	Direct Opinion[54]	_	_	_	
11-4	2176-2182	second	Direct Opinion[54]	_	_	_	
11-5	2183-2187	time	Direct Opinion[54]	_	_	_	
11-6	2188-2189	I	Direct Opinion[54]	_	_	_	
11-7	2190-2197	ordered	Direct Opinion[54]	_	_	_	
11-8	2198-2199	a	Direct Opinion[54]	_	_	_	
11-9	2200-2204	wide	Direct Opinion[54]	_	_	_	
11-10	2205-2209	size	Direct Opinion[54]	_	_	_	
11-11	2210-2214	shoe	Direct Opinion[54]	_	_	_	
11-12	2215-2218	and	Direct Opinion[54]	_	_	_	
11-13	2219-2222	was	Direct Opinion[54]	_	_	_	
11-14	2223-2227	sent	Direct Opinion[54]	_	_	_	
11-15	2228-2229	a	Direct Opinion[54]	_	_	_	
11-16	2230-2237	regular	Direct Opinion[54]	_	_	_	
11-17	2238-2242	size	Direct Opinion[54]	_	_	_	
11-18	2243-2244	.	_	_	_	_	
11-19	2246-2254	IMPLICIT	Direct Aspect[55]|Direct Aspect[56]	_	_	_	
11-20	2255-2258	Now	Direct Opinion[57]	ContextOfUse#Purchase\_Context	Negative	11-19[56_57]	
11-21	2259-2260	I	Direct Opinion[57]	_	_	_	
11-22	2261-2263	am	Direct Opinion[57]	_	_	_	
11-23	2264-2278	inconvenienced	Direct Opinion[57]	_	_	_	
11-24	2279-2282	for	Direct Opinion[57]	_	_	_	
11-25	2283-2286	the	Direct Opinion[57]	_	_	_	
11-26	2287-2293	second	Direct Opinion[57]	_	_	_	
11-27	2294-2298	time	Direct Opinion[57]	_	_	_	
11-28	2299-2303	with	Direct Opinion[57]	_	_	_	
11-29	2304-2310	having	Direct Opinion[57]	_	_	_	
11-30	2311-2313	to	Direct Opinion[57]	_	_	_	
11-31	2314-2319	bring	Direct Opinion[57]	_	_	_	
11-32	2320-2323	the	Direct Opinion[57]	_	_	_	
11-33	2324-2330	return	Direct Opinion[57]	_	_	_	
11-34	2331-2333	to	Direct Opinion[57]	_	_	_	
11-35	2334-2335	a	Direct Opinion[57]	_	_	_	
11-36	2336-2339	UPS	Direct Opinion[57]	_	_	_	
11-37	2340-2345	store	Direct Opinion[57]	_	_	_	
11-38	2346-2348	to	Direct Opinion[57]	_	_	_	
11-39	2349-2353	send	Direct Opinion[57]	_	_	_	
11-40	2354-2356	it	Direct Opinion[57]	_	_	_	
11-41	2357-2361	back	Direct Opinion[57]	_	_	_	
11-42	2362-2365	and	Direct Opinion[57]	_	_	_	
11-43	2366-2370	wait	Direct Opinion[57]	_	_	_	
11-44	2371-2373	to	Direct Opinion[57]	_	_	_	
11-45	2374-2377	get	Direct Opinion[57]	_	_	_	
11-46	2378-2380	my	Direct Opinion[57]	_	_	_	
11-47	2381-2385	$100	Direct Opinion[57]	_	_	_	
11-48	2385-2386	+	Direct Opinion[57]	_	_	_	
11-49	2387-2391	back	Direct Opinion[57]	_	_	_	
11-50	2392-2399	because	Direct Opinion[57]	_	_	_	
11-51	2400-2404	they	Direct Opinion[57]	_	_	_	
11-52	2405-2410	won't	Direct Opinion[57]	_	_	_	
11-53	2411-2413	do	Direct Opinion[57]	_	_	_	
11-54	2414-2416	an	Direct Opinion[57]	_	_	_	
11-55	2417-2425	exchange	Direct Opinion[57]	_	_	_	
11-56	2426-2429	and	Direct Opinion[57]	_	_	_	
11-57	2430-2437	forcing	Direct Opinion[57]	_	_	_	
11-58	2438-2440	me	Direct Opinion[57]	_	_	_	
11-59	2441-2443	to	Direct Opinion[57]	_	_	_	
11-60	2444-2447	due	Direct Opinion[57]	_	_	_	
11-61	2448-2449	a	Direct Opinion[57]	_	_	_	
11-62	2450-2456	return	Direct Opinion[57]	_	_	_	
11-63	2456-2457	,	Direct Opinion[57]	_	_	_	
11-64	2458-2465	blaming	Direct Opinion[57]	_	_	_	
11-65	2466-2468	it	Direct Opinion[57]	_	_	_	
11-66	2469-2471	on	Direct Opinion[57]	_	_	_	
11-67	2472-2477	COVID	Direct Opinion[57]	_	_	_	
11-68	2478-2479	?	Direct Opinion[57]	_	_	_	
11-69	2481-2482	?	Direct Opinion[57]	_	_	_	
11-70	2484-2485	?	Direct Opinion[57]	_	_	_	
11-71	2487-2488	?	Direct Opinion[57]	_	_	_	
11-72	2490-2498	IMPLICIT	_	_	_	_	
11-73	2499-2505	What's	_	_	_	_	
11-74	2506-2509	the	_	_	_	_	
11-75	2510-2520	difference	_	_	_	_	
11-76	2521-2522	.	_	_	_	_	
11-77	2524-2532	IMPLICIT	_	_	_	_	

#Text=Too small especially width  .  IMPLICIT Every one doesn't have narrow feet !  IMPLICIT
12-1	2534-2537	Too	Direct Opinion[58]	Performance#Sizing/Fit	Negative	12-6[59_58]	
12-2	2538-2543	small	Direct Opinion[58]	_	_	_	
12-3	2544-2554	especially	Direct Opinion[58]	_	_	_	
12-4	2555-2560	width	Direct Opinion[58]	_	_	_	
12-5	2562-2563	.	_	_	_	_	
12-6	2565-2573	IMPLICIT	Direct Aspect[59]|Direct Aspect[60]	_	_	_	
12-7	2574-2579	Every	Direct Opinion[61]	Performance#Sizing/Fit	Negative	12-6[60_61]	
12-8	2580-2583	one	Direct Opinion[61]	_	_	_	
12-9	2584-2591	doesn't	Direct Opinion[61]	_	_	_	
12-10	2592-2596	have	Direct Opinion[61]	_	_	_	
12-11	2597-2603	narrow	Direct Opinion[61]	_	_	_	
12-12	2604-2608	feet	Direct Opinion[61]	_	_	_	
12-13	2609-2610	!	Direct Opinion[61]	_	_	_	
12-14	2612-2620	IMPLICIT	_	_	_	_	

#Text=I am on my feet all day and expected these to be more comfortable .  IMPLICIT I had to buy a foam insert for them .  IMPLICIT After putting in I was able to wear the shoes .  IMPLICIT
13-1	2622-2623	I	Direct Opinion[62]	Performance#Comfort	Negative	13-16[63_62]	
13-2	2624-2626	am	Direct Opinion[62]	_	_	_	
13-3	2627-2629	on	Direct Opinion[62]	_	_	_	
13-4	2630-2632	my	Direct Opinion[62]	_	_	_	
13-5	2633-2637	feet	Direct Opinion[62]	_	_	_	
13-6	2638-2641	all	Direct Opinion[62]	_	_	_	
13-7	2642-2645	day	Direct Opinion[62]	_	_	_	
13-8	2646-2649	and	Direct Opinion[62]	_	_	_	
13-9	2650-2658	expected	Direct Opinion[62]	_	_	_	
13-10	2659-2664	these	Direct Opinion[62]	_	_	_	
13-11	2665-2667	to	Direct Opinion[62]	_	_	_	
13-12	2668-2670	be	Direct Opinion[62]	_	_	_	
13-13	2671-2675	more	Direct Opinion[62]	_	_	_	
13-14	2676-2687	comfortable	Direct Opinion[62]	_	_	_	
13-15	2688-2689	.	_	_	_	_	
13-16	2691-2699	IMPLICIT	Direct Aspect[63]|Direct Aspect[64]	_	_	_	
13-17	2700-2701	I	Direct Opinion[65]	Performance#Misc	Negative	13-16[64_65]	
13-18	2702-2705	had	Direct Opinion[65]	_	_	_	
13-19	2706-2708	to	Direct Opinion[65]	_	_	_	
13-20	2709-2712	buy	Direct Opinion[65]	_	_	_	
13-21	2713-2714	a	Direct Opinion[65]	_	_	_	
13-22	2715-2719	foam	Direct Opinion[65]	_	_	_	
13-23	2720-2726	insert	Direct Opinion[65]	_	_	_	
13-24	2727-2730	for	Direct Opinion[65]	_	_	_	
13-25	2731-2735	them	Direct Opinion[65]	_	_	_	
13-26	2736-2737	.	_	_	_	_	
13-27	2739-2747	IMPLICIT	Direct Aspect	_	_	_	
13-28	2748-2753	After	Direct Opinion[66]	Performance#Use Case Applicability	Positive	13-27[0_66]	
13-29	2754-2761	putting	Direct Opinion[66]	_	_	_	
13-30	2762-2764	in	Direct Opinion[66]	_	_	_	
13-31	2765-2766	I	Direct Opinion[66]	_	_	_	
13-32	2767-2770	was	Direct Opinion[66]	_	_	_	
13-33	2771-2775	able	Direct Opinion[66]	_	_	_	
13-34	2776-2778	to	Direct Opinion[66]	_	_	_	
13-35	2779-2783	wear	Direct Opinion[66]	_	_	_	
13-36	2784-2787	the	Direct Opinion[66]	_	_	_	
13-37	2788-2793	shoes	Direct Opinion[66]	_	_	_	
13-38	2794-2795	.	_	_	_	_	
13-39	2797-2805	IMPLICIT	_	_	_	_	

#Text=The shoe is cute but there is NO stretch to the opening to put your foot in .  IMPLICIT Made it difficult to put on .  IMPLICIT I returned the shoes .  IMPLICIT
14-1	2807-2810	The	_	_	_	_	
14-2	2811-2815	shoe	Direct Aspect[67]|Direct Aspect[68]|Direct Aspect[69]	_	_	_	
14-3	2816-2818	is	_	_	_	_	
14-4	2819-2823	cute	Direct Opinion	Performance#General	Positive	14-2[67_0]	
14-5	2824-2827	but	Indirect Opinion[70]	Performance#Sizing/Fit	Negative	14-2[68_70]	
14-6	2828-2833	there	Indirect Opinion[70]	_	_	_	
14-7	2834-2836	is	Indirect Opinion[70]	_	_	_	
14-8	2837-2839	NO	Indirect Opinion[70]	_	_	_	
14-9	2840-2847	stretch	Indirect Opinion[70]	_	_	_	
14-10	2848-2850	to	Indirect Opinion[70]	_	_	_	
14-11	2851-2854	the	Indirect Opinion[70]	_	_	_	
14-12	2855-2862	opening	Indirect Opinion[70]	_	_	_	
14-13	2863-2865	to	Indirect Opinion[70]	_	_	_	
14-14	2866-2869	put	Indirect Opinion[70]	_	_	_	
14-15	2870-2874	your	Indirect Opinion[70]	_	_	_	
14-16	2875-2879	foot	Indirect Opinion[70]	_	_	_	
14-17	2880-2882	in	Indirect Opinion[70]	_	_	_	
14-18	2883-2884	.	_	_	_	_	
14-19	2886-2894	IMPLICIT	_	_	_	_	
14-20	2895-2899	Made	Indirect Opinion[71]	Performance#Sizing/Fit	Negative	14-2[69_71]	
14-21	2900-2902	it	Indirect Opinion[71]	_	_	_	
14-22	2903-2912	difficult	Indirect Opinion[71]	_	_	_	
14-23	2913-2915	to	Indirect Opinion[71]	_	_	_	
14-24	2916-2919	put	Indirect Opinion[71]	_	_	_	
14-25	2920-2922	on	Indirect Opinion[71]	_	_	_	
14-26	2923-2924	.	_	_	_	_	
14-27	2926-2934	IMPLICIT	_	_	_	_	
14-28	2935-2936	I	Direct Opinion[72]	ContextOfUse#Purchase\_Context	Negative	14-31[0_72]	
14-29	2937-2945	returned	Direct Opinion[72]	_	_	_	
14-30	2946-2949	the	_	_	_	_	
14-31	2950-2955	shoes	Direct Aspect	_	_	_	
14-32	2956-2957	.	_	_	_	_	
14-33	2959-2967	IMPLICIT	_	_	_	_	

#Text=I've worn the gts adrenaline shoes for a couple years now The 2021 design is terrible .  IMPLICIT They are not comfortable .  IMPLICIT My arches of my feet are so sore .  IMPLICIT I never had this issue with past designs .  IMPLICIT I will not buy them again .  IMPLICIT "I'm a nurse and I'm on my feet a lot" IMPLICIT
15-1	2969-2973	I've	Direct Opinion[73]	Performance#Durability	Positive	15-18[75_73]	
15-2	2974-2978	worn	Direct Opinion[73]	_	_	_	
15-3	2979-2982	the	Direct Opinion[73]	_	_	_	
15-4	2983-2986	gts	Direct Opinion[73]	_	_	_	
15-5	2987-2997	adrenaline	Direct Opinion[73]	_	_	_	
15-6	2998-3003	shoes	Direct Opinion[73]	_	_	_	
15-7	3004-3007	for	Direct Opinion[73]	_	_	_	
15-8	3008-3009	a	Direct Opinion[73]	_	_	_	
15-9	3010-3016	couple	Direct Opinion[73]	_	_	_	
15-10	3017-3022	years	Direct Opinion[73]	_	_	_	
15-11	3023-3026	now	Direct Opinion[73]	_	_	_	
15-12	3027-3030	The	Direct Opinion[74]	Appearance#Form	Negative	15-18[76_74]	
15-13	3031-3035	2021	Direct Opinion[74]	_	_	_	
15-14	3036-3042	design	Direct Opinion[74]	_	_	_	
15-15	3043-3045	is	Direct Opinion[74]	_	_	_	
15-16	3046-3054	terrible	Direct Opinion[74]	_	_	_	
15-17	3055-3056	.	_	_	_	_	
15-18	3058-3066	IMPLICIT	Direct Aspect[75]|Direct Aspect[76]|Direct Aspect[77]	_	_	_	
15-19	3067-3071	They	Direct Opinion[78]	Performance#Comfort	Negative	15-18[77_78]	
15-20	3072-3075	are	Direct Opinion[78]	_	_	_	
15-21	3076-3079	not	Direct Opinion[78]	_	_	_	
15-22	3080-3091	comfortable	Direct Opinion[78]	_	_	_	
15-23	3092-3093	.	_	_	_	_	
15-24	3095-3103	IMPLICIT	Direct Aspect	_	_	_	
15-25	3104-3106	My	Direct Opinion[79]	Appearance#Material	Negative	15-24[0_79]	
15-26	3107-3113	arches	Direct Opinion[79]	_	_	_	
15-27	3114-3116	of	Direct Opinion[79]	_	_	_	
15-28	3117-3119	my	Direct Opinion[79]	_	_	_	
15-29	3120-3124	feet	Direct Opinion[79]	_	_	_	
15-30	3125-3128	are	Direct Opinion[79]	_	_	_	
15-31	3129-3131	so	Direct Opinion[79]	_	_	_	
15-32	3132-3136	sore	Direct Opinion[79]	_	_	_	
15-33	3137-3138	.	_	_	_	_	
15-34	3140-3148	IMPLICIT	Direct Aspect	_	_	_	
15-35	3149-3150	I	Direct Opinion[80]	Appearance#Misc	Negative	15-34[0_80]	
15-36	3151-3156	never	Direct Opinion[80]	_	_	_	
15-37	3157-3160	had	Direct Opinion[80]	_	_	_	
15-38	3161-3165	this	Direct Opinion[80]	_	_	_	
15-39	3166-3171	issue	Direct Opinion[80]	_	_	_	
15-40	3172-3176	with	Direct Opinion[80]	_	_	_	
15-41	3177-3181	past	Direct Opinion[80]	_	_	_	
15-42	3182-3189	designs	Direct Opinion[80]	_	_	_	
15-43	3190-3191	.	_	_	_	_	
15-44	3193-3201	IMPLICIT	Direct Aspect	_	_	_	
15-45	3202-3203	I	Direct Opinion[81]	ContextOfUse#Purchase\_Context	Negative	15-44[0_81]	
15-46	3204-3208	will	Direct Opinion[81]	_	_	_	
15-47	3209-3212	not	Direct Opinion[81]	_	_	_	
15-48	3213-3216	buy	Direct Opinion[81]	_	_	_	
15-49	3217-3221	them	Direct Opinion[81]	_	_	_	
15-50	3222-3227	again	Direct Opinion[81]	_	_	_	
15-51	3228-3229	.	_	_	_	_	
15-52	3231-3239	IMPLICIT	Direct Aspect	_	_	_	
15-53	3240-3241	"	Direct Opinion[82]	ContextOfUse#Use case	Negative	15-52[0_82]	
15-54	3241-3244	I'm	Direct Opinion[82]	_	_	_	
15-55	3245-3246	a	Direct Opinion[82]	_	_	_	
15-56	3247-3252	nurse	Direct Opinion[82]	_	_	_	
15-57	3253-3256	and	Direct Opinion[82]	_	_	_	
15-58	3257-3260	I'm	Direct Opinion[82]	_	_	_	
15-59	3261-3263	on	Direct Opinion[82]	_	_	_	
15-60	3264-3266	my	Direct Opinion[82]	_	_	_	
15-61	3267-3271	feet	Direct Opinion[82]	_	_	_	
15-62	3272-3273	a	Direct Opinion[82]	_	_	_	
15-63	3274-3277	lot	Direct Opinion[82]	_	_	_	
15-64	3277-3278	"	Direct Opinion[82]	_	_	_	
15-65	3279-3287	IMPLICIT	_	_	_	_	

#Text=I like the shoes style and it looks very good on however putting them on hurt my feet extremely .  IMPLICIT They're very stiff and maybe it's because I need to break them in, but it's kinda of unbearable .  IMPLICIT It was disappointing since reading the other reviews positivity .  IMPLICIT
16-1	3289-3290	I	Direct Opinion[83]	Appearance#Material	Positive	16-21[85_83]	
16-2	3291-3295	like	Direct Opinion[83]	_	_	_	
16-3	3296-3299	the	Direct Opinion[83]	_	_	_	
16-4	3300-3305	shoes	Direct Opinion[83]	_	_	_	
16-5	3306-3311	style	Direct Opinion[83]	_	_	_	
16-6	3312-3315	and	Direct Opinion[83]	_	_	_	
16-7	3316-3318	it	Direct Opinion[83]	_	_	_	
16-8	3319-3324	looks	Direct Opinion[83]	_	_	_	
16-9	3325-3329	very	Direct Opinion[83]	_	_	_	
16-10	3330-3334	good	Direct Opinion[83]	_	_	_	
16-11	3335-3337	on	_	_	_	_	
16-12	3338-3345	however	Direct Opinion[84]	ContextOfUse#Use case	Negative	16-21[86_84]	
16-13	3346-3353	putting	Direct Opinion[84]	_	_	_	
16-14	3354-3358	them	Direct Opinion[84]	_	_	_	
16-15	3359-3361	on	Direct Opinion[84]	_	_	_	
16-16	3362-3366	hurt	Direct Opinion[84]	_	_	_	
16-17	3367-3369	my	Direct Opinion[84]	_	_	_	
16-18	3370-3374	feet	Direct Opinion[84]	_	_	_	
16-19	3375-3384	extremely	Direct Opinion[84]	_	_	_	
16-20	3385-3386	.	_	_	_	_	
16-21	3388-3396	IMPLICIT	Direct Aspect[85]|Direct Aspect[86]|Direct Aspect[87]	_	_	_	
16-22	3397-3404	They're	Indirect Opinion[88]	Performance#Support/Stability	Negative	16-21[87_88]	
16-23	3405-3409	very	Indirect Opinion[88]	_	_	_	
16-24	3410-3415	stiff	Indirect Opinion[88]	_	_	_	
16-25	3416-3419	and	Indirect Opinion[88]	_	_	_	
16-26	3420-3425	maybe	Indirect Opinion[88]	_	_	_	
16-27	3426-3430	it's	Indirect Opinion[88]	_	_	_	
16-28	3431-3438	because	Indirect Opinion[88]	_	_	_	
16-29	3439-3440	I	Indirect Opinion[88]	_	_	_	
16-30	3441-3445	need	Indirect Opinion[88]	_	_	_	
16-31	3446-3448	to	Indirect Opinion[88]	_	_	_	
16-32	3449-3454	break	Indirect Opinion[88]	_	_	_	
16-33	3455-3459	them	Indirect Opinion[88]	_	_	_	
16-34	3460-3462	in	Indirect Opinion[88]	_	_	_	
16-35	3462-3463	,	_	_	_	_	
16-36	3464-3467	but	Direct Opinion[89]	Performance#Comfort	Negative	16-42[90_89]	
16-37	3468-3472	it's	Direct Opinion[89]	_	_	_	
16-38	3473-3478	kinda	Direct Opinion[89]	_	_	_	
16-39	3479-3481	of	Direct Opinion[89]	_	_	_	
16-40	3482-3492	unbearable	Direct Opinion[89]	_	_	_	
16-41	3493-3494	.	_	_	_	_	
16-42	3496-3504	IMPLICIT	Direct Aspect[90]|Direct Aspect[91]	_	_	_	
16-43	3505-3507	It	Direct Opinion[92]	ContextOfUse#Purchase\_Context	Negative	16-42[91_92]	
16-44	3508-3511	was	Direct Opinion[92]	_	_	_	
16-45	3512-3525	disappointing	Direct Opinion[92]	_	_	_	
16-46	3526-3531	since	Direct Opinion[92]	_	_	_	
16-47	3532-3539	reading	Direct Opinion[92]	_	_	_	
16-48	3540-3543	the	Direct Opinion[92]	_	_	_	
16-49	3544-3549	other	Direct Opinion[92]	_	_	_	
16-50	3550-3557	reviews	Direct Opinion[92]	_	_	_	
16-51	3558-3568	positivity	Direct Opinion[92]	_	_	_	
16-52	3569-3570	.	_	_	_	_	
16-53	3572-3580	IMPLICIT	_	_	_	_	

#Text=These run VERY big .  IMPLICIT I'm normally a 9 but had to return for an 8 .  IMPLICIT
17-1	3582-3587	These	Direct Aspect[93]|Direct Aspect[94]	_	_	_	
17-2	3588-3591	run	Direct Opinion[95]	Performance#Sizing/Fit	Negative	17-1[93_95]	
17-3	3592-3596	VERY	Direct Opinion[95]	_	_	_	
17-4	3597-3600	big	Direct Opinion[95]	_	_	_	
17-5	3601-3602	.	_	_	_	_	
17-6	3604-3612	IMPLICIT	_	_	_	_	
17-7	3613-3616	I'm	Direct Opinion[96]	Performance#Sizing/Fit	Negative	17-1[94_96]	
17-8	3617-3625	normally	Direct Opinion[96]	_	_	_	
17-9	3626-3627	a	Direct Opinion[96]	_	_	_	
17-10	3628-3629	9	Direct Opinion[96]	_	_	_	
17-11	3630-3633	but	Direct Opinion[96]	_	_	_	
17-12	3634-3637	had	Direct Opinion[96]	_	_	_	
17-13	3638-3640	to	Direct Opinion[96]	_	_	_	
17-14	3641-3647	return	Direct Opinion[96]	_	_	_	
17-15	3648-3651	for	Direct Opinion[96]	_	_	_	
17-16	3652-3654	an	Direct Opinion[96]	_	_	_	
17-17	3655-3656	8	Direct Opinion[96]	_	_	_	
17-18	3657-3658	.	_	_	_	_	
17-19	3660-3668	IMPLICIT	_	_	_	_	

#Text=I love these I just didn't like the tongue but I can live with it IMPLICIT
18-1	3670-3671	I	_	_	_	_	
18-2	3672-3676	love	Direct Opinion	Performance#General	Positive	18-3[97_0]	
18-3	3677-3682	these	Direct Aspect[97]|Direct Aspect[98]	_	_	_	
18-4	3683-3684	I	Indirect Opinion[99]	Appearance#Material	Negative	18-3[98_99]	
18-5	3685-3689	just	Indirect Opinion[99]	_	_	_	
18-6	3690-3696	didn't	Indirect Opinion[99]	_	_	_	
18-7	3697-3701	like	Indirect Opinion[99]	_	_	_	
18-8	3702-3705	the	Indirect Opinion[99]	_	_	_	
18-9	3706-3712	tongue	Indirect Opinion[99]	_	_	_	
18-10	3713-3716	but	Indirect Opinion[99]	_	_	_	
18-11	3717-3718	I	Indirect Opinion[99]	_	_	_	
18-12	3719-3722	can	Indirect Opinion[99]	_	_	_	
18-13	3723-3727	live	Indirect Opinion[99]	_	_	_	
18-14	3728-3732	with	Indirect Opinion[99]	_	_	_	
18-15	3733-3735	it	Indirect Opinion[99]	_	_	_	
18-16	3736-3744	IMPLICIT	_	_	_	_	

#Text=Bad poor quality  .  .  .  really is ugly no look perfect quality and very simple shoe IMPLICIT
19-1	3746-3749	Bad	Direct Opinion[100]	Appearance#Misc	Negative	19-17[103_100]	
19-2	3750-3754	poor	Direct Opinion[100]	_	_	_	
19-3	3755-3762	quality	Direct Opinion[100]	_	_	_	
19-4	3764-3765	.	_	_	_	_	
19-5	3767-3768	.	_	_	_	_	
19-6	3770-3771	.	_	_	_	_	
19-7	3773-3779	really	Indirect Opinion[101]	Appearance#Material	Negative	19-17[102_101]	
19-8	3780-3782	is	Indirect Opinion[101]	_	_	_	
19-9	3783-3787	ugly	Indirect Opinion[101]	_	_	_	
19-10	3788-3790	no	Indirect Opinion[101]	_	_	_	
19-11	3791-3795	look	Indirect Opinion[101]	_	_	_	
19-12	3796-3803	perfect	Indirect Opinion[101]	_	_	_	
19-13	3804-3811	quality	Indirect Opinion[101]	_	_	_	
19-14	3812-3815	and	Indirect Opinion[101]	_	_	_	
19-15	3816-3820	very	Indirect Opinion[101]	_	_	_	
19-16	3821-3827	simple	Indirect Opinion[101]	_	_	_	
19-17	3828-3832	shoe	Direct Aspect[102]|Direct Aspect[103]	_	_	_	
19-18	3833-3841	IMPLICIT	_	_	_	_	

#Text=I work in the brand of shoes and work .  IMPLICIT Its got good grip and comfortable .  IMPLICIT
20-1	3843-3844	I	_	_	_	_	
20-2	3845-3849	work	_	_	_	_	
20-3	3850-3852	in	_	_	_	_	
20-4	3853-3856	the	_	_	_	_	
20-5	3857-3862	brand	_	_	_	_	
20-6	3863-3865	of	_	_	_	_	
20-7	3866-3871	shoes	Direct Aspect	_	_	_	
20-8	3872-3875	and	_	_	_	_	
20-9	3876-3880	work	_	_	_	_	
20-10	3881-3882	.	_	_	_	_	
20-11	3884-3892	IMPLICIT	_	_	_	_	
20-12	3893-3896	Its	Direct Opinion[104]	Performance#Comfort	Positive	20-7[0_104]	
20-13	3897-3900	got	Direct Opinion[104]	_	_	_	
20-14	3901-3905	good	Direct Opinion[104]	_	_	_	
20-15	3906-3910	grip	Direct Opinion[104]	_	_	_	
20-16	3911-3914	and	Direct Opinion[104]	_	_	_	
20-17	3915-3926	comfortable	Direct Opinion[104]	_	_	_	
20-18	3927-3928	.	_	_	_	_	
20-19	3930-3938	IMPLICIT	_	_	_	_	

#Text=Should come in different colours .  IMPLICIT Would definitely recommend this to anyone .  IMPLICIT
21-1	3940-3946	Should	Direct Opinion[105]	Appearance#Color	Neutral	21-7[106_105]	
21-2	3947-3951	come	Direct Opinion[105]	_	_	_	
21-3	3952-3954	in	Direct Opinion[105]	_	_	_	
21-4	3955-3964	different	Direct Opinion[105]	_	_	_	
21-5	3965-3972	colours	Direct Opinion[105]	_	_	_	
21-6	3973-3974	.	_	_	_	_	
21-7	3976-3984	IMPLICIT	Direct Aspect[106]|Direct Aspect[107]	_	_	_	
21-8	3985-3990	Would	Direct Opinion[108]	ContextOfUse#Purchase\_Context	Positive	21-7[107_108]	
21-9	3991-4001	definitely	Direct Opinion[108]	_	_	_	
21-10	4002-4011	recommend	Direct Opinion[108]	_	_	_	
21-11	4012-4016	this	Direct Opinion[108]	_	_	_	
21-12	4017-4019	to	Direct Opinion[108]	_	_	_	
21-13	4020-4026	anyone	Direct Opinion[108]	_	_	_	
21-14	4027-4028	.	_	_	_	_	
21-15	4030-4038	IMPLICIT	_	_	_	_	

#Text=I love the suede on the shoes .  IMPLICIT Very comfortable .  IMPLICIT Css was n wear the all day long without any discomfort .  IMPLICIT
22-1	4040-4041	I	Direct Opinion[109]	Appearance#Material	Positive	22-7[110_109]	
22-2	4042-4046	love	Direct Opinion[109]	_	_	_	
22-3	4047-4050	the	Direct Opinion[109]	_	_	_	
22-4	4051-4056	suede	Direct Opinion[109]	_	_	_	
22-5	4057-4059	on	_	_	_	_	
22-6	4060-4063	the	_	_	_	_	
22-7	4064-4069	shoes	Direct Aspect[110]|Direct Aspect[111]|Direct Aspect[112]	_	_	_	
22-8	4070-4071	.	_	_	_	_	
22-9	4073-4081	IMPLICIT	_	_	_	_	
22-10	4082-4086	Very	Direct Opinion[113]	Performance#Comfort	Positive	22-7[111_113]	
22-11	4087-4098	comfortable	Direct Opinion[113]	_	_	_	
22-12	4099-4100	.	_	_	_	_	
22-13	4102-4110	IMPLICIT	_	_	_	_	
22-14	4111-4114	Css	Direct Opinion[114]	Performance#Durability	Positive	22-7[112_114]	
22-15	4115-4118	was	Direct Opinion[114]	_	_	_	
22-16	4119-4120	n	Direct Opinion[114]	_	_	_	
22-17	4121-4125	wear	Direct Opinion[114]	_	_	_	
22-18	4126-4129	the	Direct Opinion[114]	_	_	_	
22-19	4130-4133	all	Direct Opinion[114]	_	_	_	
22-20	4134-4137	day	Direct Opinion[114]	_	_	_	
22-21	4138-4142	long	Direct Opinion[114]	_	_	_	
22-22	4143-4150	without	Direct Opinion[114]	_	_	_	
22-23	4151-4154	any	Direct Opinion[114]	_	_	_	
22-24	4155-4165	discomfort	Direct Opinion[114]	_	_	_	
22-25	4166-4167	.	_	_	_	_	
22-26	4169-4177	IMPLICIT	_	_	_	_	

#Text=These shoes feel so good on my feet .  IMPLICIT Like walking on a cloud .  IMPLICIT
23-1	4179-4184	These	_	_	_	_	
23-2	4185-4190	shoes	Direct Aspect[115]|Direct Aspect[116]	_	_	_	
23-3	4191-4195	feel	Direct Opinion[117]	Appearance#Material	Positive	23-2[115_117]	
23-4	4196-4198	so	Direct Opinion[117]	_	_	_	
23-5	4199-4203	good	Direct Opinion[117]	_	_	_	
23-6	4204-4206	on	Direct Opinion[117]	_	_	_	
23-7	4207-4209	my	Direct Opinion[117]	_	_	_	
23-8	4210-4214	feet	Direct Opinion[117]	_	_	_	
23-9	4215-4216	.	_	_	_	_	
23-10	4218-4226	IMPLICIT	_	_	_	_	
23-11	4227-4231	Like	Direct Opinion[118]	ContextOfUse#Use case	Positive	23-2[116_118]	
23-12	4232-4239	walking	Direct Opinion[118]	_	_	_	
23-13	4240-4242	on	Direct Opinion[118]	_	_	_	
23-14	4243-4244	a	Direct Opinion[118]	_	_	_	
23-15	4245-4250	cloud	Direct Opinion[118]	_	_	_	
23-16	4251-4252	.	_	_	_	_	
23-17	4254-4262	IMPLICIT	_	_	_	_	

#Text=I was a little torn on what size to get because so many people said to size up, but I decided to go with my normal size anyway, and I'm glad I did .  IMPLICIT If I had sized up, these would have been too big .  IMPLICIT They did feel a little narrow, especially for a work boot, but I think they'll break in nicely .  IMPLICIT They also look pretty cute if I wanted to go for a lumberchick look, lol .  IMPLICIT
24-1	4264-4265	I	Indirect Opinion[119]	Performance#Sizing/Fit	Positive	24-37[0_119]	
24-2	4266-4269	was	Indirect Opinion[119]	_	_	_	
24-3	4270-4271	a	Indirect Opinion[119]	_	_	_	
24-4	4272-4278	little	Indirect Opinion[119]	_	_	_	
24-5	4279-4283	torn	Indirect Opinion[119]	_	_	_	
24-6	4284-4286	on	Indirect Opinion[119]	_	_	_	
24-7	4287-4291	what	Indirect Opinion[119]	_	_	_	
24-8	4292-4296	size	Indirect Opinion[119]	_	_	_	
24-9	4297-4299	to	Indirect Opinion[119]	_	_	_	
24-10	4300-4303	get	Indirect Opinion[119]	_	_	_	
24-11	4304-4311	because	Indirect Opinion[119]	_	_	_	
24-12	4312-4314	so	Indirect Opinion[119]	_	_	_	
24-13	4315-4319	many	Indirect Opinion[119]	_	_	_	
24-14	4320-4326	people	Indirect Opinion[119]	_	_	_	
24-15	4327-4331	said	Indirect Opinion[119]	_	_	_	
24-16	4332-4334	to	Indirect Opinion[119]	_	_	_	
24-17	4335-4339	size	Indirect Opinion[119]	_	_	_	
24-18	4340-4342	up	Indirect Opinion[119]	_	_	_	
24-19	4342-4343	,	Indirect Opinion[119]	_	_	_	
24-20	4344-4347	but	Indirect Opinion[119]	_	_	_	
24-21	4348-4349	I	Indirect Opinion[119]	_	_	_	
24-22	4350-4357	decided	Indirect Opinion[119]	_	_	_	
24-23	4358-4360	to	Indirect Opinion[119]	_	_	_	
24-24	4361-4363	go	Indirect Opinion[119]	_	_	_	
24-25	4364-4368	with	Indirect Opinion[119]	_	_	_	
24-26	4369-4371	my	Indirect Opinion[119]	_	_	_	
24-27	4372-4378	normal	Indirect Opinion[119]	_	_	_	
24-28	4379-4383	size	Indirect Opinion[119]	_	_	_	
24-29	4384-4390	anyway	Indirect Opinion[119]	_	_	_	
24-30	4390-4391	,	Indirect Opinion[119]	_	_	_	
24-31	4392-4395	and	Indirect Opinion[119]	_	_	_	
24-32	4396-4399	I'm	Indirect Opinion[119]	_	_	_	
24-33	4400-4404	glad	Indirect Opinion[119]	_	_	_	
24-34	4405-4406	I	Indirect Opinion[119]	_	_	_	
24-35	4407-4410	did	Indirect Opinion[119]	_	_	_	
24-36	4411-4412	.	_	_	_	_	
24-37	4414-4422	IMPLICIT	Direct Aspect	_	_	_	
24-38	4423-4425	If	_	_	_	_	
24-39	4426-4427	I	_	_	_	_	
24-40	4428-4431	had	_	_	_	_	
24-41	4432-4437	sized	_	_	_	_	
24-42	4438-4440	up	_	_	_	_	
24-43	4440-4441	,	_	_	_	_	
24-44	4442-4447	these	Direct Aspect	_	_	_	
24-45	4448-4453	would	Direct Opinion[120]	ContextOfUse#Purchase\_Context	Positive	24-44[0_120]	
24-46	4454-4458	have	Direct Opinion[120]	_	_	_	
24-47	4459-4463	been	Direct Opinion[120]	_	_	_	
24-48	4464-4467	too	Direct Opinion[120]	_	_	_	
24-49	4468-4471	big	Direct Opinion[120]	_	_	_	
24-50	4472-4473	.	_	_	_	_	
24-51	4475-4483	IMPLICIT	Direct Aspect	_	_	_	
24-52	4484-4488	They	Indirect Opinion[121]	Performance#Use Case Applicability	Positive	24-51[0_121]	
24-53	4489-4492	did	Indirect Opinion[121]	_	_	_	
24-54	4493-4497	feel	Indirect Opinion[121]	_	_	_	
24-55	4498-4499	a	Indirect Opinion[121]	_	_	_	
24-56	4500-4506	little	Indirect Opinion[121]	_	_	_	
24-57	4507-4513	narrow	Indirect Opinion[121]	_	_	_	
24-58	4513-4514	,	Indirect Opinion[121]	_	_	_	
24-59	4515-4525	especially	Indirect Opinion[121]	_	_	_	
24-60	4526-4529	for	Indirect Opinion[121]	_	_	_	
24-61	4530-4531	a	Indirect Opinion[121]	_	_	_	
24-62	4532-4536	work	Indirect Opinion[121]	_	_	_	
24-63	4537-4541	boot	Indirect Opinion[121]	_	_	_	
24-64	4541-4542	,	Indirect Opinion[121]	_	_	_	
24-65	4543-4546	but	Indirect Opinion[121]	_	_	_	
24-66	4547-4548	I	Indirect Opinion[121]	_	_	_	
24-67	4549-4554	think	Indirect Opinion[121]	_	_	_	
24-68	4555-4562	they'll	Indirect Opinion[121]	_	_	_	
24-69	4563-4568	break	Indirect Opinion[121]	_	_	_	
24-70	4569-4571	in	Indirect Opinion[121]	_	_	_	
24-71	4572-4578	nicely	Indirect Opinion[121]	_	_	_	
24-72	4579-4580	.	_	_	_	_	
24-73	4582-4590	IMPLICIT	_	_	_	_	
24-74	4591-4595	They	Direct Aspect	_	_	_	
24-75	4596-4600	also	Direct Opinion[122]	Performance#General	Positive	24-74[0_122]	
24-76	4601-4605	look	Direct Opinion[122]	_	_	_	
24-77	4606-4612	pretty	Direct Opinion[122]	_	_	_	
24-78	4613-4617	cute	Direct Opinion[122]	_	_	_	
24-79	4618-4620	if	Direct Opinion[122]	_	_	_	
24-80	4621-4622	I	Direct Opinion[122]	_	_	_	
24-81	4623-4629	wanted	Direct Opinion[122]	_	_	_	
24-82	4630-4632	to	Direct Opinion[122]	_	_	_	
24-83	4633-4635	go	Direct Opinion[122]	_	_	_	
24-84	4636-4639	for	Direct Opinion[122]	_	_	_	
24-85	4640-4641	a	Direct Opinion[122]	_	_	_	
24-86	4642-4653	lumberchick	Direct Opinion[122]	_	_	_	
24-87	4654-4658	look	Direct Opinion[122]	_	_	_	
24-88	4658-4659	,	Direct Opinion[122]	_	_	_	
24-89	4660-4663	lol	Direct Opinion[122]	_	_	_	
24-90	4664-4665	.	_	_	_	_	
24-91	4667-4675	IMPLICIT	_	_	_	_	

#Text=But didn't work out for me .  IMPLICIT Found another shoe that works better for me .  IMPLICIT
25-1	4677-4680	But	Direct Opinion[123]	Performance#Use Case Applicability	Negative	25-11[125_123]	
25-2	4681-4687	didn't	Direct Opinion[123]	_	_	_	
25-3	4688-4692	work	Direct Opinion[123]	_	_	_	
25-4	4693-4696	out	Direct Opinion[123]	_	_	_	
25-5	4697-4700	for	Direct Opinion[123]	_	_	_	
25-6	4701-4703	me	Direct Opinion[123]	_	_	_	
25-7	4704-4705	.	_	_	_	_	
25-8	4707-4715	IMPLICIT	_	_	_	_	
25-9	4716-4721	Found	Direct Opinion[124]	ContextOfUse#Review\_Temporality	Negative	25-11[126_124]	
25-10	4722-4729	another	Direct Opinion[124]	_	_	_	
25-11	4730-4734	shoe	Direct Aspect[125]|Direct Aspect[126]	_	_	_	
25-12	4735-4739	that	Direct Opinion[127]	ContextOfUse#Purchase\_Context	Negative	25-11[126_127]	
25-13	4740-4745	works	Direct Opinion[127]	_	_	_	
25-14	4746-4752	better	Direct Opinion[127]	_	_	_	
25-15	4753-4756	for	Direct Opinion[127]	_	_	_	
25-16	4757-4759	me	Direct Opinion[127]	_	_	_	
25-17	4760-4761	.	_	_	_	_	
25-18	4763-4771	IMPLICIT	_	_	_	_	
