#FORMAT=WebAnno TSV 3.3
#T_SP=webanno.custom.Aspect|MentionType
#T_RL=webanno.custom.Sentiment|Category|Polarity|BT_webanno.custom.Aspect


#Text=Very uncomfortable shoe all around made with cheap plastic .  IMPLICIT To narrow and too small for a size 11 .  IMPLICIT
1-1	0-4	Very	Direct Opinion[1]	_	_	_	
1-2	5-18	uncomfortable	Direct Opinion[1]	_	_	_	
1-3	19-23	shoe	Direct Aspect	Performance#Comfort	Negative	1-1[1_0]	
1-4	24-27	all	_	_	_	_	
1-5	28-34	around	_	_	_	_	
1-6	35-39	made	Direct Opinion[2]	Appearance#Material|Appearance#Material	Negative|Negative	1-3[0_2]|1-9[3_2]	
1-7	40-44	with	Direct Opinion[2]	_	_	_	
1-8	45-50	cheap	Direct Opinion[2]	_	_	_	
1-9	51-58	plastic	Direct Opinion[2]|Direct Aspect[3]	_	_	_	
1-10	59-60	.	_	_	_	_	
1-11	62-70	IMPLICIT	_	_	_	_	
1-12	71-73	To	_	_	_	_	
1-13	74-80	narrow	Direct Opinion[4]	_	_	_	
1-14	81-84	and	Direct Opinion[4]	_	_	_	
1-15	85-88	too	Direct Opinion[4]	_	_	_	
1-16	89-94	small	Direct Opinion[4]	_	_	_	
1-17	95-98	for	_	_	_	_	
1-18	99-100	a	_	_	_	_	
1-19	101-105	size	_	_	_	_	
1-20	106-108	11	_	_	_	_	
1-21	109-110	.	_	_	_	_	
1-22	112-120	IMPLICIT	Direct Aspect	Performance#Sizing/Fit	Negative	1-13[4_0]	

#Text=When I tried these on in the store the size they had was a half size too small but liked the cushioning and look .  IMPLICIT I ordered my size but after wearing these for just 3 days now, the lip around the outer edges are cutting into my ankle bones so bad I am having to wear moleskin, as I am on a trip out of town with no other shoes .  IMPLICIT
2-1	122-126	When	_	_	_	_	
2-2	127-128	I	_	_	_	_	
2-3	129-134	tried	_	_	_	_	
2-4	135-140	these	_	_	_	_	
2-5	141-143	on	_	_	_	_	
2-6	144-146	in	_	_	_	_	
2-7	147-150	the	_	_	_	_	
2-8	151-156	store	_	_	_	_	
2-9	157-160	the	_	_	_	_	
2-10	161-165	size	_	_	_	_	
2-11	166-170	they	_	_	_	_	
2-12	171-174	had	_	_	_	_	
2-13	175-178	was	_	_	_	_	
2-14	179-180	a	_	_	_	_	
2-15	181-185	half	_	_	_	_	
2-16	186-190	size	_	_	_	_	
2-17	191-194	too	_	_	_	_	
2-18	195-200	small	_	_	_	_	
2-19	201-204	but	_	_	_	_	
2-20	205-210	liked	Direct Opinion[5]	Appearance#Shoe Component	Positive	2-22[6_5]	
2-21	211-214	the	Direct Opinion[5]	_	_	_	
2-22	215-225	cushioning	Direct Opinion[5]|Direct Aspect[6]	_	_	_	
2-23	226-229	and	Direct Opinion[5]	_	_	_	
2-24	230-234	look	Direct Opinion[5]	_	_	_	
2-25	235-236	.	_	_	_	_	
2-26	238-246	IMPLICIT	Direct Aspect	Appearance#Form|Appearance#Form	Positive|Negative	2-20[5_0]|2-42[8_0]	
2-27	247-248	I	_	_	_	_	
2-28	249-256	ordered	_	_	_	_	
2-29	257-259	my	_	_	_	_	
2-30	260-264	size	_	_	_	_	
2-31	265-268	but	_	_	_	_	
2-32	269-274	after	Direct Opinion[7]	ContextOfUse#Review\_Temporality	Negative	2-26[0_7]	
2-33	275-282	wearing	Direct Opinion[7]	_	_	_	
2-34	283-288	these	Direct Opinion[7]	_	_	_	
2-35	289-292	for	Direct Opinion[7]	_	_	_	
2-36	293-297	just	Direct Opinion[7]	_	_	_	
2-37	298-299	3	Direct Opinion[7]	_	_	_	
2-38	300-304	days	Direct Opinion[7]	_	_	_	
2-39	305-308	now	Direct Opinion[7]	_	_	_	
2-40	308-309	,	_	_	_	_	
2-41	310-313	the	_	_	_	_	
2-42	314-317	lip	Direct Opinion[8]|Direct Aspect[9]	Appearance#Shoe Component	Negative	2-42[9_8]	
2-43	318-324	around	Direct Opinion[8]|Direct Aspect[9]	_	_	_	
2-44	325-328	the	Direct Opinion[8]|Direct Aspect[9]	_	_	_	
2-45	329-334	outer	Direct Opinion[8]|Direct Aspect[9]	_	_	_	
2-46	335-340	edges	Direct Opinion[8]|Direct Aspect[9]	_	_	_	
2-47	341-344	are	Direct Opinion[8]	_	_	_	
2-48	345-352	cutting	Direct Opinion[8]	_	_	_	
2-49	353-357	into	Direct Opinion[8]	_	_	_	
2-50	358-360	my	Direct Opinion[8]	_	_	_	
2-51	361-366	ankle	Direct Opinion[8]	_	_	_	
2-52	367-372	bones	Direct Opinion[8]	_	_	_	
2-53	373-375	so	Direct Opinion[8]	_	_	_	
2-54	376-379	bad	Direct Opinion[8]	_	_	_	
2-55	380-381	I	_	_	_	_	
2-56	382-384	am	_	_	_	_	
2-57	385-391	having	_	_	_	_	
2-58	392-394	to	_	_	_	_	
2-59	395-399	wear	_	_	_	_	
2-60	400-408	moleskin	_	_	_	_	
2-61	408-409	,	_	_	_	_	
2-62	410-412	as	_	_	_	_	
2-63	413-414	I	Direct Opinion[10]	ContextOfUse#Use case	Negative	2-74[11_10]	
2-64	415-417	am	Direct Opinion[10]	_	_	_	
2-65	418-420	on	Direct Opinion[10]	_	_	_	
2-66	421-422	a	Direct Opinion[10]	_	_	_	
2-67	423-427	trip	Direct Opinion[10]	_	_	_	
2-68	428-431	out	Direct Opinion[10]	_	_	_	
2-69	432-434	of	Direct Opinion[10]	_	_	_	
2-70	435-439	town	Direct Opinion[10]	_	_	_	
2-71	440-444	with	Direct Opinion[10]	_	_	_	
2-72	445-447	no	Direct Opinion[10]	_	_	_	
2-73	448-453	other	Direct Opinion[10]	_	_	_	
2-74	454-459	shoes	Direct Opinion[10]|Direct Aspect[11]	_	_	_	
2-75	460-461	.	_	_	_	_	
2-76	463-471	IMPLICIT	_	_	_	_	

#Text=I purchased 2 different pairs of DNA 5 . 0 and both of them the right shoe, the sole/support of the shoe is slightly bigger than the left shoe .  IMPLICIT Making my right heel feel like it's slipping out of the shoe when the left feels like it should completely inside the heel cuff .  IMPLICIT Makes them pretty much unwearable .  IMPLICIT
3-1	473-474	I	Direct Opinion[12]	ContextOfUse#Purchase\_Context	Neutral	3-7[13_12]	
3-2	475-484	purchased	Direct Opinion[12]	_	_	_	
3-3	485-486	2	Direct Opinion[12]	_	_	_	
3-4	487-496	different	Direct Opinion[12]	_	_	_	
3-5	497-502	pairs	Direct Opinion[12]	_	_	_	
3-6	503-505	of	Direct Opinion[12]	_	_	_	
3-7	506-509	DNA	Direct Opinion[12]|Direct Aspect[13]	_	_	_	
3-8	510-511	5	Direct Opinion[12]|Direct Aspect[13]	_	_	_	
3-9	512-513	.	Direct Opinion[12]|Direct Aspect[13]	_	_	_	
3-10	514-515	0	Direct Opinion[12]|Direct Aspect[13]	_	_	_	
3-11	516-519	and	_	_	_	_	
3-12	520-524	both	_	_	_	_	
3-13	525-527	of	_	_	_	_	
3-14	528-532	them	_	_	_	_	
3-15	533-536	the	_	_	_	_	
3-16	537-542	right	Direct Aspect[14]	_	_	_	
3-17	543-547	shoe	Direct Aspect[14]	_	_	_	
3-18	547-548	,	_	_	_	_	
3-19	549-552	the	_	_	_	_	
3-20	553-557	sole	Direct Aspect[15]	_	_	_	
3-21	557-558	/	Direct Aspect[15]	_	_	_	
3-22	558-565	support	Direct Aspect[15]	_	_	_	
3-23	566-568	of	_	_	_	_	
3-24	569-572	the	_	_	_	_	
3-25	573-577	shoe	_	_	_	_	
3-26	578-580	is	Direct Opinion[16]	Appearance#Shoe Component|Appearance#Shoe Component|Appearance#Shoe Component	Negative|Negative|Negative	3-31[17_16]|3-16[14_16]|3-20[15_16]	
3-27	581-589	slightly	Direct Opinion[16]	_	_	_	
3-28	590-596	bigger	Direct Opinion[16]	_	_	_	
3-29	597-601	than	Direct Opinion[16]	_	_	_	
3-30	602-605	the	Direct Opinion[16]	_	_	_	
3-31	606-610	left	Direct Opinion[16]|Direct Aspect[17]	_	_	_	
3-32	611-615	shoe	Direct Opinion[16]|Direct Aspect[17]	_	_	_	
3-33	616-617	.	_	_	_	_	
3-34	619-627	IMPLICIT	_	_	_	_	
3-35	628-634	Making	_	_	_	_	
3-36	635-637	my	_	_	_	_	
3-37	638-643	right	Direct Aspect[18]	_	_	_	
3-38	644-648	heel	Direct Aspect[18]	_	_	_	
3-39	649-653	feel	Indirect Opinion[19]	Performance#Support/Stability	Negative	3-37[18_19]	
3-40	654-658	like	Indirect Opinion[19]	_	_	_	
3-41	659-663	it's	Indirect Opinion[19]	_	_	_	
3-42	664-672	slipping	Indirect Opinion[19]	_	_	_	
3-43	673-676	out	Indirect Opinion[19]	_	_	_	
3-44	677-679	of	_	_	_	_	
3-45	680-683	the	_	_	_	_	
3-46	684-688	shoe	_	_	_	_	
3-47	689-693	when	_	_	_	_	
3-48	694-697	the	_	_	_	_	
3-49	698-702	left	Direct Aspect	_	_	_	
3-50	703-708	feels	Indirect Opinion[20]	Performance#Support/Stability|Appearance#Shoe Component	Negative|Negative	3-49[0_20]|3-57[21_20]	
3-51	709-713	like	Indirect Opinion[20]	_	_	_	
3-52	714-716	it	Indirect Opinion[20]	_	_	_	
3-53	717-723	should	Indirect Opinion[20]	_	_	_	
3-54	724-734	completely	Indirect Opinion[20]	_	_	_	
3-55	735-741	inside	Indirect Opinion[20]	_	_	_	
3-56	742-745	the	Indirect Opinion[20]	_	_	_	
3-57	746-750	heel	Indirect Opinion[20]|Direct Aspect[21]	_	_	_	
3-58	751-755	cuff	Indirect Opinion[20]|Direct Aspect[21]	_	_	_	
3-59	756-757	.	_	_	_	_	
3-60	759-767	IMPLICIT	_	_	_	_	
3-61	768-773	Makes	_	_	_	_	
3-62	774-778	them	_	_	_	_	
3-63	779-785	pretty	Direct Opinion[22]	_	_	_	
3-64	786-790	much	Direct Opinion[22]	_	_	_	
3-65	791-801	unwearable	Direct Opinion[22]	_	_	_	
3-66	802-803	.	_	_	_	_	
3-67	805-813	IMPLICIT	Direct Aspect	Performance#General	Negative	3-63[22_0]	

#Text=All things considered, these shoes definitely check a few boxes .  IMPLICIT Great pick up !  IMPLICIT
4-1	815-818	All	_	_	_	_	
4-2	819-825	things	_	_	_	_	
4-3	826-836	considered	_	_	_	_	
4-4	836-837	,	_	_	_	_	
4-5	838-843	these	_	_	_	_	
4-6	844-849	shoes	Direct Aspect	_	_	_	
4-7	850-860	definitely	Indirect Opinion[23]	General	Positive	4-6[0_23]	
4-8	861-866	check	Indirect Opinion[23]	_	_	_	
4-9	867-868	a	Indirect Opinion[23]	_	_	_	
4-10	869-872	few	Indirect Opinion[23]	_	_	_	
4-11	873-878	boxes	Indirect Opinion[23]	_	_	_	
4-12	879-880	.	_	_	_	_	
4-13	882-890	IMPLICIT	_	_	_	_	
4-14	891-896	Great	Direct Opinion[24]	_	_	_	
4-15	897-901	pick	Direct Opinion[24]	_	_	_	
4-16	902-904	up	Direct Opinion[24]	_	_	_	
4-17	905-906	!	_	_	_	_	
4-18	908-916	IMPLICIT	Direct Aspect	Cost/Value	Positive	4-14[24_0]	

#Text=They're cool, but they're not very comfortable .  IMPLICIT Definitely want some decent insoles if you're going to be wearing these for long periods of time .  IMPLICIT
5-1	918-925	They're	_	_	_	_	
5-2	926-930	cool	Direct Opinion	Appearance#General	Positive	5-10	
5-3	930-931	,	_	_	_	_	
5-4	932-935	but	_	_	_	_	
5-5	936-943	they're	_	_	_	_	
5-6	944-947	not	Direct Opinion[25]	Performance#Comfort	Negative	5-10[0_25]	
5-7	948-952	very	Direct Opinion[25]	_	_	_	
5-8	953-964	comfortable	Direct Opinion[25]	_	_	_	
5-9	965-966	.	_	_	_	_	
5-10	968-976	IMPLICIT	Direct Aspect	_	_	_	
5-11	977-987	Definitely	_	_	_	_	
5-12	988-992	want	Indirect Opinion[26]	Performance#Comfort	Negative	5-29[0_26]	
5-13	993-997	some	Indirect Opinion[26]	_	_	_	
5-14	998-1004	decent	Indirect Opinion[26]	_	_	_	
5-15	1005-1012	insoles	Indirect Opinion[26]	_	_	_	
5-16	1013-1015	if	Indirect Opinion[27]	_	_	_	
5-17	1016-1022	you're	Indirect Opinion[27]	_	_	_	
5-18	1023-1028	going	Indirect Opinion[27]	_	_	_	
5-19	1029-1031	to	Indirect Opinion[27]	_	_	_	
5-20	1032-1034	be	Indirect Opinion[27]	_	_	_	
5-21	1035-1042	wearing	Indirect Opinion[27]	_	_	_	
5-22	1043-1048	these	Indirect Opinion[27]	_	_	_	
5-23	1049-1052	for	Indirect Opinion[27]	_	_	_	
5-24	1053-1057	long	Indirect Opinion[27]	_	_	_	
5-25	1058-1065	periods	Indirect Opinion[27]	_	_	_	
5-26	1066-1068	of	Indirect Opinion[27]	_	_	_	
5-27	1069-1073	time	Indirect Opinion[27]	_	_	_	
5-28	1074-1075	.	_	_	_	_	
5-29	1077-1085	IMPLICIT	Direct Aspect	Appearance#Shoe Component|ContextOfUse#Review\_Temporality	Negative|Negative	5-12[26_0]|5-16[27_0]	

#Text=I order a size 10 . 5 at first it didn't fit me so I send it back and got a bigger size 11 . 5 and still fit tight and it makes my feet look big on the outside but tight on my feet .  .  .  IMPLICIT
6-1	1087-1088	I	_	_	_	_	
6-2	1089-1094	order	_	_	_	_	
6-3	1095-1096	a	_	_	_	_	
6-4	1097-1101	size	Direct Aspect[28]	ContextOfUse#Purchase\_Context	Negative	6-15[30_28]	
6-5	1102-1104	10	Direct Aspect[28]	_	_	_	
6-6	1105-1106	.	Direct Aspect[28]	_	_	_	
6-7	1107-1108	5	Direct Aspect[28]	_	_	_	
6-8	1109-1111	at	_	_	_	_	
6-9	1112-1117	first	_	_	_	_	
6-10	1118-1120	it	_	_	_	_	
6-11	1121-1127	didn't	Indirect Opinion[29]	Performance#Sizing/Fit	Negative	6-4[28_29]	
6-12	1128-1131	fit	Indirect Opinion[29]	_	_	_	
6-13	1132-1134	me	_	_	_	_	
6-14	1135-1137	so	_	_	_	_	
6-15	1138-1139	I	Indirect Opinion[30]	_	_	_	
6-16	1140-1144	send	Indirect Opinion[30]	_	_	_	
6-17	1145-1147	it	Indirect Opinion[30]	_	_	_	
6-18	1148-1152	back	Indirect Opinion[30]	_	_	_	
6-19	1153-1156	and	Indirect Opinion[30]	_	_	_	
6-20	1157-1160	got	Indirect Opinion[30]	_	_	_	
6-21	1161-1162	a	_	_	_	_	
6-22	1163-1169	bigger	_	_	_	_	
6-23	1170-1174	size	Direct Aspect[31]	_	_	_	
6-24	1175-1177	11	Direct Aspect[31]	_	_	_	
6-25	1178-1179	.	Direct Aspect[31]	_	_	_	
6-26	1180-1181	5	Direct Aspect[31]	_	_	_	
6-27	1182-1185	and	_	_	_	_	
6-28	1186-1191	still	_	_	_	_	
6-29	1192-1195	fit	Indirect Opinion[32]	Performance#Sizing/Fit	Negative	6-23[31_32]	
6-30	1196-1201	tight	Indirect Opinion[32]	_	_	_	
6-31	1202-1205	and	_	_	_	_	
6-32	1206-1208	it	_	_	_	_	
6-33	1209-1214	makes	Direct Opinion[33]	_	_	_	
6-34	1215-1217	my	Direct Opinion[33]	_	_	_	
6-35	1218-1222	feet	Direct Opinion[33]	_	_	_	
6-36	1223-1227	look	Direct Opinion[33]	_	_	_	
6-37	1228-1231	big	Direct Opinion[33]	_	_	_	
6-38	1232-1234	on	Direct Opinion[33]	_	_	_	
6-39	1235-1238	the	Direct Opinion[33]	_	_	_	
6-40	1239-1246	outside	Direct Opinion[33]	_	_	_	
6-41	1247-1250	but	_	_	_	_	
6-42	1251-1256	tight	Direct Opinion[34]	_	_	_	
6-43	1257-1259	on	Direct Opinion[34]	_	_	_	
6-44	1260-1262	my	Direct Opinion[34]	_	_	_	
6-45	1263-1267	feet	Direct Opinion[34]	_	_	_	
6-46	1268-1269	.	_	_	_	_	
6-47	1271-1272	.	_	_	_	_	
6-48	1274-1275	.	_	_	_	_	
6-49	1277-1285	IMPLICIT	Direct Aspect	Appearance#Form|Performance#Sizing/Fit	Negative|Negative	6-33[33_0]|6-42[34_0]	

#Text=The shoe is really good looking !  IMPLICIT but, Runs a bit snug IMPLICIT
7-1	1287-1290	The	_	_	_	_	
7-2	1291-1295	shoe	Direct Aspect	Appearance#General	Positive	7-4[35_0]	
7-3	1296-1298	is	_	_	_	_	
7-4	1299-1305	really	Direct Opinion[35]	_	_	_	
7-5	1306-1310	good	Direct Opinion[35]	_	_	_	
7-6	1311-1318	looking	Direct Opinion[35]	_	_	_	
7-7	1319-1320	!	_	_	_	_	
7-8	1322-1330	IMPLICIT	Direct Aspect	_	_	_	
7-9	1331-1334	but	_	_	_	_	
7-10	1334-1335	,	_	_	_	_	
7-11	1336-1340	Runs	_	_	_	_	
7-12	1341-1342	a	_	_	_	_	
7-13	1343-1346	bit	Direct Opinion[36]	Performance#Sizing/Fit	Negative	7-8[0_36]	
7-14	1347-1351	snug	Direct Opinion[36]	_	_	_	
7-15	1352-1360	IMPLICIT	_	_	_	_	

#Text=Every time I put them on I feel like I can run a marathon .  IMPLICIT One of the most best fitting shoes I have true to size IMPLICIT
8-1	1362-1367	Every	_	_	_	_	
8-2	1368-1372	time	_	_	_	_	
8-3	1373-1374	I	_	_	_	_	
8-4	1375-1378	put	_	_	_	_	
8-5	1379-1383	them	_	_	_	_	
8-6	1384-1386	on	_	_	_	_	
8-7	1387-1388	I	_	_	_	_	
8-8	1389-1393	feel	Indirect Opinion[37]	Performance#Use Case Applicability	Positive	8-16[0_37]	
8-9	1394-1398	like	Indirect Opinion[37]	_	_	_	
8-10	1399-1400	I	Indirect Opinion[37]	_	_	_	
8-11	1401-1404	can	Indirect Opinion[37]	_	_	_	
8-12	1405-1408	run	Indirect Opinion[37]	_	_	_	
8-13	1409-1410	a	Indirect Opinion[37]	_	_	_	
8-14	1411-1419	marathon	Indirect Opinion[37]	_	_	_	
8-15	1420-1421	.	_	_	_	_	
8-16	1423-1431	IMPLICIT	Direct Aspect	_	_	_	
8-17	1432-1435	One	_	_	_	_	
8-18	1436-1438	of	_	_	_	_	
8-19	1439-1442	the	_	_	_	_	
8-20	1443-1447	most	Direct Opinion[38]	_	_	_	
8-21	1448-1452	best	Direct Opinion[38]	_	_	_	
8-22	1453-1460	fitting	Direct Opinion[38]	_	_	_	
8-23	1461-1466	shoes	Direct Aspect	Performance#Sizing/Fit	Positive	8-20[38_0]	
8-24	1467-1468	I	_	_	_	_	
8-25	1469-1473	have	_	_	_	_	
8-26	1474-1478	true	Direct Opinion[39]	Performance#Sizing/Fit	Positive	8-23[0_39]	
8-27	1479-1481	to	Direct Opinion[39]	_	_	_	
8-28	1482-1486	size	Direct Opinion[39]	_	_	_	
8-29	1487-1495	IMPLICIT	_	_	_	_	

#Text=It is narrow and fits pretty well .  IMPLICIT However, the tread design traps mud and other debris which I then track into the house .  IMPLICIT After I started wearing this shoe, I notice bit of dirt and debris on the floor in places where I walk or sit consistently .  IMPLICIT This has never happen before so I quickly tracked the problem down to the small pockets in this shoes tread design .  IMPLICIT
9-1	1497-1499	It	_	_	_	_	
9-2	1500-1502	is	_	_	_	_	
9-3	1503-1509	narrow	Indirect Opinion[40]	Performance#Sizing/Fit	Positive	9-9[0_40]	
9-4	1510-1513	and	Indirect Opinion[40]	_	_	_	
9-5	1514-1518	fits	Indirect Opinion[40]	_	_	_	
9-6	1519-1525	pretty	Indirect Opinion[40]	_	_	_	
9-7	1526-1530	well	Indirect Opinion[40]	_	_	_	
9-8	1531-1532	.	_	_	_	_	
9-9	1534-1542	IMPLICIT	Direct Aspect	_	_	_	
9-10	1543-1550	However	_	_	_	_	
9-11	1550-1551	,	_	_	_	_	
9-12	1552-1555	the	_	_	_	_	
9-13	1556-1561	tread	Direct Aspect[41]	_	_	_	
9-14	1562-1568	design	Direct Aspect[41]	_	_	_	
9-15	1569-1574	traps	Indirect Opinion[42]	Appearance#Shoe Component|Performance#Use Case Applicability	Negative|Negative	9-13[41_42]|9-13[41_42]	
9-16	1575-1578	mud	Indirect Opinion[42]	_	_	_	
9-17	1579-1582	and	_	_	_	_	
9-18	1583-1588	other	_	_	_	_	
9-19	1589-1595	debris	_	_	_	_	
9-20	1596-1601	which	_	_	_	_	
9-21	1602-1603	I	_	_	_	_	
9-22	1604-1608	then	_	_	_	_	
9-23	1609-1614	track	_	_	_	_	
9-24	1615-1619	into	_	_	_	_	
9-25	1620-1623	the	_	_	_	_	
9-26	1624-1629	house	_	_	_	_	
9-27	1630-1631	.	_	_	_	_	
9-28	1633-1641	IMPLICIT	_	_	_	_	
9-29	1642-1647	After	_	_	_	_	
9-30	1648-1649	I	_	_	_	_	
9-31	1650-1657	started	_	_	_	_	
9-32	1658-1665	wearing	_	_	_	_	
9-33	1666-1670	this	_	_	_	_	
9-34	1671-1675	shoe	_	_	_	_	
9-35	1675-1676	,	_	_	_	_	
9-36	1677-1678	I	_	_	_	_	
9-37	1679-1685	notice	Direct Opinion[43]	_	_	_	
9-38	1686-1689	bit	Direct Opinion[43]	_	_	_	
9-39	1690-1692	of	Direct Opinion[43]	_	_	_	
9-40	1693-1697	dirt	Direct Opinion[43]	_	_	_	
9-41	1698-1701	and	Direct Opinion[43]	_	_	_	
9-42	1702-1708	debris	Direct Opinion[43]	_	_	_	
9-43	1709-1711	on	Direct Opinion[43]	_	_	_	
9-44	1712-1715	the	Direct Opinion[43]	_	_	_	
9-45	1716-1721	floor	Direct Opinion[43]	_	_	_	
9-46	1722-1724	in	Direct Opinion[43]	_	_	_	
9-47	1725-1731	places	Direct Opinion[43]	_	_	_	
9-48	1732-1737	where	_	_	_	_	
9-49	1738-1739	I	_	_	_	_	
9-50	1740-1744	walk	_	_	_	_	
9-51	1745-1747	or	_	_	_	_	
9-52	1748-1751	sit	_	_	_	_	
9-53	1752-1764	consistently	_	_	_	_	
9-54	1765-1766	.	_	_	_	_	
9-55	1768-1776	IMPLICIT	Direct Aspect	ContextOfUse#Use case	Negative	9-37[43_0]	
9-56	1777-1781	This	_	_	_	_	
9-57	1782-1785	has	_	_	_	_	
9-58	1786-1791	never	_	_	_	_	
9-59	1792-1798	happen	_	_	_	_	
9-60	1799-1805	before	_	_	_	_	
9-61	1806-1808	so	_	_	_	_	
9-62	1809-1810	I	_	_	_	_	
9-63	1811-1818	quickly	_	_	_	_	
9-64	1819-1826	tracked	_	_	_	_	
9-65	1827-1830	the	Direct Opinion[44]	Appearance#Shoe Component	Negative	9-70[45_44]	
9-66	1831-1838	problem	Direct Opinion[44]	_	_	_	
9-67	1839-1843	down	Direct Opinion[44]	_	_	_	
9-68	1844-1846	to	Direct Opinion[44]	_	_	_	
9-69	1847-1850	the	Direct Opinion[44]	_	_	_	
9-70	1851-1856	small	Direct Opinion[44]|Direct Aspect[45]	_	_	_	
9-71	1857-1864	pockets	Direct Opinion[44]|Direct Aspect[45]	_	_	_	
9-72	1865-1867	in	Direct Opinion[44]|Direct Aspect[45]	_	_	_	
9-73	1868-1872	this	Direct Opinion[44]|Direct Aspect[45]	_	_	_	
9-74	1873-1878	shoes	Direct Opinion[44]|Direct Aspect[45]	_	_	_	
9-75	1879-1884	tread	Direct Opinion[44]|Direct Aspect[45]	_	_	_	
9-76	1885-1891	design	Direct Opinion[44]|Direct Aspect[45]	_	_	_	
9-77	1892-1893	.	_	_	_	_	
9-78	1895-1903	IMPLICIT	_	_	_	_	

#Text=I use this product to walk .  IMPLICIT It's great because I can walk in them .  IMPLICIT
10-1	1905-1906	I	_	_	_	_	
10-2	1907-1910	use	_	_	_	_	
10-3	1911-1915	this	Direct Aspect[46]	_	_	_	
10-4	1916-1923	product	Direct Aspect[46]	_	_	_	
10-5	1924-1926	to	Indirect Opinion[47]	ContextOfUse#Use case	Neutral	10-3[46_47]	
10-6	1927-1931	walk	Indirect Opinion[47]	_	_	_	
10-7	1932-1933	.	_	_	_	_	
10-8	1935-1943	IMPLICIT	_	_	_	_	
10-9	1944-1948	It's	_	_	_	_	
10-10	1949-1954	great	Direct Opinion[48]	ContextOfUse#Use case	Positive	10-14[49_48]	
10-11	1955-1962	because	Direct Opinion[48]	_	_	_	
10-12	1963-1964	I	Direct Opinion[48]	_	_	_	
10-13	1965-1968	can	Direct Opinion[48]	_	_	_	
10-14	1969-1973	walk	Direct Opinion[48]|Direct Aspect[49]	_	_	_	
10-15	1974-1976	in	Direct Opinion[48]	_	_	_	
10-16	1977-1981	them	Direct Opinion[48]	_	_	_	
10-17	1982-1983	.	_	_	_	_	
10-18	1985-1993	IMPLICIT	Direct Aspect	Performance#Use Case Applicability	Positive	10-10[48_0]	

#Text=I was needz shews walking can't be no bear feetz in mah .  IMPLICIT Nom sayin ?  IMPLICIT
11-1	1995-1996	I	Direct Opinion[50]	_	_	_	
11-2	1997-2000	was	Direct Opinion[50]	_	_	_	
11-3	2001-2006	needz	Direct Opinion[50]	_	_	_	
11-4	2007-2012	shews	Direct Aspect	ContextOfUse#Purchase\_Context	Neutral	11-1[50_0]	
11-5	2013-2020	walking	_	_	_	_	
11-6	2021-2026	can't	_	_	_	_	
11-7	2027-2029	be	_	_	_	_	
11-8	2030-2032	no	_	_	_	_	
11-9	2033-2037	bear	_	_	_	_	
11-10	2038-2043	feetz	_	_	_	_	
11-11	2044-2046	in	_	_	_	_	
11-12	2047-2050	mah	_	_	_	_	
11-13	2051-2052	.	_	_	_	_	
11-14	2054-2062	IMPLICIT	_	_	_	_	
11-15	2063-2066	Nom	_	_	_	_	
11-16	2067-2072	sayin	_	_	_	_	
11-17	2073-2074	?	_	_	_	_	
11-18	2076-2084	IMPLICIT	_	_	_	_	

#Text=I loved these shoes at first .  IMPLICIT They are super cute shoes and comfortable too .  IMPLICIT I have owned them for less than a year and there are holes near the toe already .  IMPLICIT They have mostly been worn to work where I sit or stand in one place for prolonged periods .  IMPLICIT Disappointed that they are falling apart with such little use .  IMPLICIT
12-1	2086-2087	I	Indirect Opinion[51]	_	_	_	
12-2	2088-2093	loved	Indirect Opinion[51]	_	_	_	
12-3	2094-2099	these	Indirect Opinion[51]	_	_	_	
12-4	2100-2105	shoes	Indirect Opinion[51]|Direct Aspect[52]	ContextOfUse#Usage frequency	Negative	12-1[51_52]	
12-5	2106-2108	at	Indirect Opinion[51]	_	_	_	
12-6	2109-2114	first	Indirect Opinion[51]	_	_	_	
12-7	2115-2116	.	_	_	_	_	
12-8	2118-2126	IMPLICIT	_	_	_	_	
12-9	2127-2131	They	_	_	_	_	
12-10	2132-2135	are	_	_	_	_	
12-11	2136-2141	super	Direct Opinion[53]	_	_	_	
12-12	2142-2146	cute	Direct Opinion[53]	_	_	_	
12-13	2147-2152	shoes	Direct Aspect	Appearance#General	Positive	12-11[53_0]	
12-14	2153-2156	and	_	_	_	_	
12-15	2157-2168	comfortable	Indirect Opinion[54]	Performance#Comfort	Positive	12-13[0_54]	
12-16	2169-2172	too	Indirect Opinion[54]	_	_	_	
12-17	2173-2174	.	_	_	_	_	
12-18	2176-2184	IMPLICIT	_	_	_	_	
12-19	2185-2186	I	_	_	_	_	
12-20	2187-2191	have	_	_	_	_	
12-21	2192-2197	owned	Direct Opinion[55]	_	_	_	
12-22	2198-2202	them	Direct Opinion[55]	_	_	_	
12-23	2203-2206	for	Direct Opinion[55]	_	_	_	
12-24	2207-2211	less	Direct Opinion[55]	_	_	_	
12-25	2212-2216	than	Direct Opinion[55]	_	_	_	
12-26	2217-2218	a	Direct Opinion[55]	_	_	_	
12-27	2219-2223	year	Direct Opinion[55]	_	_	_	
12-28	2224-2227	and	_	_	_	_	
12-29	2228-2233	there	_	_	_	_	
12-30	2234-2237	are	_	_	_	_	
12-31	2238-2243	holes	Indirect Opinion[56]	Performance#Durability	Negative	12-37[0_56]	
12-32	2244-2248	near	Indirect Opinion[56]	_	_	_	
12-33	2249-2252	the	Indirect Opinion[56]	_	_	_	
12-34	2253-2256	toe	Indirect Opinion[56]	_	_	_	
12-35	2257-2264	already	_	_	_	_	
12-36	2265-2266	.	_	_	_	_	
12-37	2268-2276	IMPLICIT	Direct Aspect	ContextOfUse#Review\_Temporality	Neutral	12-21[55_0]	
12-38	2277-2281	They	_	_	_	_	
12-39	2282-2286	have	_	_	_	_	
12-40	2287-2293	mostly	_	_	_	_	
12-41	2294-2298	been	_	_	_	_	
12-42	2299-2303	worn	Indirect Opinion[57]	ContextOfUse#Use case|ContextOfUse#Place	Neutral|Neutral	12-57[0_57]|12-44[58_57]	
12-43	2304-2306	to	Indirect Opinion[57]	_	_	_	
12-44	2307-2311	work	Indirect Opinion[57]|Direct Aspect[58]	_	_	_	
12-45	2312-2317	where	_	_	_	_	
12-46	2318-2319	I	_	_	_	_	
12-47	2320-2323	sit	_	_	_	_	
12-48	2324-2326	or	_	_	_	_	
12-49	2327-2332	stand	_	_	_	_	
12-50	2333-2335	in	_	_	_	_	
12-51	2336-2339	one	_	_	_	_	
12-52	2340-2345	place	_	_	_	_	
12-53	2346-2349	for	_	_	_	_	
12-54	2350-2359	prolonged	_	_	_	_	
12-55	2360-2367	periods	_	_	_	_	
12-56	2368-2369	.	_	_	_	_	
12-57	2371-2379	IMPLICIT	Direct Aspect	_	_	_	
12-58	2380-2392	Disappointed	_	_	_	_	
12-59	2393-2397	that	_	_	_	_	
12-60	2398-2402	they	_	_	_	_	
12-61	2403-2406	are	_	_	_	_	
12-62	2407-2414	falling	Indirect Opinion[59]	Performance#Durability	Negative	12-69[0_59]	
12-63	2415-2420	apart	Indirect Opinion[59]	_	_	_	
12-64	2421-2425	with	Indirect Opinion[59]	_	_	_	
12-65	2426-2430	such	Indirect Opinion[59]	_	_	_	
12-66	2431-2437	little	Indirect Opinion[59]	_	_	_	
12-67	2438-2441	use	Indirect Opinion[59]	_	_	_	
12-68	2442-2443	.	_	_	_	_	
12-69	2445-2453	IMPLICIT	Direct Aspect	_	_	_	

#Text=I really enjoy these shoes .  IMPLICIT They're pretty comfortable to wear all day and I really like the classic style .  IMPLICIT Would recommend IMPLICIT
13-1	2455-2456	I	Direct Opinion[60]	_	_	_	
13-2	2457-2463	really	Direct Opinion[60]	_	_	_	
13-3	2464-2469	enjoy	Direct Opinion[60]	_	_	_	
13-4	2470-2475	these	_	_	_	_	
13-5	2476-2481	shoes	Direct Aspect	General	Positive	13-1[60_0]	
13-6	2482-2483	.	_	_	_	_	
13-7	2485-2493	IMPLICIT	Direct Aspect	_	_	_	
13-8	2494-2501	They're	_	_	_	_	
13-9	2502-2508	pretty	Direct Opinion[61]	Performance#Comfort	Positive	13-7[0_61]	
13-10	2509-2520	comfortable	Direct Opinion[61]	_	_	_	
13-11	2521-2523	to	Direct Opinion[61]	_	_	_	
13-12	2524-2528	wear	Direct Opinion[61]	_	_	_	
13-13	2529-2532	all	Direct Opinion[61]	_	_	_	
13-14	2533-2536	day	Direct Opinion[61]	_	_	_	
13-15	2537-2540	and	_	_	_	_	
13-16	2541-2542	I	Direct Opinion[62]	Appearance#Form	Positive	13-7[0_62]	
13-17	2543-2549	really	Direct Opinion[62]	_	_	_	
13-18	2550-2554	like	Direct Opinion[62]	_	_	_	
13-19	2555-2558	the	Direct Opinion[62]	_	_	_	
13-20	2559-2566	classic	Direct Opinion[62]	_	_	_	
13-21	2567-2572	style	Direct Opinion[62]	_	_	_	
13-22	2573-2574	.	_	_	_	_	
13-23	2576-2584	IMPLICIT	_	_	_	_	
13-24	2585-2590	Would	Direct Opinion[63]	Cost/Value	Positive	13-26[0_63]	
13-25	2591-2600	recommend	Direct Opinion[63]	_	_	_	
13-26	2601-2609	IMPLICIT	Direct Aspect	_	_	_	

#Text=Love the sneakers but they don't seem to be true to size .  IMPLICIT I wear an 11 1/2 in every other shoe/sneaker but these seem to be a 1/2 size too small .  IMPLICIT Unfortunately they need to be returned so I guess we'll see how their customer service and return service works .  IMPLICIT
14-1	2611-2615	Love	Direct Opinion	General	Positive	14-3	
14-2	2616-2619	the	_	_	_	_	
14-3	2620-2628	sneakers	Direct Aspect	_	_	_	
14-4	2629-2632	but	_	_	_	_	
14-5	2633-2637	they	_	_	_	_	
14-6	2638-2643	don't	Indirect Opinion[64]	Performance#Sizing/Fit	Negative	14-3[0_64]	
14-7	2644-2648	seem	Indirect Opinion[64]	_	_	_	
14-8	2649-2651	to	Indirect Opinion[64]	_	_	_	
14-9	2652-2654	be	Indirect Opinion[64]	_	_	_	
14-10	2655-2659	true	Indirect Opinion[64]	_	_	_	
14-11	2660-2662	to	Indirect Opinion[64]	_	_	_	
14-12	2663-2667	size	Indirect Opinion[64]	_	_	_	
14-13	2668-2669	.	_	_	_	_	
14-14	2671-2679	IMPLICIT	_	_	_	_	
14-15	2680-2681	I	_	_	_	_	
14-16	2682-2686	wear	_	_	_	_	
14-17	2687-2689	an	_	_	_	_	
14-18	2690-2692	11	_	_	_	_	
14-19	2693-2694	1	_	_	_	_	
14-20	2694-2695	/	_	_	_	_	
14-21	2695-2696	2	_	_	_	_	
14-22	2697-2699	in	_	_	_	_	
14-23	2700-2705	every	_	_	_	_	
14-24	2706-2711	other	_	_	_	_	
14-25	2712-2716	shoe	_	_	_	_	
14-26	2716-2717	/	_	_	_	_	
14-27	2717-2724	sneaker	_	_	_	_	
14-28	2725-2728	but	_	_	_	_	
14-29	2729-2734	these	_	_	_	_	
14-30	2735-2739	seem	_	_	_	_	
14-31	2740-2742	to	_	_	_	_	
14-32	2743-2745	be	_	_	_	_	
14-33	2746-2747	a	_	_	_	_	
14-34	2748-2749	1	Direct Aspect[65]	_	_	_	
14-35	2749-2750	/	Direct Aspect[65]	_	_	_	
14-36	2750-2751	2	Direct Aspect[65]	_	_	_	
14-37	2752-2756	size	Direct Aspect[65]	_	_	_	
14-38	2757-2760	too	Indirect Opinion[66]	Performance#Sizing/Fit	Negative	14-34[65_66]	
14-39	2761-2766	small	Indirect Opinion[66]	_	_	_	
14-40	2767-2768	.	_	_	_	_	
14-41	2770-2778	IMPLICIT	_	_	_	_	
14-42	2779-2792	Unfortunately	Direct Opinion[67]	_	_	_	
14-43	2793-2797	they	Direct Opinion[67]	_	_	_	
14-44	2798-2802	need	Direct Opinion[67]	_	_	_	
14-45	2803-2805	to	Direct Opinion[67]	_	_	_	
14-46	2806-2808	be	Direct Opinion[67]	_	_	_	
14-47	2809-2817	returned	Direct Opinion[67]	_	_	_	
14-48	2818-2820	so	_	_	_	_	
14-49	2821-2822	I	_	_	_	_	
14-50	2823-2828	guess	_	_	_	_	
14-51	2829-2834	we'll	_	_	_	_	
14-52	2835-2838	see	_	_	_	_	
14-53	2839-2842	how	_	_	_	_	
14-54	2843-2848	their	_	_	_	_	
14-55	2849-2857	customer	_	_	_	_	
14-56	2858-2865	service	_	_	_	_	
14-57	2866-2869	and	_	_	_	_	
14-58	2870-2876	return	_	_	_	_	
14-59	2877-2884	service	_	_	_	_	
14-60	2885-2890	works	_	_	_	_	
14-61	2891-2892	.	_	_	_	_	
14-62	2894-2902	IMPLICIT	Direct Aspect	Cost/Value	Negative	14-42[67_0]	

#Text=They are supposedly wide but the normal size at the store actually felt like they fit better than these .  IMPLICIT These ones hurt my feet and leave them sore at the end of the day IMPLICIT
15-1	2904-2908	They	_	_	_	_	
15-2	2909-2912	are	_	_	_	_	
15-3	2913-2923	supposedly	Indirect Opinion[68]	Appearance#Form	Negative	15-21[0_68]	
15-4	2924-2928	wide	Indirect Opinion[68]	_	_	_	
15-5	2929-2932	but	_	_	_	_	
15-6	2933-2936	the	_	_	_	_	
15-7	2937-2943	normal	Indirect Opinion[69]	_	_	_	
15-8	2944-2948	size	Indirect Opinion[69]	_	_	_	
15-9	2949-2951	at	Indirect Opinion[69]	_	_	_	
15-10	2952-2955	the	Indirect Opinion[69]	_	_	_	
15-11	2956-2961	store	Indirect Opinion[69]	_	_	_	
15-12	2962-2970	actually	Indirect Opinion[69]	_	_	_	
15-13	2971-2975	felt	Indirect Opinion[69]	_	_	_	
15-14	2976-2980	like	Indirect Opinion[69]	_	_	_	
15-15	2981-2985	they	Indirect Opinion[69]	_	_	_	
15-16	2986-2989	fit	Indirect Opinion[69]	_	_	_	
15-17	2990-2996	better	Indirect Opinion[69]	_	_	_	
15-18	2997-3001	than	_	_	_	_	
15-19	3002-3007	these	_	_	_	_	
15-20	3008-3009	.	_	_	_	_	
15-21	3011-3019	IMPLICIT	Direct Aspect	Performance#Sizing/Fit|Performance#Comfort	Negative|Negative	15-7[69_0]|15-24[70_0]	
15-22	3020-3025	These	_	_	_	_	
15-23	3026-3030	ones	_	_	_	_	
15-24	3031-3035	hurt	Indirect Opinion[70]	_	_	_	
15-25	3036-3038	my	Indirect Opinion[70]	_	_	_	
15-26	3039-3043	feet	Indirect Opinion[70]	_	_	_	
15-27	3044-3047	and	Indirect Opinion[70]	_	_	_	
15-28	3048-3053	leave	Indirect Opinion[70]	_	_	_	
15-29	3054-3058	them	Indirect Opinion[70]	_	_	_	
15-30	3059-3063	sore	Indirect Opinion[70]	_	_	_	
15-31	3064-3066	at	Indirect Opinion[70]	_	_	_	
15-32	3067-3070	the	Indirect Opinion[70]	_	_	_	
15-33	3071-3074	end	Indirect Opinion[70]	_	_	_	
15-34	3075-3077	of	Indirect Opinion[70]	_	_	_	
15-35	3078-3081	the	Indirect Opinion[70]	_	_	_	
15-36	3082-3085	day	Indirect Opinion[70]	_	_	_	
15-37	3086-3094	IMPLICIT	_	_	_	_	

#Text=New Balance has the fit right !  IMPLICIT Unfortunately the sole is a disaster .  IMPLICIT 6 studs fell off in the first 2 weeks of use .  IMPLICIT The sole also has pealed away from the boot .  IMPLICIT
16-1	3096-3099	New	Direct Aspect[71]	_	_	_	
16-2	3100-3107	Balance	Direct Aspect[71]	_	_	_	
16-3	3108-3111	has	_	_	_	_	
16-4	3112-3115	the	_	_	_	_	
16-5	3116-3119	fit	Indirect Opinion[72]	Performance#Sizing/Fit	Positive	16-1[71_72]	
16-6	3120-3125	right	Indirect Opinion[72]	_	_	_	
16-7	3126-3127	!	_	_	_	_	
16-8	3129-3137	IMPLICIT	_	_	_	_	
16-9	3138-3151	Unfortunately	Direct Opinion[73]	Appearance#Shoe Component	Negative	16-11[74_73]	
16-10	3152-3155	the	Direct Opinion[73]	_	_	_	
16-11	3156-3160	sole	Direct Opinion[73]|Direct Aspect[74]	_	_	_	
16-12	3161-3163	is	Direct Opinion[73]	_	_	_	
16-13	3164-3165	a	Direct Opinion[73]	_	_	_	
16-14	3166-3174	disaster	Direct Opinion[73]	_	_	_	
16-15	3175-3176	.	_	_	_	_	
16-16	3178-3186	IMPLICIT	_	_	_	_	
16-17	3187-3188	6	_	_	_	_	
16-18	3189-3194	studs	Direct Aspect	_	_	_	
16-19	3195-3199	fell	Indirect Opinion[75]	Appearance#Shoe Component|Performance#Durability	Negative|Negative	16-18[0_75]|16-18[0_75]	
16-20	3200-3203	off	Indirect Opinion[75]	_	_	_	
16-21	3204-3206	in	Indirect Opinion[75]	_	_	_	
16-22	3207-3210	the	Indirect Opinion[75]	_	_	_	
16-23	3211-3216	first	Indirect Opinion[75]	_	_	_	
16-24	3217-3218	2	Indirect Opinion[75]	_	_	_	
16-25	3219-3224	weeks	Indirect Opinion[75]	_	_	_	
16-26	3225-3227	of	Indirect Opinion[75]	_	_	_	
16-27	3228-3231	use	Indirect Opinion[75]	_	_	_	
16-28	3232-3233	.	_	_	_	_	
16-29	3235-3243	IMPLICIT	_	_	_	_	
16-30	3244-3247	The	_	_	_	_	
16-31	3248-3252	sole	Direct Aspect	_	_	_	
16-32	3253-3257	also	_	_	_	_	
16-33	3258-3261	has	_	_	_	_	
16-34	3262-3268	pealed	Direct Opinion[76]	Appearance#Shoe Component|Performance#Durability	Negative|Negative	16-31[0_76]|16-31[0_76]	
16-35	3269-3273	away	Direct Opinion[76]	_	_	_	
16-36	3274-3278	from	_	_	_	_	
16-37	3279-3282	the	_	_	_	_	
16-38	3283-3287	boot	_	_	_	_	
16-39	3288-3289	.	_	_	_	_	
16-40	3291-3299	IMPLICIT	_	_	_	_	

#Text=The quality of the shoes are horrible !  IMPLICIT I am highly disappointed in this product .  IMPLICIT
17-1	3301-3304	The	_	_	_	_	
17-2	3305-3312	quality	Direct Opinion[77]	Appearance#Misc	Negative	17-5[78_77]	
17-3	3313-3315	of	Direct Opinion[77]	_	_	_	
17-4	3316-3319	the	Direct Opinion[77]	_	_	_	
17-5	3320-3325	shoes	Direct Opinion[77]|Direct Aspect[78]	_	_	_	
17-6	3326-3329	are	Direct Opinion[77]	_	_	_	
17-7	3330-3338	horrible	Direct Opinion[77]	_	_	_	
17-8	3339-3340	!	_	_	_	_	
17-9	3342-3350	IMPLICIT	_	_	_	_	
17-10	3351-3352	I	Direct Opinion[79]	_	_	_	
17-11	3353-3355	am	Direct Opinion[79]	_	_	_	
17-12	3356-3362	highly	Direct Opinion[79]	_	_	_	
17-13	3363-3375	disappointed	Direct Opinion[79]	_	_	_	
17-14	3376-3378	in	_	_	_	_	
17-15	3379-3383	this	_	_	_	_	
17-16	3384-3391	product	Direct Aspect	General	Negative	17-10[79_0]	
17-17	3392-3393	.	_	_	_	_	
17-18	3395-3403	IMPLICIT	_	_	_	_	

#Text=Beautiful kicks and will never need laces again .  IMPLICIT However, they are not true to size, oddly wide and misshapped .  IMPLICIT Comfortable but huge- like boats .  IMPLICIT
18-1	3405-3414	Beautiful	Direct Opinion	Appearance#General	Positive	18-2	
18-2	3415-3420	kicks	Direct Aspect	_	_	_	
18-3	3421-3424	and	_	_	_	_	
18-4	3425-3429	will	_	_	_	_	
18-5	3430-3435	never	Indirect Opinion[80]	Appearance#Form	Positive	18-2[0_80]	
18-6	3436-3440	need	Indirect Opinion[80]	_	_	_	
18-7	3441-3446	laces	Indirect Opinion[80]	_	_	_	
18-8	3447-3452	again	Indirect Opinion[80]	_	_	_	
18-9	3453-3454	.	_	_	_	_	
18-10	3456-3464	IMPLICIT	_	_	_	_	
18-11	3465-3472	However	_	_	_	_	
18-12	3472-3473	,	_	_	_	_	
18-13	3474-3478	they	_	_	_	_	
18-14	3479-3482	are	_	_	_	_	
18-15	3483-3486	not	Direct Opinion[81]	Performance#Sizing/Fit	Negative	18-25[0_81]	
18-16	3487-3491	true	Direct Opinion[81]	_	_	_	
18-17	3492-3494	to	Direct Opinion[81]	_	_	_	
18-18	3495-3499	size	Direct Opinion[81]	_	_	_	
18-19	3499-3500	,	_	_	_	_	
18-20	3501-3506	oddly	Direct Opinion[82]	Appearance#Form	Negative	18-25[0_82]	
18-21	3507-3511	wide	Direct Opinion[82]	_	_	_	
18-22	3512-3515	and	Direct Opinion[82]	_	_	_	
18-23	3516-3526	misshapped	Direct Opinion[82]	_	_	_	
18-24	3527-3528	.	_	_	_	_	
18-25	3530-3538	IMPLICIT	Direct Aspect	_	_	_	
18-26	3539-3550	Comfortable	Direct Opinion	Performance#Comfort	Positive	18-33	
18-27	3551-3554	but	Direct Opinion[83]	_	_	_	
18-28	3555-3559	huge	Direct Opinion[83]	_	_	_	
18-29	3559-3560	-	_	_	_	_	
18-30	3561-3565	like	_	_	_	_	
18-31	3566-3571	boats	_	_	_	_	
18-32	3572-3573	.	_	_	_	_	
18-33	3575-3583	IMPLICIT	Direct Aspect	Performance#Sizing/Fit	Negative	18-27[83_0]	

#Text=The leather had a small but very noticeable scratch in them  .  IMPLICIT I'm surprised it passed quality control .  IMPLICIT Too bad cuz I like them  .  IMPLICIT Tried to upload photos IMPLICIT
19-1	3585-3588	The	_	_	_	_	
19-2	3589-3596	leather	Direct Opinion[84]|Direct Aspect[85]	Appearance#Material	Negative	19-2[85_84]	
19-3	3597-3600	had	Direct Opinion[84]	_	_	_	
19-4	3601-3602	a	Direct Opinion[84]	_	_	_	
19-5	3603-3608	small	Direct Opinion[84]	_	_	_	
19-6	3609-3612	but	Direct Opinion[84]	_	_	_	
19-7	3613-3617	very	Direct Opinion[84]	_	_	_	
19-8	3618-3628	noticeable	Direct Opinion[84]	_	_	_	
19-9	3629-3636	scratch	Direct Opinion[84]	_	_	_	
19-10	3637-3639	in	_	_	_	_	
19-11	3640-3644	them	_	_	_	_	
19-12	3646-3647	.	_	_	_	_	
19-13	3649-3657	IMPLICIT	_	_	_	_	
19-14	3658-3661	I'm	Indirect Opinion[86]	ContextOfUse#Purchase\_Context	Negative	19-21[0_86]	
19-15	3662-3671	surprised	Indirect Opinion[86]	_	_	_	
19-16	3672-3674	it	Indirect Opinion[86]	_	_	_	
19-17	3675-3681	passed	Indirect Opinion[86]	_	_	_	
19-18	3682-3689	quality	Indirect Opinion[86]	_	_	_	
19-19	3690-3697	control	Indirect Opinion[86]	_	_	_	
19-20	3698-3699	.	_	_	_	_	
19-21	3701-3709	IMPLICIT	Direct Aspect	_	_	_	
19-22	3710-3713	Too	Indirect Opinion[87]	_	_	_	
19-23	3714-3717	bad	Indirect Opinion[87]	_	_	_	
19-24	3718-3721	cuz	Indirect Opinion[87]	_	_	_	
19-25	3722-3723	I	Indirect Opinion[87]	_	_	_	
19-26	3724-3728	like	Indirect Opinion[87]	_	_	_	
19-27	3729-3733	them	_	_	_	_	
19-28	3735-3736	.	_	_	_	_	
19-29	3738-3746	IMPLICIT	Direct Aspect	General	Positive	19-22[87_0]	
19-30	3747-3752	Tried	_	_	_	_	
19-31	3753-3755	to	_	_	_	_	
19-32	3756-3762	upload	_	_	_	_	
19-33	3763-3769	photos	_	_	_	_	
19-34	3770-3778	IMPLICIT	_	_	_	_	

#Text=The shoe didnt look right on my foot .  IMPLICIT The picture makes the shoe look better .  IMPLICIT I didnt like the look in person .  IMPLICIT
20-1	3780-3783	The	_	_	_	_	
20-2	3784-3788	shoe	Direct Aspect	Appearance#Form	Negative	20-3[88_0]	
20-3	3789-3794	didnt	Direct Opinion[88]	_	_	_	
20-4	3795-3799	look	Direct Opinion[88]	_	_	_	
20-5	3800-3805	right	Direct Opinion[88]	_	_	_	
20-6	3806-3808	on	Direct Opinion[88]	_	_	_	
20-7	3809-3811	my	Direct Opinion[88]	_	_	_	
20-8	3812-3816	foot	Direct Opinion[88]	_	_	_	
20-9	3817-3818	.	_	_	_	_	
20-10	3820-3828	IMPLICIT	_	_	_	_	
20-11	3829-3832	The	_	_	_	_	
20-12	3833-3840	picture	Indirect Opinion[89]	ContextOfUse#Purchase\_Context	Negative	20-19[0_89]	
20-13	3841-3846	makes	Indirect Opinion[89]	_	_	_	
20-14	3847-3850	the	Indirect Opinion[89]	_	_	_	
20-15	3851-3855	shoe	Indirect Opinion[89]	_	_	_	
20-16	3856-3860	look	Indirect Opinion[89]	_	_	_	
20-17	3861-3867	better	Indirect Opinion[89]	_	_	_	
20-18	3868-3869	.	_	_	_	_	
20-19	3871-3879	IMPLICIT	Direct Aspect	Appearance#General	Negative	20-20[90_0]	
20-20	3880-3881	I	Direct Opinion[90]	_	_	_	
20-21	3882-3887	didnt	Direct Opinion[90]	_	_	_	
20-22	3888-3892	like	Direct Opinion[90]	_	_	_	
20-23	3893-3896	the	Direct Opinion[90]	_	_	_	
20-24	3897-3901	look	Direct Opinion[90]	_	_	_	
20-25	3902-3904	in	_	_	_	_	
20-26	3905-3911	person	_	_	_	_	
20-27	3912-3913	.	_	_	_	_	
20-28	3915-3923	IMPLICIT	_	_	_	_	

#Text=I was so excited to try these shoes but was unfortunately disappointed  by them .  IMPLICIT I thought they were going to offer a lot of support but they  have done the opposite .  IMPLICIT They have hurt my feet and knees .  IMPLICIT I walk a few miles a day and these have not made them as enjoyable as I had hoped .  IMPLICIT
21-1	3925-3926	I	_	_	_	_	
21-2	3927-3930	was	_	_	_	_	
21-3	3931-3933	so	_	_	_	_	
21-4	3934-3941	excited	_	_	_	_	
21-5	3942-3944	to	_	_	_	_	
21-6	3945-3948	try	_	_	_	_	
21-7	3949-3954	these	_	_	_	_	
21-8	3955-3960	shoes	Direct Aspect	_	_	_	
21-9	3961-3964	but	_	_	_	_	
21-10	3965-3968	was	_	_	_	_	
21-11	3969-3982	unfortunately	Direct Opinion[91]	General	Negative	21-8[0_91]	
21-12	3983-3995	disappointed	Direct Opinion[91]	_	_	_	
21-13	3997-3999	by	_	_	_	_	
21-14	4000-4004	them	_	_	_	_	
21-15	4005-4006	.	_	_	_	_	
21-16	4008-4016	IMPLICIT	Direct Aspect	_	_	_	
21-17	4017-4018	I	_	_	_	_	
21-18	4019-4026	thought	Indirect Opinion[92]	Performance#Support/Stability	Negative	21-16[0_92]	
21-19	4027-4031	they	Indirect Opinion[92]	_	_	_	
21-20	4032-4036	were	Indirect Opinion[92]	_	_	_	
21-21	4037-4042	going	Indirect Opinion[92]	_	_	_	
21-22	4043-4045	to	Indirect Opinion[92]	_	_	_	
21-23	4046-4051	offer	Indirect Opinion[92]	_	_	_	
21-24	4052-4053	a	Indirect Opinion[92]	_	_	_	
21-25	4054-4057	lot	Indirect Opinion[92]	_	_	_	
21-26	4058-4060	of	Indirect Opinion[92]	_	_	_	
21-27	4061-4068	support	Indirect Opinion[92]	_	_	_	
21-28	4069-4072	but	Indirect Opinion[92]	_	_	_	
21-29	4073-4077	they	Indirect Opinion[92]	_	_	_	
21-30	4079-4083	have	Indirect Opinion[92]	_	_	_	
21-31	4084-4088	done	Indirect Opinion[92]	_	_	_	
21-32	4089-4092	the	Indirect Opinion[92]	_	_	_	
21-33	4093-4101	opposite	Indirect Opinion[92]	_	_	_	
21-34	4102-4103	.	_	_	_	_	
21-35	4105-4113	IMPLICIT	_	_	_	_	
21-36	4114-4118	They	_	_	_	_	
21-37	4119-4123	have	_	_	_	_	
21-38	4124-4128	hurt	Indirect Opinion[93]	Performance#Use Case Applicability	Negative	21-44[0_93]	
21-39	4129-4131	my	Indirect Opinion[93]	_	_	_	
21-40	4132-4136	feet	Indirect Opinion[93]	_	_	_	
21-41	4137-4140	and	Indirect Opinion[93]	_	_	_	
21-42	4141-4146	knees	Indirect Opinion[93]	_	_	_	
21-43	4147-4148	.	_	_	_	_	
21-44	4150-4158	IMPLICIT	Direct Aspect	_	_	_	
21-45	4159-4160	I	_	_	_	_	
21-46	4161-4165	walk	Indirect Opinion[94]	_	_	_	
21-47	4166-4167	a	Indirect Opinion[94]	_	_	_	
21-48	4168-4171	few	Indirect Opinion[94]	_	_	_	
21-49	4172-4177	miles	Indirect Opinion[94]	_	_	_	
21-50	4178-4179	a	Indirect Opinion[94]	_	_	_	
21-51	4180-4183	day	Indirect Opinion[94]	_	_	_	
21-52	4184-4187	and	Indirect Opinion[94]	_	_	_	
21-53	4188-4193	these	Indirect Opinion[94]	_	_	_	
21-54	4194-4198	have	Indirect Opinion[94]	_	_	_	
21-55	4199-4202	not	Indirect Opinion[94]	_	_	_	
21-56	4203-4207	made	Indirect Opinion[94]	_	_	_	
21-57	4208-4212	them	Indirect Opinion[94]	_	_	_	
21-58	4213-4215	as	Indirect Opinion[94]	_	_	_	
21-59	4216-4225	enjoyable	Indirect Opinion[94]	_	_	_	
21-60	4226-4228	as	Indirect Opinion[94]	_	_	_	
21-61	4229-4230	I	Indirect Opinion[94]	_	_	_	
21-62	4231-4234	had	Indirect Opinion[94]	_	_	_	
21-63	4235-4240	hoped	Indirect Opinion[94]	_	_	_	
21-64	4241-4242	.	_	_	_	_	
21-65	4244-4252	IMPLICIT	Direct Aspect	Performance#Use Case Applicability	Negative	21-46[94_0]	

#Text=I usually buy wide-with shoes, from NB even .  IMPLICIT These were too wide for my foot .  IMPLICIT My foot was slipping around inside of them and decided to return .  IMPLICIT Usually NB is right on .  IMPLICIT
22-1	4254-4255	I	_	_	_	_	
22-2	4256-4263	usually	_	_	_	_	
22-3	4264-4267	buy	_	_	_	_	
22-4	4268-4277	wide-with	_	_	_	_	
22-5	4278-4283	shoes	_	_	_	_	
22-6	4283-4284	,	_	_	_	_	
22-7	4285-4289	from	_	_	_	_	
22-8	4290-4292	NB	_	_	_	_	
22-9	4293-4297	even	_	_	_	_	
22-10	4298-4299	.	_	_	_	_	
22-11	4301-4309	IMPLICIT	_	_	_	_	
22-12	4310-4315	These	_	_	_	_	
22-13	4316-4320	were	_	_	_	_	
22-14	4321-4324	too	Indirect Opinion[95]	Performance#Sizing/Fit	Negative	22-20[0_95]	
22-15	4325-4329	wide	Indirect Opinion[95]	_	_	_	
22-16	4330-4333	for	_	_	_	_	
22-17	4334-4336	my	_	_	_	_	
22-18	4337-4341	foot	_	_	_	_	
22-19	4342-4343	.	_	_	_	_	
22-20	4345-4353	IMPLICIT	Direct Aspect	_	_	_	
22-21	4354-4356	My	Indirect Opinion[96]	Performance#Support/Stability	Negative	22-34[0_96]	
22-22	4357-4361	foot	Indirect Opinion[96]	_	_	_	
22-23	4362-4365	was	Indirect Opinion[96]	_	_	_	
22-24	4366-4374	slipping	Indirect Opinion[96]	_	_	_	
22-25	4375-4381	around	Indirect Opinion[96]	_	_	_	
22-26	4382-4388	inside	_	_	_	_	
22-27	4389-4391	of	_	_	_	_	
22-28	4392-4396	them	_	_	_	_	
22-29	4397-4400	and	_	_	_	_	
22-30	4401-4408	decided	Indirect Opinion[97]	Cost/Value	Negative	22-34[0_97]	
22-31	4409-4411	to	Indirect Opinion[97]	_	_	_	
22-32	4412-4418	return	Indirect Opinion[97]	_	_	_	
22-33	4419-4420	.	_	_	_	_	
22-34	4422-4430	IMPLICIT	Direct Aspect	_	_	_	
22-35	4431-4438	Usually	Indirect Opinion[98]	Cost/Value	Negative	22-36[99_98]	
22-36	4439-4441	NB	Indirect Opinion[98]|Direct Aspect[99]	_	_	_	
22-37	4442-4444	is	Indirect Opinion[98]	_	_	_	
22-38	4445-4450	right	Indirect Opinion[98]	_	_	_	
22-39	4451-4453	on	Indirect Opinion[98]	_	_	_	
22-40	4454-4455	.	_	_	_	_	
22-41	4457-4465	IMPLICIT	_	_	_	_	

#Text=I order a size too small .  IMPLICIT Called my locals Redbox stores; don't have the size .  IMPLICIT Called corporate and don't have my size in M 8 . 5 What a shame really IMPLICIT
23-1	4467-4468	I	Direct Opinion[100]	_	_	_	
23-2	4469-4474	order	Direct Opinion[100]	_	_	_	
23-3	4475-4476	a	Direct Opinion[100]	_	_	_	
23-4	4477-4481	size	Direct Opinion[100]	_	_	_	
23-5	4482-4485	too	Direct Opinion[100]	_	_	_	
23-6	4486-4491	small	Direct Opinion[100]	_	_	_	
23-7	4492-4493	.	_	_	_	_	
23-8	4495-4503	IMPLICIT	Direct Aspect	ContextOfUse#Purchase\_Context|Performance#Sizing/Fit	Negative|Negative	23-1[100_0]|23-1[100_0]	
23-9	4504-4510	Called	_	_	_	_	
23-10	4511-4513	my	_	_	_	_	
23-11	4514-4520	locals	_	_	_	_	
23-12	4521-4527	Redbox	Direct Aspect[101]	_	_	_	
23-13	4528-4534	stores	Direct Aspect[101]	_	_	_	
23-14	4534-4535	;	_	_	_	_	
23-15	4536-4541	don't	Indirect Opinion[102]	Misc	Neutral	23-12[101_102]	
23-16	4542-4546	have	Indirect Opinion[102]	_	_	_	
23-17	4547-4550	the	Indirect Opinion[102]	_	_	_	
23-18	4551-4555	size	Indirect Opinion[102]	_	_	_	
23-19	4556-4557	.	_	_	_	_	
23-20	4559-4567	IMPLICIT	_	_	_	_	
23-21	4568-4574	Called	_	_	_	_	
23-22	4575-4584	corporate	Direct Aspect	_	_	_	
23-23	4585-4588	and	_	_	_	_	
23-24	4589-4594	don't	Indirect Opinion[103]	Misc	Neutral	23-22[0_103]	
23-25	4595-4599	have	Indirect Opinion[103]	_	_	_	
23-26	4600-4602	my	Indirect Opinion[103]	_	_	_	
23-27	4603-4607	size	Indirect Opinion[103]	_	_	_	
23-28	4608-4610	in	Indirect Opinion[103]	_	_	_	
23-29	4611-4612	M	Indirect Opinion[103]	_	_	_	
23-30	4613-4614	8	Indirect Opinion[103]	_	_	_	
23-31	4615-4616	.	Indirect Opinion[103]	_	_	_	
23-32	4617-4618	5	Indirect Opinion[103]	_	_	_	
23-33	4619-4623	What	Indirect Opinion[104]	_	_	_	
23-34	4624-4625	a	Indirect Opinion[104]	_	_	_	
23-35	4626-4631	shame	Indirect Opinion[104]	_	_	_	
23-36	4632-4638	really	Indirect Opinion[104]	_	_	_	
23-37	4639-4647	IMPLICIT	Direct Aspect	Cost/Value	Negative	23-33[104_0]	

#Text=Didn't even last 2 weeks .  IMPLICIT Definitely a waste of money .  IMPLICIT
24-1	4649-4655	Didn't	Indirect Opinion[105]	Performance#Durability|ContextOfUse#Review\_Temporality	Negative|Neutral	24-7[0_105]|24-7[0_105]	
24-2	4656-4660	even	Indirect Opinion[105]	_	_	_	
24-3	4661-4665	last	Indirect Opinion[105]	_	_	_	
24-4	4666-4667	2	Indirect Opinion[105]	_	_	_	
24-5	4668-4673	weeks	Indirect Opinion[105]	_	_	_	
24-6	4674-4675	.	_	_	_	_	
24-7	4677-4685	IMPLICIT	Direct Aspect	_	_	_	
24-8	4686-4696	Definitely	_	_	_	_	
24-9	4697-4698	a	_	_	_	_	
24-10	4699-4704	waste	Indirect Opinion[106]	Cost/Value	Negative	24-14[0_106]	
24-11	4705-4707	of	Indirect Opinion[106]	_	_	_	
24-12	4708-4713	money	Indirect Opinion[106]	_	_	_	
24-13	4714-4715	.	_	_	_	_	
24-14	4717-4725	IMPLICIT	Direct Aspect	_	_	_	

#Text=This shoe is so unique, nostalgic and uplifting .  IMPLICIT The thick blue suede, the STAN print on the bottom of one shoe .  IMPLICIT Everything this shoe has is just amazing, the insoles are cushioned and have your some of my favorite characters beautifully printed there .  IMPLICIT Little dinosaurs are inside the shoe hidden on the canvas too !  !  !  IMPLICIT Watching my toes IMPLICIT
25-1	4727-4731	This	_	_	_	_	
25-2	4732-4736	shoe	Direct Aspect	Appearance#General	Positive	25-5[107_0]	
25-3	4737-4739	is	_	_	_	_	
25-4	4740-4742	so	_	_	_	_	
25-5	4743-4749	unique	Direct Opinion[107]	_	_	_	
25-6	4749-4750	,	Direct Opinion[107]	_	_	_	
25-7	4751-4760	nostalgic	Direct Opinion[107]	_	_	_	
25-8	4761-4764	and	Direct Opinion[107]	_	_	_	
25-9	4765-4774	uplifting	Direct Opinion[107]	_	_	_	
25-10	4775-4776	.	_	_	_	_	
25-11	4778-4786	IMPLICIT	_	_	_	_	
25-12	4787-4790	The	_	_	_	_	
25-13	4791-4796	thick	Indirect Opinion[108]	Appearance#Color	Positive	25-14[109_108]	
25-14	4797-4801	blue	Indirect Opinion[108]|Direct Aspect[109]	_	_	_	
25-15	4802-4807	suede	Indirect Opinion[108]	_	_	_	
25-16	4807-4808	,	_	_	_	_	
25-17	4809-4812	the	_	_	_	_	
25-18	4813-4817	STAN	_	_	_	_	
25-19	4818-4823	print	Indirect Opinion[110]	_	_	_	
25-20	4824-4826	on	Indirect Opinion[110]	_	_	_	
25-21	4827-4830	the	Indirect Opinion[110]	_	_	_	
25-22	4831-4837	bottom	Indirect Opinion[110]	_	_	_	
25-23	4838-4840	of	_	_	_	_	
25-24	4841-4844	one	_	_	_	_	
25-25	4845-4849	shoe	Direct Aspect	Appearance#Material|Appearance#Shoe Component	Positive|Positive	25-13[108_0]|25-19[110_0]	
25-26	4850-4851	.	_	_	_	_	
25-27	4853-4861	IMPLICIT	_	_	_	_	
25-28	4862-4872	Everything	Direct Opinion[111]	General	Positive	25-30[112_111]	
25-29	4873-4877	this	Direct Opinion[111]	_	_	_	
25-30	4878-4882	shoe	Direct Opinion[111]|Direct Aspect[112]	Appearance#Shoe Component|Appearance#Material	Positive|Positive	25-37[113_112]|25-45[115_112]	
25-31	4883-4886	has	Direct Opinion[111]	_	_	_	
25-32	4887-4889	is	Direct Opinion[111]	_	_	_	
25-33	4890-4894	just	Direct Opinion[111]	_	_	_	
25-34	4895-4902	amazing	Direct Opinion[111]	_	_	_	
25-35	4902-4903	,	_	_	_	_	
25-36	4904-4907	the	_	_	_	_	
25-37	4908-4915	insoles	Direct Opinion[113]|Direct Aspect[114]	_	_	_	
25-38	4916-4919	are	Direct Opinion[113]	_	_	_	
25-39	4920-4929	cushioned	Direct Opinion[113]	_	_	_	
25-40	4930-4933	and	_	_	_	_	
25-41	4934-4938	have	_	_	_	_	
25-42	4939-4943	your	_	_	_	_	
25-43	4944-4948	some	_	_	_	_	
25-44	4949-4951	of	_	_	_	_	
25-45	4952-4954	my	Direct Opinion[115]	Appearance#Shoe Component	Positive	25-37[114_115]	
25-46	4955-4963	favorite	Direct Opinion[115]	_	_	_	
25-47	4964-4974	characters	Direct Opinion[115]	_	_	_	
25-48	4975-4986	beautifully	Direct Opinion[115]	_	_	_	
25-49	4987-4994	printed	Direct Opinion[115]	_	_	_	
25-50	4995-5000	there	Direct Opinion[115]	_	_	_	
25-51	5001-5002	.	_	_	_	_	
25-52	5004-5012	IMPLICIT	_	_	_	_	
25-53	5013-5019	Little	_	_	_	_	
25-54	5020-5029	dinosaurs	Indirect Opinion[116]	Appearance#Material	Positive	25-56[117_116]	
25-55	5030-5033	are	Indirect Opinion[116]	_	_	_	
25-56	5034-5040	inside	Indirect Opinion[116]|Direct Aspect[117]	_	_	_	
25-57	5041-5044	the	Indirect Opinion[116]|Direct Aspect[117]	_	_	_	
25-58	5045-5049	shoe	Indirect Opinion[116]|Direct Aspect[117]	_	_	_	
25-59	5050-5056	hidden	Indirect Opinion[116]	_	_	_	
25-60	5057-5059	on	Indirect Opinion[116]	_	_	_	
25-61	5060-5063	the	Indirect Opinion[116]	_	_	_	
25-62	5064-5070	canvas	Indirect Opinion[116]	_	_	_	
25-63	5071-5074	too	Indirect Opinion[116]	_	_	_	
25-64	5075-5076	!	_	_	_	_	
25-65	5078-5079	!	_	_	_	_	
25-66	5081-5082	!	_	_	_	_	
25-67	5084-5092	IMPLICIT	_	_	_	_	
25-68	5093-5101	Watching	_	_	_	_	
25-69	5102-5104	my	_	_	_	_	
25-70	5105-5109	toes	_	_	_	_	
25-71	5110-5118	IMPLICIT	_	_	_	_	
