#FORMAT=WebAnno TSV 3.3
#T_SP=webanno.custom.Aspect|MentionType
#T_RL=webanno.custom.Sentiment|Category|Polarity|BT_webanno.custom.Aspect


#Text=As an adidas lover, I was super excited to purchase these .  IMPLICIT I own countless running shoes from this company and have never had an issue like I did with these .  IMPLICIT The laces are held together by elastics and after 3 wears the elastic snapped on one shoe making them unwearable .  IMPLICIT Beautiful sneaker, super disappointing quality .  IMPLICIT
1-1	0-2	As	Indirect Opinion[1]	_	_	_	
1-2	3-5	an	Indirect Opinion[1]	_	_	_	
1-3	6-12	adidas	Indirect Opinion[1]	_	_	_	
1-4	13-18	lover	Indirect Opinion[1]	_	_	_	
1-5	18-19	,	Indirect Opinion[1]	_	_	_	
1-6	20-21	I	Indirect Opinion[1]	_	_	_	
1-7	22-25	was	Indirect Opinion[1]	_	_	_	
1-8	26-31	super	Indirect Opinion[1]	_	_	_	
1-9	32-39	excited	Indirect Opinion[1]	_	_	_	
1-10	40-42	to	Indirect Opinion[1]	_	_	_	
1-11	43-51	purchase	Indirect Opinion[1]	_	_	_	
1-12	52-57	these	Indirect Opinion[1]	_	_	_	
1-13	58-59	.	_	_	_	_	
1-14	61-69	IMPLICIT	Direct Aspect	Misc	Positive	1-1[1_0]	
1-15	70-71	I	Indirect Opinion[2]	_	_	_	
1-16	72-75	own	Indirect Opinion[2]	_	_	_	
1-17	76-85	countless	Indirect Opinion[2]	_	_	_	
1-18	86-93	running	Indirect Opinion[2]	_	_	_	
1-19	94-99	shoes	Indirect Opinion[2]	_	_	_	
1-20	100-104	from	Indirect Opinion[2]	_	_	_	
1-21	105-109	this	Indirect Opinion[2]	_	_	_	
1-22	110-117	company	Indirect Opinion[2]	_	_	_	
1-23	118-121	and	_	_	_	_	
1-24	122-126	have	_	_	_	_	
1-25	127-132	never	Indirect Opinion[3]	_	_	_	
1-26	133-136	had	Indirect Opinion[3]	_	_	_	
1-27	137-139	an	Indirect Opinion[3]	_	_	_	
1-28	140-145	issue	Indirect Opinion[3]	_	_	_	
1-29	146-150	like	Indirect Opinion[3]	_	_	_	
1-30	151-152	I	Indirect Opinion[3]	_	_	_	
1-31	153-156	did	Indirect Opinion[3]	_	_	_	
1-32	157-161	with	Indirect Opinion[3]	_	_	_	
1-33	162-167	these	Indirect Opinion[3]	_	_	_	
1-34	168-169	.	_	_	_	_	
1-35	171-179	IMPLICIT	Direct Aspect	Misc|Misc	Positive|Negative	1-15[2_0]|1-25[3_0]	
1-36	180-183	The	_	_	_	_	
1-37	184-189	laces	Direct Aspect	_	_	_	
1-38	190-193	are	_	_	_	_	
1-39	194-198	held	Indirect Opinion[4]	Performance#Durability	Negative	1-37[0_4]	
1-40	199-207	together	Indirect Opinion[4]	_	_	_	
1-41	208-210	by	Indirect Opinion[4]	_	_	_	
1-42	211-219	elastics	Indirect Opinion[4]	_	_	_	
1-43	220-223	and	Indirect Opinion[4]	_	_	_	
1-44	224-229	after	Indirect Opinion[4]|Indirect Opinion[5]	ContextOfUse#Review\_Temporality	Negative	1-37[0_5]	
1-45	230-231	3	Indirect Opinion[4]|Indirect Opinion[5]	_	_	_	
1-46	232-237	wears	Indirect Opinion[4]|Indirect Opinion[5]	_	_	_	
1-47	238-241	the	Indirect Opinion[4]	_	_	_	
1-48	242-249	elastic	Indirect Opinion[4]	_	_	_	
1-49	250-257	snapped	Indirect Opinion[4]	_	_	_	
1-50	258-260	on	_	_	_	_	
1-51	261-264	one	_	_	_	_	
1-52	265-269	shoe	_	_	_	_	
1-53	270-276	making	_	_	_	_	
1-54	277-281	them	_	_	_	_	
1-55	282-292	unwearable	_	_	_	_	
1-56	293-294	.	_	_	_	_	
1-57	296-304	IMPLICIT	_	_	_	_	
1-58	305-314	Beautiful	Direct Opinion	_	_	_	
1-59	315-322	sneaker	Direct Aspect	Appearance#General|Performance#General	Positive|Negative	1-58|1-61[6_0]	
1-60	322-323	,	_	_	_	_	
1-61	324-329	super	Indirect Opinion[6]	_	_	_	
1-62	330-343	disappointing	Indirect Opinion[6]	_	_	_	
1-63	344-351	quality	Indirect Opinion[6]	_	_	_	
1-64	352-353	.	_	_	_	_	
1-65	355-363	IMPLICIT	_	_	_	_	

#Text=The shoes are true to size and very much the adidas brand .  IMPLICIT I was severely disheartened when they arrived and they are NOT "BLUSH" they're white and eed IMPLICIT
2-1	365-368	The	_	_	_	_	
2-2	369-374	shoes	Direct Aspect	_	_	_	
2-3	375-378	are	_	_	_	_	
2-4	379-383	true	Direct Opinion[7]	Performance#Sizing/Fit	Positive	2-2[0_7]	
2-5	384-386	to	Direct Opinion[7]	_	_	_	
2-6	387-391	size	Direct Opinion[7]	_	_	_	
2-7	392-395	and	_	_	_	_	
2-8	396-400	very	Direct Opinion[8]	General	Positive	2-2[0_8]	
2-9	401-405	much	Direct Opinion[8]	_	_	_	
2-10	406-409	the	Direct Opinion[8]	_	_	_	
2-11	410-416	adidas	Direct Opinion[8]	_	_	_	
2-12	417-422	brand	Direct Opinion[8]	_	_	_	
2-13	423-424	.	_	_	_	_	
2-14	426-434	IMPLICIT	_	_	_	_	
2-15	435-436	I	_	_	_	_	
2-16	437-440	was	_	_	_	_	
2-17	441-449	severely	_	_	_	_	
2-18	450-462	disheartened	_	_	_	_	
2-19	463-467	when	_	_	_	_	
2-20	468-472	they	_	_	_	_	
2-21	473-480	arrived	_	_	_	_	
2-22	481-484	and	_	_	_	_	
2-23	485-489	they	Direct Opinion[9]	_	_	_	
2-24	490-493	are	Direct Opinion[9]	_	_	_	
2-25	494-497	NOT	Direct Opinion[9]	_	_	_	
2-26	498-499	"	Direct Opinion[9]	_	_	_	
2-27	499-504	BLUSH	Direct Opinion[9]	_	_	_	
2-28	504-505	"	Direct Opinion[9]	_	_	_	
2-29	506-513	they're	Direct Opinion[9]	_	_	_	
2-30	514-519	white	Direct Opinion[9]	_	_	_	
2-31	520-523	and	Direct Opinion[9]	_	_	_	
2-32	524-527	eed	Direct Opinion[9]	_	_	_	
2-33	528-536	IMPLICIT	Direct Aspect	Appearance#Color	Negative	2-23[9_0]	

#Text=Cute colors but I'm not as happy with these as my 840's .  IMPLICIT They are 1/2 size small and I'm getting pain in my toes .  IMPLICIT Bummer .  IMPLICIT I may need to return them .  IMPLICIT
3-1	538-542	Cute	Direct Opinion	_	_	_	
3-2	543-549	colors	Direct Aspect	Appearance#Color	Positive	3-1	
3-3	550-553	but	_	_	_	_	
3-4	554-557	I'm	Indirect Opinion[10]	_	_	_	
3-5	558-561	not	Indirect Opinion[10]	_	_	_	
3-6	562-564	as	Indirect Opinion[10]	_	_	_	
3-7	565-570	happy	Indirect Opinion[10]	_	_	_	
3-8	571-575	with	Indirect Opinion[10]	_	_	_	
3-9	576-581	these	Indirect Opinion[10]	_	_	_	
3-10	582-584	as	Indirect Opinion[10]	_	_	_	
3-11	585-587	my	Indirect Opinion[10]	_	_	_	
3-12	588-591	840	Indirect Opinion[10]	_	_	_	
3-13	591-592	'	Indirect Opinion[10]	_	_	_	
3-14	592-593	s	Indirect Opinion[10]	_	_	_	
3-15	594-595	.	_	_	_	_	
3-16	597-605	IMPLICIT	Direct Aspect	General	Negative	3-4[10_0]	
3-17	606-610	They	Direct Opinion[11]	_	_	_	
3-18	611-614	are	Direct Opinion[11]	_	_	_	
3-19	615-616	1	Direct Opinion[11]	_	_	_	
3-20	616-617	/	Direct Opinion[11]	_	_	_	
3-21	617-618	2	Direct Opinion[11]	_	_	_	
3-22	619-623	size	Direct Opinion[11]	_	_	_	
3-23	624-629	small	Direct Opinion[11]	_	_	_	
3-24	630-633	and	_	_	_	_	
3-25	634-637	I'm	Indirect Opinion[12]	_	_	_	
3-26	638-645	getting	Indirect Opinion[12]	_	_	_	
3-27	646-650	pain	Indirect Opinion[12]	_	_	_	
3-28	651-653	in	Indirect Opinion[12]	_	_	_	
3-29	654-656	my	Indirect Opinion[12]	_	_	_	
3-30	657-661	toes	Indirect Opinion[12]	_	_	_	
3-31	662-663	.	_	_	_	_	
3-32	665-673	IMPLICIT	Direct Aspect	Performance#Sizing/Fit|Performance#Comfort	Negative|Negative	3-17[11_0]|3-25[12_0]	
3-33	674-680	Bummer	_	_	_	_	
3-34	681-682	.	_	_	_	_	
3-35	684-692	IMPLICIT	_	_	_	_	
3-36	693-694	I	Indirect Opinion[13]	_	_	_	
3-37	695-698	may	Indirect Opinion[13]	_	_	_	
3-38	699-703	need	Indirect Opinion[13]	_	_	_	
3-39	704-706	to	Indirect Opinion[13]	_	_	_	
3-40	707-713	return	Indirect Opinion[13]	_	_	_	
3-41	714-718	them	Indirect Opinion[13]	_	_	_	
3-42	719-720	.	_	_	_	_	
3-43	722-730	IMPLICIT	Direct Aspect	General	Negative	3-36[13_0]	

#Text=These shoes run huge .  .  .  IMPLICIT I haven't worn them yet but when trying them on I didn't like the fit IMPLICIT
4-1	732-737	These	_	_	_	_	
4-2	738-743	shoes	Direct Aspect	_	_	_	
4-3	744-747	run	Indirect Opinion[14]	Performance#Sizing/Fit	Negative	4-2[0_14]	
4-4	748-752	huge	Indirect Opinion[14]	_	_	_	
4-5	753-754	.	_	_	_	_	
4-6	756-757	.	_	_	_	_	
4-7	759-760	.	_	_	_	_	
4-8	762-770	IMPLICIT	_	_	_	_	
4-9	771-772	I	_	_	_	_	
4-10	773-780	haven't	_	_	_	_	
4-11	781-785	worn	_	_	_	_	
4-12	786-790	them	_	_	_	_	
4-13	791-794	yet	_	_	_	_	
4-14	795-798	but	_	_	_	_	
4-15	799-803	when	Indirect Opinion[15]	_	_	_	
4-16	804-810	trying	Indirect Opinion[15]	_	_	_	
4-17	811-815	them	Indirect Opinion[15]	_	_	_	
4-18	816-818	on	Indirect Opinion[15]	_	_	_	
4-19	819-820	I	Indirect Opinion[15]	_	_	_	
4-20	821-827	didn't	Indirect Opinion[15]	_	_	_	
4-21	828-832	like	Indirect Opinion[15]	_	_	_	
4-22	833-836	the	Indirect Opinion[15]	_	_	_	
4-23	837-840	fit	Indirect Opinion[15]	_	_	_	
4-24	841-849	IMPLICIT	Direct Aspect	Performance#Sizing/Fit	Negative	4-15[15_0]	

#Text=Size is big than usually adidas does and Slightly wide .  IMPLICIT Feels and look weird .  IMPLICIT
5-1	851-855	Size	Indirect Opinion[16]	_	_	_	
5-2	856-858	is	Indirect Opinion[16]	_	_	_	
5-3	859-862	big	Indirect Opinion[16]	_	_	_	
5-4	863-867	than	Indirect Opinion[16]	_	_	_	
5-5	868-875	usually	Indirect Opinion[16]	_	_	_	
5-6	876-882	adidas	Indirect Opinion[16]	_	_	_	
5-7	883-887	does	Indirect Opinion[16]	_	_	_	
5-8	888-891	and	Indirect Opinion[16]	_	_	_	
5-9	892-900	Slightly	Indirect Opinion[16]	_	_	_	
5-10	901-905	wide	Indirect Opinion[16]	_	_	_	
5-11	906-907	.	_	_	_	_	
5-12	909-917	IMPLICIT	Direct Aspect	Performance#Sizing/Fit	Negative	5-1[16_0]	
5-13	918-923	Feels	Direct Opinion[17]	_	_	_	
5-14	924-927	and	Direct Opinion[17]	_	_	_	
5-15	928-932	look	Direct Opinion[17]	_	_	_	
5-16	933-938	weird	Direct Opinion[17]	_	_	_	
5-17	939-940	.	_	_	_	_	
5-18	942-950	IMPLICIT	Direct Aspect	Appearance#General	Negative	5-13[17_0]	

#Text=I have worn the 990 for years and decided to try the 880,  It is lightweight and comfortable .  IMPLICIT I have not had it long enough to comment on its wear or durability .  IMPLICIT It is definitely more stylish than the 990 .  IMPLICIT
6-1	952-953	I	_	_	_	_	
6-2	954-958	have	_	_	_	_	
6-3	959-963	worn	_	_	_	_	
6-4	964-967	the	_	_	_	_	
6-5	968-971	990	_	_	_	_	
6-6	972-975	for	_	_	_	_	
6-7	976-981	years	_	_	_	_	
6-8	982-985	and	_	_	_	_	
6-9	986-993	decided	_	_	_	_	
6-10	994-996	to	_	_	_	_	
6-11	997-1000	try	_	_	_	_	
6-12	1001-1004	the	_	_	_	_	
6-13	1005-1008	880	Direct Aspect	_	_	_	
6-14	1008-1009	,	_	_	_	_	
6-15	1011-1013	It	_	_	_	_	
6-16	1014-1016	is	_	_	_	_	
6-17	1017-1028	lightweight	Direct Opinion	Appearance#Material	Positive	6-13	
6-18	1029-1032	and	_	_	_	_	
6-19	1033-1044	comfortable	Direct Opinion	Performance#Comfort	Positive	6-13	
6-20	1045-1046	.	_	_	_	_	
6-21	1048-1056	IMPLICIT	_	_	_	_	
6-22	1057-1058	I	Indirect Opinion[18]	_	_	_	
6-23	1059-1063	have	Indirect Opinion[18]	_	_	_	
6-24	1064-1067	not	Indirect Opinion[18]	_	_	_	
6-25	1068-1071	had	Indirect Opinion[18]	_	_	_	
6-26	1072-1074	it	Indirect Opinion[18]	_	_	_	
6-27	1075-1079	long	Indirect Opinion[18]	_	_	_	
6-28	1080-1086	enough	Indirect Opinion[18]	_	_	_	
6-29	1087-1089	to	_	_	_	_	
6-30	1090-1097	comment	_	_	_	_	
6-31	1098-1100	on	_	_	_	_	
6-32	1101-1104	its	_	_	_	_	
6-33	1105-1109	wear	_	_	_	_	
6-34	1110-1112	or	_	_	_	_	
6-35	1113-1123	durability	_	_	_	_	
6-36	1124-1125	.	_	_	_	_	
6-37	1127-1135	IMPLICIT	Direct Aspect	ContextOfUse#Review\_Temporality	Neutral	6-22[18_0]	
6-38	1136-1138	It	_	_	_	_	
6-39	1139-1141	is	_	_	_	_	
6-40	1142-1152	definitely	_	_	_	_	
6-41	1153-1157	more	Direct Opinion[19]	_	_	_	
6-42	1158-1165	stylish	Direct Opinion[19]	_	_	_	
6-43	1166-1170	than	Direct Opinion[19]	_	_	_	
6-44	1171-1174	the	Direct Opinion[19]	_	_	_	
6-45	1175-1178	990	Direct Opinion[19]	_	_	_	
6-46	1179-1180	.	_	_	_	_	
6-47	1182-1190	IMPLICIT	Direct Aspect	Appearance#General	Positive	6-41[19_0]	

#Text=My lady like them alot .  IMPLICIT Comfortable and true to size IMPLICIT
7-1	1192-1194	My	Indirect Opinion[20]	_	_	_	
7-2	1195-1199	lady	Indirect Opinion[20]	_	_	_	
7-3	1200-1204	like	Indirect Opinion[20]	_	_	_	
7-4	1205-1209	them	Indirect Opinion[20]	_	_	_	
7-5	1210-1214	alot	Indirect Opinion[20]	_	_	_	
7-6	1215-1216	.	_	_	_	_	
7-7	1218-1226	IMPLICIT	Direct Aspect	General	Positive	7-1[20_0]	
7-8	1227-1238	Comfortable	Direct Opinion	_	_	_	
7-9	1239-1242	and	_	_	_	_	
7-10	1243-1247	true	Direct Opinion[21]	_	_	_	
7-11	1248-1250	to	Direct Opinion[21]	_	_	_	
7-12	1251-1255	size	Direct Opinion[21]	_	_	_	
7-13	1256-1264	IMPLICIT	Direct Aspect	Performance#Comfort|Performance#Sizing/Fit	Positive|Positive	7-8|7-10[21_0]	

#Text=The size was too small .  IMPLICIT I am waiting for a refund so I can pruchase another size .  IMPLICIT
8-1	1266-1269	The	_	_	_	_	
8-2	1270-1274	size	Direct Aspect	_	_	_	
8-3	1275-1278	was	_	_	_	_	
8-4	1279-1282	too	Direct Opinion[22]	Performance#Sizing/Fit	Negative	8-2[0_22]	
8-5	1283-1288	small	Direct Opinion[22]	_	_	_	
8-6	1289-1290	.	_	_	_	_	
8-7	1292-1300	IMPLICIT	Direct Aspect	_	_	_	
8-8	1301-1302	I	Indirect Opinion[23]	_	_	_	
8-9	1303-1305	am	Indirect Opinion[23]	_	_	_	
8-10	1306-1313	waiting	Indirect Opinion[23]	_	_	_	
8-11	1314-1317	for	Indirect Opinion[23]	_	_	_	
8-12	1318-1319	a	Indirect Opinion[23]	_	_	_	
8-13	1320-1326	refund	Indirect Opinion[23]	_	_	_	
8-14	1327-1329	so	Indirect Opinion[23]	_	_	_	
8-15	1330-1331	I	Indirect Opinion[23]	_	_	_	
8-16	1332-1335	can	Indirect Opinion[23]	_	_	_	
8-17	1336-1344	pruchase	Indirect Opinion[23]	_	_	_	
8-18	1345-1352	another	Indirect Opinion[23]|Direct Aspect[24]	Misc	Neutral	8-8[23_24]	
8-19	1353-1357	size	Indirect Opinion[23]|Direct Aspect[24]	_	_	_	
8-20	1358-1359	.	_	_	_	_	
8-21	1361-1369	IMPLICIT	_	_	_	_	

#Text=I bought these for my husband and he loves them !  !  IMPLICIT He says they're very comfortable, which is important because he has a flat foot .  IMPLICIT
9-1	1371-1372	I	Indirect Opinion[25]	_	_	_	
9-2	1373-1379	bought	Indirect Opinion[25]	_	_	_	
9-3	1380-1385	these	Indirect Opinion[25]	_	_	_	
9-4	1386-1389	for	Indirect Opinion[25]	_	_	_	
9-5	1390-1392	my	Indirect Opinion[25]	_	_	_	
9-6	1393-1400	husband	Indirect Opinion[25]	_	_	_	
9-7	1401-1404	and	_	_	_	_	
9-8	1405-1407	he	Indirect Opinion[26]	_	_	_	
9-9	1408-1413	loves	Indirect Opinion[26]	_	_	_	
9-10	1414-1418	them	Indirect Opinion[26]	_	_	_	
9-11	1419-1420	!	_	_	_	_	
9-12	1422-1423	!	_	_	_	_	
9-13	1425-1433	IMPLICIT	Direct Aspect	ContextOfUse#Purchase\_Context|General	Positive|Positive	9-1[25_0]|9-8[26_0]	
9-14	1434-1436	He	_	_	_	_	
9-15	1437-1441	says	_	_	_	_	
9-16	1442-1449	they're	_	_	_	_	
9-17	1450-1454	very	Direct Opinion[27]	_	_	_	
9-18	1455-1466	comfortable	Direct Opinion[27]	_	_	_	
9-19	1466-1467	,	_	_	_	_	
9-20	1468-1473	which	_	_	_	_	
9-21	1474-1476	is	_	_	_	_	
9-22	1477-1486	important	_	_	_	_	
9-23	1487-1494	because	_	_	_	_	
9-24	1495-1497	he	_	_	_	_	
9-25	1498-1501	has	_	_	_	_	
9-26	1502-1503	a	_	_	_	_	
9-27	1504-1508	flat	_	_	_	_	
9-28	1509-1513	foot	_	_	_	_	
9-29	1514-1515	.	_	_	_	_	
9-30	1517-1525	IMPLICIT	Direct Aspect	Performance#Comfort	Positive	9-17[27_0]	

#Text=It's an iconic Adidas classic shoe .  IMPLICIT Super comfortable, very sleek and stylish .  IMPLICIT Love them, great purchase !  IMPLICIT
10-1	1527-1531	It's	_	_	_	_	
10-2	1532-1534	an	Direct Opinion[28]	_	_	_	
10-3	1535-1541	iconic	Direct Opinion[28]	_	_	_	
10-4	1542-1548	Adidas	Direct Opinion[28]	_	_	_	
10-5	1549-1556	classic	Direct Opinion[28]	_	_	_	
10-6	1557-1561	shoe	Direct Aspect	General	Positive	10-2[28_0]	
10-7	1562-1563	.	_	_	_	_	
10-8	1565-1573	IMPLICIT	_	_	_	_	
10-9	1574-1579	Super	Direct Opinion[29]	_	_	_	
10-10	1580-1591	comfortable	Direct Opinion[29]	_	_	_	
10-11	1591-1592	,	_	_	_	_	
10-12	1593-1597	very	Direct Opinion[30]	_	_	_	
10-13	1598-1603	sleek	Direct Opinion[30]	_	_	_	
10-14	1604-1607	and	Direct Opinion[30]	_	_	_	
10-15	1608-1615	stylish	Direct Opinion[30]	_	_	_	
10-16	1616-1617	.	_	_	_	_	
10-17	1619-1627	IMPLICIT	Direct Aspect	Performance#Comfort|Appearance#General	Positive|Positive	10-9[29_0]|10-12[30_0]	
10-18	1628-1632	Love	_	_	_	_	
10-19	1633-1637	them	_	_	_	_	
10-20	1637-1638	,	_	_	_	_	
10-21	1639-1644	great	Indirect Opinion[31]	_	_	_	
10-22	1645-1653	purchase	Indirect Opinion[31]	_	_	_	
10-23	1654-1655	!	_	_	_	_	
10-24	1657-1665	IMPLICIT	Direct Aspect	Cost/Value	Positive	10-21[31_0]	

#Text=These kicks are extremely comfortable and can be worn with a variety of styles .  IMPLICIT These are my new favorites .  IMPLICIT
11-1	1667-1672	These	_	_	_	_	
11-2	1673-1678	kicks	Direct Aspect	_	_	_	
11-3	1679-1682	are	_	_	_	_	
11-4	1683-1692	extremely	Direct Opinion[32]	Performance#Comfort	Positive	11-2[0_32]	
11-5	1693-1704	comfortable	Direct Opinion[32]	_	_	_	
11-6	1705-1708	and	_	_	_	_	
11-7	1709-1712	can	Indirect Opinion[33]	Versatility	Positive	11-2[0_33]	
11-8	1713-1715	be	Indirect Opinion[33]	_	_	_	
11-9	1716-1720	worn	Indirect Opinion[33]	_	_	_	
11-10	1721-1725	with	Indirect Opinion[33]	_	_	_	
11-11	1726-1727	a	Indirect Opinion[33]	_	_	_	
11-12	1728-1735	variety	Indirect Opinion[33]	_	_	_	
11-13	1736-1738	of	Indirect Opinion[33]	_	_	_	
11-14	1739-1745	styles	Indirect Opinion[33]	_	_	_	
11-15	1746-1747	.	_	_	_	_	
11-16	1749-1757	IMPLICIT	_	_	_	_	
11-17	1758-1763	These	Indirect Opinion[34]	_	_	_	
11-18	1764-1767	are	Indirect Opinion[34]	_	_	_	
11-19	1768-1770	my	Indirect Opinion[34]	_	_	_	
11-20	1771-1774	new	Indirect Opinion[34]	_	_	_	
11-21	1775-1784	favorites	Indirect Opinion[34]	_	_	_	
11-22	1785-1786	.	_	_	_	_	
11-23	1788-1796	IMPLICIT	Direct Aspect	General	Positive	11-17[34_0]	

#Text=I'm trying to exchange the shoe for a smaller size (Size 9) but it hasn't been in stock for weeks .  IMPLICIT So now I just have shoes in my closet I can't wear :/ IMPLICIT
12-1	1798-1801	I'm	_	_	_	_	
12-2	1802-1808	trying	_	_	_	_	
12-3	1809-1811	to	_	_	_	_	
12-4	1812-1820	exchange	_	_	_	_	
12-5	1821-1824	the	_	_	_	_	
12-6	1825-1829	shoe	Direct Aspect	_	_	_	
12-7	1830-1833	for	_	_	_	_	
12-8	1834-1835	a	_	_	_	_	
12-9	1836-1843	smaller	_	_	_	_	
12-10	1844-1848	size	_	_	_	_	
12-11	1849-1850	(	_	_	_	_	
12-12	1850-1854	Size	_	_	_	_	
12-13	1855-1856	9	_	_	_	_	
12-14	1856-1857	)	_	_	_	_	
12-15	1858-1861	but	_	_	_	_	
12-16	1862-1864	it	Indirect Opinion[35]	Misc	Negative	12-6[0_35]	
12-17	1865-1871	hasn't	Indirect Opinion[35]	_	_	_	
12-18	1872-1876	been	Indirect Opinion[35]	_	_	_	
12-19	1877-1879	in	Indirect Opinion[35]	_	_	_	
12-20	1880-1885	stock	Indirect Opinion[35]	_	_	_	
12-21	1886-1889	for	Indirect Opinion[35]	_	_	_	
12-22	1890-1895	weeks	Indirect Opinion[35]	_	_	_	
12-23	1896-1897	.	_	_	_	_	
12-24	1899-1907	IMPLICIT	_	_	_	_	
12-25	1908-1910	So	_	_	_	_	
12-26	1911-1914	now	_	_	_	_	
12-27	1915-1916	I	Indirect Opinion[36]	_	_	_	
12-28	1917-1921	just	Indirect Opinion[36]	_	_	_	
12-29	1922-1926	have	Indirect Opinion[36]	_	_	_	
12-30	1927-1932	shoes	Indirect Opinion[36]|Direct Aspect[37]	Misc	Negative	12-27[36_37]	
12-31	1933-1935	in	Indirect Opinion[36]	_	_	_	
12-32	1936-1938	my	Indirect Opinion[36]	_	_	_	
12-33	1939-1945	closet	Indirect Opinion[36]	_	_	_	
12-34	1946-1947	I	Indirect Opinion[36]	_	_	_	
12-35	1948-1953	can't	Indirect Opinion[36]	_	_	_	
12-36	1954-1958	wear	Indirect Opinion[36]	_	_	_	
12-37	1959-1960	:	_	_	_	_	
12-38	1960-1961	/	_	_	_	_	
12-39	1962-1970	IMPLICIT	_	_	_	_	

#Text=I purchased these shoes, love the look .  IMPLICIT Proudly wore them once for about 8 hours and had significant foot & back pain for almost a week .  IMPLICIT Something with the design of this shoe or insole makes it very uncomfortable (more so after wearing, than during) .  IMPLICIT
13-1	1972-1973	I	_	_	_	_	
13-2	1974-1983	purchased	_	_	_	_	
13-3	1984-1989	these	_	_	_	_	
13-4	1990-1995	shoes	Direct Aspect	_	_	_	
13-5	1995-1996	,	_	_	_	_	
13-6	1997-2001	love	Indirect Opinion[38]	Appearance#General	Positive	13-4[0_38]	
13-7	2002-2005	the	Indirect Opinion[38]	_	_	_	
13-8	2006-2010	look	Indirect Opinion[38]	_	_	_	
13-9	2011-2012	.	_	_	_	_	
13-10	2014-2022	IMPLICIT	_	_	_	_	
13-11	2023-2030	Proudly	_	_	_	_	
13-12	2031-2035	wore	Indirect Opinion[39]	_	_	_	
13-13	2036-2040	them	Indirect Opinion[39]	_	_	_	
13-14	2041-2045	once	Indirect Opinion[39]	_	_	_	
13-15	2046-2049	for	Indirect Opinion[39]	_	_	_	
13-16	2050-2055	about	Indirect Opinion[39]	_	_	_	
13-17	2056-2057	8	Indirect Opinion[39]	_	_	_	
13-18	2058-2063	hours	Indirect Opinion[39]	_	_	_	
13-19	2064-2067	and	Indirect Opinion[39]	_	_	_	
13-20	2068-2071	had	Indirect Opinion[39]	_	_	_	
13-21	2072-2083	significant	Indirect Opinion[39]	_	_	_	
13-22	2084-2088	foot	Indirect Opinion[39]	_	_	_	
13-23	2089-2090	&	Indirect Opinion[39]	_	_	_	
13-24	2091-2095	back	Indirect Opinion[39]	_	_	_	
13-25	2096-2100	pain	Indirect Opinion[39]	_	_	_	
13-26	2101-2104	for	Indirect Opinion[39]	_	_	_	
13-27	2105-2111	almost	Indirect Opinion[39]	_	_	_	
13-28	2112-2113	a	Indirect Opinion[39]	_	_	_	
13-29	2114-2118	week	Indirect Opinion[39]	_	_	_	
13-30	2119-2120	.	_	_	_	_	
13-31	2122-2130	IMPLICIT	Direct Aspect	Performance#Comfort	Negative	13-12[39_0]	
13-32	2131-2140	Something	_	_	_	_	
13-33	2141-2145	with	_	_	_	_	
13-34	2146-2149	the	_	_	_	_	
13-35	2150-2156	design	Direct Aspect[40]	_	_	_	
13-36	2157-2159	of	Direct Aspect[40]	_	_	_	
13-37	2160-2164	this	Direct Aspect[40]	_	_	_	
13-38	2165-2169	shoe	Direct Aspect[40]	_	_	_	
13-39	2170-2172	or	Direct Aspect[40]	_	_	_	
13-40	2173-2179	insole	Direct Aspect[40]	_	_	_	
13-41	2180-2185	makes	Indirect Opinion[41]	Performance#Comfort	Negative	13-35[40_41]	
13-42	2186-2188	it	Indirect Opinion[41]	_	_	_	
13-43	2189-2193	very	Indirect Opinion[41]	_	_	_	
13-44	2194-2207	uncomfortable	Indirect Opinion[41]	_	_	_	
13-45	2208-2209	(	_	_	_	_	
13-46	2209-2213	more	_	_	_	_	
13-47	2214-2216	so	_	_	_	_	
13-48	2217-2222	after	_	_	_	_	
13-49	2223-2230	wearing	_	_	_	_	
13-50	2230-2231	,	_	_	_	_	
13-51	2232-2236	than	_	_	_	_	
13-52	2237-2243	during	_	_	_	_	
13-53	2243-2244	)	_	_	_	_	
13-54	2245-2246	.	_	_	_	_	
13-55	2248-2256	IMPLICIT	_	_	_	_	

#Text=The tongue is thinner .  .  .  the material is decent but could of been better IMPLICIT
14-1	2258-2261	The	_	_	_	_	
14-2	2262-2268	tongue	Direct Aspect	_	_	_	
14-3	2269-2271	is	Direct Opinion[42]	Appearance#Shoe Component	Negative	14-2[0_42]	
14-4	2272-2279	thinner	Direct Opinion[42]	_	_	_	
14-5	2280-2281	.	_	_	_	_	
14-6	2283-2284	.	_	_	_	_	
14-7	2286-2287	.	_	_	_	_	
14-8	2289-2292	the	Indirect Opinion[43]	_	_	_	
14-9	2293-2301	material	Indirect Opinion[43]	_	_	_	
14-10	2302-2304	is	Indirect Opinion[43]	_	_	_	
14-11	2305-2311	decent	Indirect Opinion[43]	_	_	_	
14-12	2312-2315	but	Indirect Opinion[43]	_	_	_	
14-13	2316-2321	could	Indirect Opinion[43]	_	_	_	
14-14	2322-2324	of	Indirect Opinion[43]	_	_	_	
14-15	2325-2329	been	Indirect Opinion[43]	_	_	_	
14-16	2330-2336	better	Indirect Opinion[43]	_	_	_	
14-17	2337-2345	IMPLICIT	Direct Aspect	Appearance#Material	Negative	14-8[43_0]	

#Text=I have noticed that the quality of the New Balance products is slipping over the years and I think this has to do with the constant "out-sourcing" to foreign countries for production .  IMPLICIT The cushioning on the bottom of this shoe is not as good as some of the older New Balance shoes I bought 5 years ago .  IMPLICIT
15-1	2347-2348	I	_	_	_	_	
15-2	2349-2353	have	_	_	_	_	
15-3	2354-2361	noticed	_	_	_	_	
15-4	2362-2366	that	_	_	_	_	
15-5	2367-2370	the	Indirect Opinion[44]	_	_	_	
15-6	2371-2378	quality	Indirect Opinion[44]	_	_	_	
15-7	2379-2381	of	Indirect Opinion[44]	_	_	_	
15-8	2382-2385	the	Indirect Opinion[44]	_	_	_	
15-9	2386-2389	New	Indirect Opinion[44]|Direct Aspect[45]	Misc	Negative	15-5[44_45]	
15-10	2390-2397	Balance	Indirect Opinion[44]|Direct Aspect[45]	_	_	_	
15-11	2398-2406	products	Indirect Opinion[44]|Direct Aspect[45]	_	_	_	
15-12	2407-2409	is	Indirect Opinion[44]	_	_	_	
15-13	2410-2418	slipping	Indirect Opinion[44]	_	_	_	
15-14	2419-2423	over	Indirect Opinion[44]	_	_	_	
15-15	2424-2427	the	Indirect Opinion[44]	_	_	_	
15-16	2428-2433	years	Indirect Opinion[44]	_	_	_	
15-17	2434-2437	and	_	_	_	_	
15-18	2438-2439	I	_	_	_	_	
15-19	2440-2445	think	_	_	_	_	
15-20	2446-2450	this	_	_	_	_	
15-21	2451-2454	has	_	_	_	_	
15-22	2455-2457	to	_	_	_	_	
15-23	2458-2460	do	_	_	_	_	
15-24	2461-2465	with	_	_	_	_	
15-25	2466-2469	the	_	_	_	_	
15-26	2470-2478	constant	_	_	_	_	
15-27	2479-2480	"	_	_	_	_	
15-28	2480-2492	out-sourcing	_	_	_	_	
15-29	2492-2493	"	_	_	_	_	
15-30	2494-2496	to	_	_	_	_	
15-31	2497-2504	foreign	_	_	_	_	
15-32	2505-2514	countries	_	_	_	_	
15-33	2515-2518	for	_	_	_	_	
15-34	2519-2529	production	_	_	_	_	
15-35	2530-2531	.	_	_	_	_	
15-36	2533-2541	IMPLICIT	_	_	_	_	
15-37	2542-2545	The	_	_	_	_	
15-38	2546-2556	cushioning	Direct Aspect	_	_	_	
15-39	2557-2559	on	_	_	_	_	
15-40	2560-2563	the	_	_	_	_	
15-41	2564-2570	bottom	_	_	_	_	
15-42	2571-2573	of	_	_	_	_	
15-43	2574-2578	this	_	_	_	_	
15-44	2579-2583	shoe	_	_	_	_	
15-45	2584-2586	is	_	_	_	_	
15-46	2587-2590	not	Indirect Opinion[46]	Performance#Support/Stability	Negative	15-38[0_46]	
15-47	2591-2593	as	Indirect Opinion[46]	_	_	_	
15-48	2594-2598	good	Indirect Opinion[46]	_	_	_	
15-49	2599-2601	as	Indirect Opinion[46]	_	_	_	
15-50	2602-2606	some	Indirect Opinion[46]	_	_	_	
15-51	2607-2609	of	Indirect Opinion[46]	_	_	_	
15-52	2610-2613	the	Indirect Opinion[46]	_	_	_	
15-53	2614-2619	older	Indirect Opinion[46]	_	_	_	
15-54	2620-2623	New	Indirect Opinion[46]	_	_	_	
15-55	2624-2631	Balance	Indirect Opinion[46]	_	_	_	
15-56	2632-2637	shoes	Indirect Opinion[46]	_	_	_	
15-57	2638-2639	I	Indirect Opinion[46]	_	_	_	
15-58	2640-2646	bought	Indirect Opinion[46]	_	_	_	
15-59	2647-2648	5	Indirect Opinion[46]	_	_	_	
15-60	2649-2654	years	Indirect Opinion[46]	_	_	_	
15-61	2655-2658	ago	Indirect Opinion[46]	_	_	_	
15-62	2659-2660	.	_	_	_	_	
15-63	2662-2670	IMPLICIT	_	_	_	_	

#Text=The shoe is extremely painful .  IMPLICIT The left one is different from the right .  IMPLICIT It is painful and I want a full refund back .  IMPLICIT
16-1	2672-2675	The	_	_	_	_	
16-2	2676-2680	shoe	Direct Aspect	_	_	_	
16-3	2681-2683	is	_	_	_	_	
16-4	2684-2693	extremely	Direct Opinion[47]	Performance#Comfort	Negative	16-2[0_47]	
16-5	2694-2701	painful	Direct Opinion[47]	_	_	_	
16-6	2702-2703	.	_	_	_	_	
16-7	2705-2713	IMPLICIT	_	_	_	_	
16-8	2714-2717	The	Indirect Opinion[48]	_	_	_	
16-9	2718-2722	left	Indirect Opinion[48]	_	_	_	
16-10	2723-2726	one	Indirect Opinion[48]	_	_	_	
16-11	2727-2729	is	Indirect Opinion[48]	_	_	_	
16-12	2730-2739	different	Indirect Opinion[48]	_	_	_	
16-13	2740-2744	from	Indirect Opinion[48]	_	_	_	
16-14	2745-2748	the	Indirect Opinion[48]	_	_	_	
16-15	2749-2754	right	Indirect Opinion[48]	_	_	_	
16-16	2755-2756	.	_	_	_	_	
16-17	2758-2766	IMPLICIT	Direct Aspect	General	Negative	16-8[48_0]	
16-18	2767-2769	It	Indirect Opinion[49]	_	_	_	
16-19	2770-2772	is	Indirect Opinion[49]	_	_	_	
16-20	2773-2780	painful	Indirect Opinion[49]	_	_	_	
16-21	2781-2784	and	Indirect Opinion[49]	_	_	_	
16-22	2785-2786	I	Indirect Opinion[49]	_	_	_	
16-23	2787-2791	want	Indirect Opinion[49]	_	_	_	
16-24	2792-2793	a	Indirect Opinion[49]	_	_	_	
16-25	2794-2798	full	Indirect Opinion[49]	_	_	_	
16-26	2799-2805	refund	Indirect Opinion[49]	_	_	_	
16-27	2806-2810	back	Indirect Opinion[49]	_	_	_	
16-28	2811-2812	.	_	_	_	_	
16-29	2814-2822	IMPLICIT	Direct Aspect	Cost/Value	Negative	16-18[49_0]	

#Text=These fit great, nice style, very comfortable, but not meant for constant walking .  IMPLICIT Within 3 months I wore a hole through the top of shoe .  IMPLICIT I would buy again for style, but not constant walking .  IMPLICIT Need to find a shoe with reinforced toe .  IMPLICIT
17-1	2824-2829	These	_	_	_	_	
17-2	2830-2833	fit	Indirect Opinion[50]	_	_	_	
17-3	2834-2839	great	Indirect Opinion[50]	_	_	_	
17-4	2839-2840	,	_	_	_	_	
17-5	2841-2845	nice	Indirect Opinion[51]	_	_	_	
17-6	2846-2851	style	Indirect Opinion[51]	_	_	_	
17-7	2851-2852	,	_	_	_	_	
17-8	2853-2857	very	Direct Opinion[52]	_	_	_	
17-9	2858-2869	comfortable	Direct Opinion[52]	_	_	_	
17-10	2869-2870	,	_	_	_	_	
17-11	2871-2874	but	_	_	_	_	
17-12	2875-2878	not	Indirect Opinion[53]	_	_	_	
17-13	2879-2884	meant	Indirect Opinion[53]	_	_	_	
17-14	2885-2888	for	Indirect Opinion[53]	_	_	_	
17-15	2889-2897	constant	Indirect Opinion[53]	_	_	_	
17-16	2898-2905	walking	Indirect Opinion[53]	_	_	_	
17-17	2906-2907	.	_	_	_	_	
17-18	2909-2917	IMPLICIT	Direct Aspect	Performance#Comfort|Performance#Use Case Applicability|Appearance#General|Performance#Sizing/Fit	Positive|Negative|Positive|Positive	17-8[52_0]|17-12[53_0]|17-5[51_0]|17-2[50_0]	
17-19	2918-2924	Within	Indirect Opinion[54]	_	_	_	
17-20	2925-2926	3	Indirect Opinion[54]	_	_	_	
17-21	2927-2933	months	Indirect Opinion[54]	_	_	_	
17-22	2934-2935	I	Indirect Opinion[54]	_	_	_	
17-23	2936-2940	wore	Indirect Opinion[54]	_	_	_	
17-24	2941-2942	a	Indirect Opinion[54]	_	_	_	
17-25	2943-2947	hole	Indirect Opinion[54]	_	_	_	
17-26	2948-2955	through	Indirect Opinion[54]	_	_	_	
17-27	2956-2959	the	Indirect Opinion[54]	_	_	_	
17-28	2960-2963	top	Indirect Opinion[54]	_	_	_	
17-29	2964-2966	of	Indirect Opinion[54]	_	_	_	
17-30	2967-2971	shoe	Indirect Opinion[54]|Direct Aspect[55]	Performance#Durability	Negative	17-19[54_55]	
17-31	2972-2973	.	_	_	_	_	
17-32	2975-2983	IMPLICIT	_	_	_	_	
17-33	2984-2985	I	Indirect Opinion[56]	_	_	_	
17-34	2986-2991	would	Indirect Opinion[56]	_	_	_	
17-35	2992-2995	buy	Indirect Opinion[56]	_	_	_	
17-36	2996-3001	again	Indirect Opinion[56]	_	_	_	
17-37	3002-3005	for	Indirect Opinion[56]	_	_	_	
17-38	3006-3011	style	Indirect Opinion[56]	_	_	_	
17-39	3011-3012	,	_	_	_	_	
17-40	3013-3016	but	_	_	_	_	
17-41	3017-3020	not	_	_	_	_	
17-42	3021-3029	constant	_	_	_	_	
17-43	3030-3037	walking	_	_	_	_	
17-44	3038-3039	.	_	_	_	_	
17-45	3041-3049	IMPLICIT	Direct Aspect	Cost/Value	Positive	17-33[56_0]	
17-46	3050-3054	Need	Indirect Opinion[57]	_	_	_	
17-47	3055-3057	to	Indirect Opinion[57]	_	_	_	
17-48	3058-3062	find	Indirect Opinion[57]	_	_	_	
17-49	3063-3064	a	Indirect Opinion[57]	_	_	_	
17-50	3065-3069	shoe	Indirect Opinion[57]	_	_	_	
17-51	3070-3074	with	Indirect Opinion[57]	_	_	_	
17-52	3075-3085	reinforced	Indirect Opinion[57]	_	_	_	
17-53	3086-3089	toe	Indirect Opinion[57]	_	_	_	
17-54	3090-3091	.	_	_	_	_	
17-55	3093-3101	IMPLICIT	Direct Aspect	General	Negative	17-46[57_0]	

#Text=If your looking for that perfect everyday shoe to wear to mostly every event except fancy events, this could be the one for you .  .  . You can dress this shoe up or down casually .  .  . ❤ IMPLICIT
18-1	3103-3105	If	_	_	_	_	
18-2	3106-3110	your	_	_	_	_	
18-3	3111-3118	looking	_	_	_	_	
18-4	3119-3122	for	_	_	_	_	
18-5	3123-3127	that	_	_	_	_	
18-6	3128-3135	perfect	Indirect Opinion[58]	_	_	_	
18-7	3136-3144	everyday	Indirect Opinion[58]	_	_	_	
18-8	3145-3149	shoe	Indirect Opinion[58]	_	_	_	
18-9	3150-3152	to	Indirect Opinion[58]	_	_	_	
18-10	3153-3157	wear	Indirect Opinion[58]	_	_	_	
18-11	3158-3160	to	Indirect Opinion[58]	_	_	_	
18-12	3161-3167	mostly	Indirect Opinion[58]	_	_	_	
18-13	3168-3173	every	Indirect Opinion[58]	_	_	_	
18-14	3174-3179	event	Indirect Opinion[58]	_	_	_	
18-15	3180-3186	except	Indirect Opinion[58]	_	_	_	
18-16	3187-3192	fancy	Indirect Opinion[58]	_	_	_	
18-17	3193-3199	events	Indirect Opinion[58]	_	_	_	
18-18	3199-3200	,	_	_	_	_	
18-19	3201-3205	this	_	_	_	_	
18-20	3206-3211	could	_	_	_	_	
18-21	3212-3214	be	_	_	_	_	
18-22	3215-3218	the	_	_	_	_	
18-23	3219-3222	one	_	_	_	_	
18-24	3223-3226	for	_	_	_	_	
18-25	3227-3230	you	_	_	_	_	
18-26	3231-3232	.	_	_	_	_	
18-27	3234-3235	.	_	_	_	_	
18-28	3237-3238	.	_	_	_	_	
18-29	3239-3242	You	Indirect Opinion[59]	_	_	_	
18-30	3243-3246	can	Indirect Opinion[59]	_	_	_	
18-31	3247-3252	dress	Indirect Opinion[59]	_	_	_	
18-32	3253-3257	this	Indirect Opinion[59]	_	_	_	
18-33	3258-3262	shoe	Indirect Opinion[59]|Direct Aspect[60]	Versatility|Performance#General	Positive|Positive	18-29[59_60]|18-6[58_60]	
18-34	3263-3265	up	Indirect Opinion[59]	_	_	_	
18-35	3266-3268	or	Indirect Opinion[59]	_	_	_	
18-36	3269-3273	down	Indirect Opinion[59]	_	_	_	
18-37	3274-3282	casually	Indirect Opinion[59]	_	_	_	
18-38	3283-3284	.	_	_	_	_	
18-39	3286-3287	.	_	_	_	_	
18-40	3289-3290	.	_	_	_	_	
18-41	3291-3292	❤	_	_	_	_	
18-42	3293-3301	IMPLICIT	_	_	_	_	

#Text=The wrong size .  IMPLICIT Beautiful shoe .  IMPLICIT I received lots of compliments .  IMPLICIT However, u need to wear ankle socks so ur heel won't get a blister from slipping .  IMPLICIT
19-1	3303-3306	The	Indirect Opinion[61]	_	_	_	
19-2	3307-3312	wrong	Indirect Opinion[61]	_	_	_	
19-3	3313-3317	size	Indirect Opinion[61]	_	_	_	
19-4	3318-3319	.	_	_	_	_	
19-5	3321-3329	IMPLICIT	Direct Aspect	Performance#Sizing/Fit	Negative	19-1[61_0]	
19-6	3330-3339	Beautiful	Direct Opinion	_	_	_	
19-7	3340-3344	shoe	Direct Aspect	Appearance#General	Positive	19-6	
19-8	3345-3346	.	_	_	_	_	
19-9	3348-3356	IMPLICIT	_	_	_	_	
19-10	3357-3358	I	Indirect Opinion[62]	_	_	_	
19-11	3359-3367	received	Indirect Opinion[62]	_	_	_	
19-12	3368-3372	lots	Indirect Opinion[62]	_	_	_	
19-13	3373-3375	of	Indirect Opinion[62]	_	_	_	
19-14	3376-3387	compliments	Indirect Opinion[62]	_	_	_	
19-15	3388-3389	.	_	_	_	_	
19-16	3391-3399	IMPLICIT	Direct Aspect	Misc	Positive	19-10[62_0]	
19-17	3400-3407	However	_	_	_	_	
19-18	3407-3408	,	_	_	_	_	
19-19	3409-3410	u	Indirect Opinion[63]	_	_	_	
19-20	3411-3415	need	Indirect Opinion[63]	_	_	_	
19-21	3416-3418	to	Indirect Opinion[63]	_	_	_	
19-22	3419-3423	wear	Indirect Opinion[63]	_	_	_	
19-23	3424-3429	ankle	Indirect Opinion[63]	_	_	_	
19-24	3430-3435	socks	Indirect Opinion[63]	_	_	_	
19-25	3436-3438	so	Indirect Opinion[63]	_	_	_	
19-26	3439-3441	ur	Indirect Opinion[63]	_	_	_	
19-27	3442-3446	heel	Indirect Opinion[63]	_	_	_	
19-28	3447-3452	won't	Indirect Opinion[63]	_	_	_	
19-29	3453-3456	get	Indirect Opinion[63]	_	_	_	
19-30	3457-3458	a	Indirect Opinion[63]	_	_	_	
19-31	3459-3466	blister	Indirect Opinion[63]	_	_	_	
19-32	3467-3471	from	Indirect Opinion[63]	_	_	_	
19-33	3472-3480	slipping	Indirect Opinion[63]	_	_	_	
19-34	3481-3482	.	_	_	_	_	
19-35	3484-3492	IMPLICIT	Direct Aspect	Performance#Comfort	Negative	19-19[63_0]	

#Text=I loved my 880v10s and was nervous the 880v11s would be too different, but they are great .  IMPLICIT Little improvements with significant impact .  IMPLICIT It is my go-to road runner and like my 880v10s, I'm putting them through their paces .  IMPLICIT Comfy, just enough stability, and stylish .  IMPLICIT Keep it up, NB !  IMPLICIT
20-1	3494-3495	I	_	_	_	_	
20-2	3496-3501	loved	_	_	_	_	
20-3	3502-3504	my	_	_	_	_	
20-4	3505-3512	880v10s	_	_	_	_	
20-5	3513-3516	and	_	_	_	_	
20-6	3517-3520	was	_	_	_	_	
20-7	3521-3528	nervous	_	_	_	_	
20-8	3529-3532	the	_	_	_	_	
20-9	3533-3540	880v11s	Direct Aspect	_	_	_	
20-10	3541-3546	would	_	_	_	_	
20-11	3547-3549	be	_	_	_	_	
20-12	3550-3553	too	_	_	_	_	
20-13	3554-3563	different	_	_	_	_	
20-14	3563-3564	,	_	_	_	_	
20-15	3565-3568	but	_	_	_	_	
20-16	3569-3573	they	_	_	_	_	
20-17	3574-3577	are	_	_	_	_	
20-18	3578-3583	great	Direct Opinion	General	Positive	20-9	
20-19	3584-3585	.	_	_	_	_	
20-20	3587-3595	IMPLICIT	_	_	_	_	
20-21	3596-3602	Little	Indirect Opinion[64]	_	_	_	
20-22	3603-3615	improvements	Indirect Opinion[64]	_	_	_	
20-23	3616-3620	with	Indirect Opinion[64]	_	_	_	
20-24	3621-3632	significant	Indirect Opinion[64]	_	_	_	
20-25	3633-3639	impact	Indirect Opinion[64]	_	_	_	
20-26	3640-3641	.	_	_	_	_	
20-27	3643-3651	IMPLICIT	Direct Aspect	General	Positive	20-21[64_0]	
20-28	3652-3654	It	_	_	_	_	
20-29	3655-3657	is	_	_	_	_	
20-30	3658-3660	my	Indirect Opinion[65]	_	_	_	
20-31	3661-3666	go-to	Indirect Opinion[65]	_	_	_	
20-32	3667-3671	road	Indirect Opinion[65]	_	_	_	
20-33	3672-3678	runner	Indirect Opinion[65]	_	_	_	
20-34	3679-3682	and	_	_	_	_	
20-35	3683-3687	like	_	_	_	_	
20-36	3688-3690	my	_	_	_	_	
20-37	3691-3698	880v10s	_	_	_	_	
20-38	3698-3699	,	_	_	_	_	
20-39	3700-3703	I'm	_	_	_	_	
20-40	3704-3711	putting	_	_	_	_	
20-41	3712-3716	them	_	_	_	_	
20-42	3717-3724	through	_	_	_	_	
20-43	3725-3730	their	_	_	_	_	
20-44	3731-3736	paces	_	_	_	_	
20-45	3737-3738	.	_	_	_	_	
20-46	3740-3748	IMPLICIT	Direct Aspect	ContextOfUse#Use case	Positive	20-30[65_0]	
20-47	3749-3754	Comfy	Direct Opinion	Performance#Comfort	Positive	20-56	
20-48	3754-3755	,	_	_	_	_	
20-49	3756-3760	just	Indirect Opinion[66]	_	_	_	
20-50	3761-3767	enough	Indirect Opinion[66]	_	_	_	
20-51	3768-3777	stability	Indirect Opinion[66]	_	_	_	
20-52	3777-3778	,	_	_	_	_	
20-53	3779-3782	and	_	_	_	_	
20-54	3783-3790	stylish	Direct Opinion	_	_	_	
20-55	3791-3792	.	_	_	_	_	
20-56	3794-3802	IMPLICIT	Direct Aspect	Performance#Support/Stability|Appearance#General	Positive|Positive	20-49[66_0]|20-54	
20-57	3803-3807	Keep	Indirect Opinion[67]	_	_	_	
20-58	3808-3810	it	Indirect Opinion[67]	_	_	_	
20-59	3811-3813	up	Indirect Opinion[67]	_	_	_	
20-60	3813-3814	,	_	_	_	_	
20-61	3815-3817	NB	Direct Aspect	Misc	Positive	20-57[67_0]	
20-62	3818-3819	!	_	_	_	_	
20-63	3821-3829	IMPLICIT	_	_	_	_	

#Text=They are so pretty Unlike the croc they are way more snug I wear an 11 and that's the size I always order .  IMPLICIT Guess I gotta break them in IMPLICIT
21-1	3831-3835	They	_	_	_	_	
21-2	3836-3839	are	_	_	_	_	
21-3	3840-3842	so	Direct Opinion[68]	Appearance#General	Positive	21-25[0_68]	
21-4	3843-3849	pretty	Direct Opinion[68]	_	_	_	
21-5	3850-3856	Unlike	Indirect Opinion[69]	_	_	_	
21-6	3857-3860	the	Indirect Opinion[69]	_	_	_	
21-7	3861-3865	croc	Indirect Opinion[69]	_	_	_	
21-8	3866-3870	they	Indirect Opinion[69]	_	_	_	
21-9	3871-3874	are	Indirect Opinion[69]	_	_	_	
21-10	3875-3878	way	Indirect Opinion[69]	_	_	_	
21-11	3879-3883	more	Indirect Opinion[69]	_	_	_	
21-12	3884-3888	snug	Indirect Opinion[69]	_	_	_	
21-13	3889-3890	I	_	_	_	_	
21-14	3891-3895	wear	_	_	_	_	
21-15	3896-3898	an	_	_	_	_	
21-16	3899-3901	11	_	_	_	_	
21-17	3902-3905	and	_	_	_	_	
21-18	3906-3912	that's	_	_	_	_	
21-19	3913-3916	the	_	_	_	_	
21-20	3917-3921	size	_	_	_	_	
21-21	3922-3923	I	_	_	_	_	
21-22	3924-3930	always	_	_	_	_	
21-23	3931-3936	order	_	_	_	_	
21-24	3937-3938	.	_	_	_	_	
21-25	3940-3948	IMPLICIT	Direct Aspect	Performance#Sizing/Fit	Negative	21-5[69_0]	
21-26	3949-3954	Guess	Indirect Opinion[70]	_	_	_	
21-27	3955-3956	I	Indirect Opinion[70]	_	_	_	
21-28	3957-3962	gotta	Indirect Opinion[70]	_	_	_	
21-29	3963-3968	break	Indirect Opinion[70]	_	_	_	
21-30	3969-3973	them	Indirect Opinion[70]	_	_	_	
21-31	3974-3976	in	Indirect Opinion[70]	_	_	_	
21-32	3977-3985	IMPLICIT	Direct Aspect	General	Negative	21-26[70_0]	

#Text=I have several pairs of NewBalance shoes which all fit well and are very comfortable .  IMPLICIT I have only worn these NM306RST twice and the left is very tight in the toe box and created a blister between two toes .  IMPLICIT I can no longer ware the shoes .  IMPLICIT Hopefully NewBalance will help and has a solution .  IMPLICIT
22-1	3987-3988	I	Indirect Opinion[71]	_	_	_	
22-2	3989-3993	have	Indirect Opinion[71]	_	_	_	
22-3	3994-4001	several	Indirect Opinion[71]	_	_	_	
22-4	4002-4007	pairs	Indirect Opinion[71]	_	_	_	
22-5	4008-4010	of	Indirect Opinion[71]	_	_	_	
22-6	4011-4021	NewBalance	Indirect Opinion[71]|Direct Aspect[72]	Misc	Positive	22-1[71_72]	
22-7	4022-4027	shoes	Indirect Opinion[71]|Direct Aspect[72]	_	_	_	
22-8	4028-4033	which	Indirect Opinion[71]	_	_	_	
22-9	4034-4037	all	Indirect Opinion[71]	_	_	_	
22-10	4038-4041	fit	Indirect Opinion[71]	_	_	_	
22-11	4042-4046	well	Indirect Opinion[71]	_	_	_	
22-12	4047-4050	and	Indirect Opinion[71]	_	_	_	
22-13	4051-4054	are	Indirect Opinion[71]	_	_	_	
22-14	4055-4059	very	Indirect Opinion[71]	_	_	_	
22-15	4060-4071	comfortable	Indirect Opinion[71]	_	_	_	
22-16	4072-4073	.	Indirect Opinion[71]	_	_	_	
22-17	4075-4083	IMPLICIT	_	_	_	_	
22-18	4084-4085	I	Indirect Opinion[73]	_	_	_	
22-19	4086-4090	have	Indirect Opinion[73]	_	_	_	
22-20	4091-4095	only	Indirect Opinion[73]	_	_	_	
22-21	4096-4100	worn	Indirect Opinion[73]	_	_	_	
22-22	4101-4106	these	Indirect Opinion[73]	_	_	_	
22-23	4107-4115	NM306RST	Indirect Opinion[73]|Direct Aspect[74]	ContextOfUse#Review\_Temporality	Negative	22-18[73_74]	
22-24	4116-4121	twice	Indirect Opinion[73]	_	_	_	
22-25	4122-4125	and	_	_	_	_	
22-26	4126-4129	the	_	_	_	_	
22-27	4130-4134	left	Indirect Opinion[75]	Performance#Sizing/Fit	Negative	22-23[74_75]	
22-28	4135-4137	is	Indirect Opinion[75]	_	_	_	
22-29	4138-4142	very	Indirect Opinion[75]	_	_	_	
22-30	4143-4148	tight	Indirect Opinion[75]	_	_	_	
22-31	4149-4151	in	Indirect Opinion[75]	_	_	_	
22-32	4152-4155	the	Indirect Opinion[75]	_	_	_	
22-33	4156-4159	toe	Indirect Opinion[75]	_	_	_	
22-34	4160-4163	box	Indirect Opinion[75]	_	_	_	
22-35	4164-4167	and	_	_	_	_	
22-36	4168-4175	created	Indirect Opinion[76]	Performance#Comfort	Negative	22-23[74_76]	
22-37	4176-4177	a	Indirect Opinion[76]	_	_	_	
22-38	4178-4185	blister	Indirect Opinion[76]	_	_	_	
22-39	4186-4193	between	Indirect Opinion[76]	_	_	_	
22-40	4194-4197	two	Indirect Opinion[76]	_	_	_	
22-41	4198-4202	toes	Indirect Opinion[76]	_	_	_	
22-42	4203-4204	.	_	_	_	_	
22-43	4206-4214	IMPLICIT	_	_	_	_	
22-44	4215-4216	I	Indirect Opinion[77]	_	_	_	
22-45	4217-4220	can	Indirect Opinion[77]	_	_	_	
22-46	4221-4223	no	Indirect Opinion[77]	_	_	_	
22-47	4224-4230	longer	Indirect Opinion[77]	_	_	_	
22-48	4231-4235	ware	Indirect Opinion[77]	_	_	_	
22-49	4236-4239	the	Indirect Opinion[77]	_	_	_	
22-50	4240-4245	shoes	Indirect Opinion[77]|Direct Aspect[78]	Performance#General	Negative	22-44[77_78]	
22-51	4246-4247	.	_	_	_	_	
22-52	4249-4257	IMPLICIT	_	_	_	_	
22-53	4258-4267	Hopefully	Indirect Opinion[79]	_	_	_	
22-54	4268-4278	NewBalance	Indirect Opinion[79]|Direct Aspect[80]	Misc	Neutral	22-53[79_80]	
22-55	4279-4283	will	Indirect Opinion[79]	_	_	_	
22-56	4284-4288	help	Indirect Opinion[79]	_	_	_	
22-57	4289-4292	and	Indirect Opinion[79]	_	_	_	
22-58	4293-4296	has	Indirect Opinion[79]	_	_	_	
22-59	4297-4298	a	Indirect Opinion[79]	_	_	_	
22-60	4299-4307	solution	Indirect Opinion[79]	_	_	_	
22-61	4308-4309	.	_	_	_	_	
22-62	4311-4319	IMPLICIT	_	_	_	_	

#Text=They are horrible, too heavy, made of cheap products .  IMPLICIT NB 812 are better than 813 not recommended .  IMPLICIT
23-1	4321-4325	They	_	_	_	_	
23-2	4326-4329	are	_	_	_	_	
23-3	4330-4338	horrible	Direct Opinion	General	Negative	23-13	
23-4	4338-4339	,	_	_	_	_	
23-5	4340-4343	too	Indirect Opinion[81]	Appearance#Material	Negative	23-13[0_81]	
23-6	4344-4349	heavy	Indirect Opinion[81]	_	_	_	
23-7	4349-4350	,	Indirect Opinion[81]	_	_	_	
23-8	4351-4355	made	Indirect Opinion[81]	_	_	_	
23-9	4356-4358	of	Indirect Opinion[81]	_	_	_	
23-10	4359-4364	cheap	Indirect Opinion[81]	_	_	_	
23-11	4365-4373	products	Indirect Opinion[81]	_	_	_	
23-12	4374-4375	.	_	_	_	_	
23-13	4377-4385	IMPLICIT	Direct Aspect	_	_	_	
23-14	4386-4388	NB	Indirect Opinion[82]	_	_	_	
23-15	4389-4392	812	Indirect Opinion[82]	_	_	_	
23-16	4393-4396	are	Indirect Opinion[82]	_	_	_	
23-17	4397-4403	better	Indirect Opinion[82]	_	_	_	
23-18	4404-4408	than	Indirect Opinion[82]	_	_	_	
23-19	4409-4412	813	Indirect Opinion[82]|Direct Aspect[83]	General	Negative	23-14[82_83]	
23-20	4413-4416	not	Indirect Opinion[82]	_	_	_	
23-21	4417-4428	recommended	Indirect Opinion[82]	_	_	_	
23-22	4429-4430	.	_	_	_	_	
23-23	4432-4440	IMPLICIT	_	_	_	_	

#Text=It took 7 days for it to finally ship .  IMPLICIT I requested updates at 3 and then 7 days and got no responses, other than, I think it will ship out today on day 3 .  IMPLICIT Shoes fit tighter than other NB I've had in the past so I returned .  IMPLICIT Money wasn't in my account 3 days after tracking shows it was received by returns department .  IMPLICIT Love New Balance shoes but trying other brands because of the experience .  IMPLICIT
24-1	4442-4444	It	Indirect Opinion[84]	_	_	_	
24-2	4445-4449	took	Indirect Opinion[84]	_	_	_	
24-3	4450-4451	7	Indirect Opinion[84]	_	_	_	
24-4	4452-4456	days	Indirect Opinion[84]	_	_	_	
24-5	4457-4460	for	Indirect Opinion[84]	_	_	_	
24-6	4461-4463	it	Indirect Opinion[84]	_	_	_	
24-7	4464-4466	to	Indirect Opinion[84]	_	_	_	
24-8	4467-4474	finally	Indirect Opinion[84]	_	_	_	
24-9	4475-4479	ship	Indirect Opinion[84]	_	_	_	
24-10	4480-4481	.	_	_	_	_	
24-11	4483-4491	IMPLICIT	Direct Aspect	Misc	Negative	24-1[84_0]	
24-12	4492-4493	I	Indirect Opinion[85]	_	_	_	
24-13	4494-4503	requested	Indirect Opinion[85]	_	_	_	
24-14	4504-4511	updates	Indirect Opinion[85]	_	_	_	
24-15	4512-4514	at	Indirect Opinion[85]	_	_	_	
24-16	4515-4516	3	Indirect Opinion[85]	_	_	_	
24-17	4517-4520	and	Indirect Opinion[85]	_	_	_	
24-18	4521-4525	then	Indirect Opinion[85]	_	_	_	
24-19	4526-4527	7	Indirect Opinion[85]	_	_	_	
24-20	4528-4532	days	Indirect Opinion[85]	_	_	_	
24-21	4533-4536	and	Indirect Opinion[85]	_	_	_	
24-22	4537-4540	got	Indirect Opinion[85]	_	_	_	
24-23	4541-4543	no	Indirect Opinion[85]	_	_	_	
24-24	4544-4553	responses	Indirect Opinion[85]	_	_	_	
24-25	4553-4554	,	Indirect Opinion[85]	_	_	_	
24-26	4555-4560	other	Indirect Opinion[85]	_	_	_	
24-27	4561-4565	than	Indirect Opinion[85]	_	_	_	
24-28	4565-4566	,	Indirect Opinion[85]	_	_	_	
24-29	4567-4568	I	Indirect Opinion[85]	_	_	_	
24-30	4569-4574	think	Indirect Opinion[85]	_	_	_	
24-31	4575-4577	it	Indirect Opinion[85]	_	_	_	
24-32	4578-4582	will	Indirect Opinion[85]	_	_	_	
24-33	4583-4587	ship	Indirect Opinion[85]	_	_	_	
24-34	4588-4591	out	Indirect Opinion[85]	_	_	_	
24-35	4592-4597	today	Indirect Opinion[85]	_	_	_	
24-36	4598-4600	on	Indirect Opinion[85]	_	_	_	
24-37	4601-4604	day	Indirect Opinion[85]	_	_	_	
24-38	4605-4606	3	Indirect Opinion[85]	_	_	_	
24-39	4607-4608	.	_	_	_	_	
24-40	4610-4618	IMPLICIT	Direct Aspect	Misc	Negative	24-12[85_0]	
24-41	4619-4624	Shoes	Direct Aspect	_	_	_	
24-42	4625-4628	fit	Indirect Opinion[86]	Performance#Sizing/Fit	Negative	24-41[0_86]	
24-43	4629-4636	tighter	Indirect Opinion[86]	_	_	_	
24-44	4637-4641	than	Indirect Opinion[86]	_	_	_	
24-45	4642-4647	other	Indirect Opinion[86]	_	_	_	
24-46	4648-4650	NB	Indirect Opinion[86]	_	_	_	
24-47	4651-4655	I've	Indirect Opinion[86]	_	_	_	
24-48	4656-4659	had	Indirect Opinion[86]	_	_	_	
24-49	4660-4662	in	Indirect Opinion[86]	_	_	_	
24-50	4663-4666	the	Indirect Opinion[86]	_	_	_	
24-51	4667-4671	past	Indirect Opinion[86]	_	_	_	
24-52	4672-4674	so	_	_	_	_	
24-53	4675-4676	I	_	_	_	_	
24-54	4677-4685	returned	_	_	_	_	
24-55	4686-4687	.	_	_	_	_	
24-56	4689-4697	IMPLICIT	_	_	_	_	
24-57	4698-4703	Money	Indirect Opinion[87]	_	_	_	
24-58	4704-4710	wasn't	Indirect Opinion[87]	_	_	_	
24-59	4711-4713	in	Indirect Opinion[87]	_	_	_	
24-60	4714-4716	my	Indirect Opinion[87]	_	_	_	
24-61	4717-4724	account	Indirect Opinion[87]	_	_	_	
24-62	4725-4726	3	Indirect Opinion[87]	_	_	_	
24-63	4727-4731	days	Indirect Opinion[87]	_	_	_	
24-64	4732-4737	after	Indirect Opinion[87]	_	_	_	
24-65	4738-4746	tracking	Indirect Opinion[87]	_	_	_	
24-66	4747-4752	shows	Indirect Opinion[87]	_	_	_	
24-67	4753-4755	it	Indirect Opinion[87]	_	_	_	
24-68	4756-4759	was	Indirect Opinion[87]	_	_	_	
24-69	4760-4768	received	Indirect Opinion[87]	_	_	_	
24-70	4769-4771	by	Indirect Opinion[87]	_	_	_	
24-71	4772-4779	returns	Indirect Opinion[87]	_	_	_	
24-72	4780-4790	department	Indirect Opinion[87]	_	_	_	
24-73	4791-4792	.	_	_	_	_	
24-74	4794-4802	IMPLICIT	Direct Aspect	Misc	Negative	24-57[87_0]	
24-75	4803-4807	Love	Indirect Opinion[88]	_	_	_	
24-76	4808-4811	New	Indirect Opinion[88]|Direct Aspect[89]	Misc	Negative	24-75[88_89]	
24-77	4812-4819	Balance	Indirect Opinion[88]|Direct Aspect[89]	_	_	_	
24-78	4820-4825	shoes	Indirect Opinion[88]|Direct Aspect[89]	_	_	_	
24-79	4826-4829	but	Indirect Opinion[88]	_	_	_	
24-80	4830-4836	trying	Indirect Opinion[88]	_	_	_	
24-81	4837-4842	other	Indirect Opinion[88]	_	_	_	
24-82	4843-4849	brands	Indirect Opinion[88]	_	_	_	
24-83	4850-4857	because	Indirect Opinion[88]	_	_	_	
24-84	4858-4860	of	Indirect Opinion[88]	_	_	_	
24-85	4861-4864	the	Indirect Opinion[88]	_	_	_	
24-86	4865-4875	experience	Indirect Opinion[88]	_	_	_	
24-87	4876-4877	.	_	_	_	_	
24-88	4879-4887	IMPLICIT	_	_	_	_	

#Text=Bought the blue ones, absolutely love the monochromatic color scheme with the bright pop of color on the tongue .  IMPLICIT Purchased the grey pair .  IMPLICIT Waited for a shipment confirmation email, instead got an email saying they canceled the order .  IMPLICIT No explanation at all .  IMPLICIT Just bad business .  IMPLICIT Might not shop Finishline again .  IMPLICIT
25-1	4889-4895	Bought	_	_	_	_	
25-2	4896-4899	the	_	_	_	_	
25-3	4900-4904	blue	_	_	_	_	
25-4	4905-4909	ones	_	_	_	_	
25-5	4909-4910	,	_	_	_	_	
25-6	4911-4921	absolutely	Indirect Opinion[90]	_	_	_	
25-7	4922-4926	love	Indirect Opinion[90]	_	_	_	
25-8	4927-4930	the	_	_	_	_	
25-9	4931-4944	monochromatic	Direct Aspect[91]	Appearance#Color	Positive	25-6[90_91]	
25-10	4945-4950	color	Direct Aspect[91]	_	_	_	
25-11	4951-4957	scheme	Direct Aspect[91]	_	_	_	
25-12	4958-4962	with	_	_	_	_	
25-13	4963-4966	the	_	_	_	_	
25-14	4967-4973	bright	_	_	_	_	
25-15	4974-4977	pop	_	_	_	_	
25-16	4978-4980	of	_	_	_	_	
25-17	4981-4986	color	_	_	_	_	
25-18	4987-4989	on	_	_	_	_	
25-19	4990-4993	the	_	_	_	_	
25-20	4994-5000	tongue	_	_	_	_	
25-21	5001-5002	.	_	_	_	_	
25-22	5004-5012	IMPLICIT	_	_	_	_	
25-23	5013-5022	Purchased	Indirect Opinion[92]	_	_	_	
25-24	5023-5026	the	Indirect Opinion[92]	_	_	_	
25-25	5027-5031	grey	Indirect Opinion[92]|Indirect Opinion[93]	General	Positive	25-23[92_93]	
25-26	5032-5036	pair	Indirect Opinion[92]|Indirect Opinion[93]	_	_	_	
25-27	5037-5038	.	_	_	_	_	
25-28	5040-5048	IMPLICIT	_	_	_	_	
25-29	5049-5055	Waited	Indirect Opinion[94]	_	_	_	
25-30	5056-5059	for	Indirect Opinion[94]	_	_	_	
25-31	5060-5061	a	Indirect Opinion[94]	_	_	_	
25-32	5062-5070	shipment	Indirect Opinion[94]	_	_	_	
25-33	5071-5083	confirmation	Indirect Opinion[94]	_	_	_	
25-34	5084-5089	email	Indirect Opinion[94]	_	_	_	
25-35	5089-5090	,	Indirect Opinion[94]	_	_	_	
25-36	5091-5098	instead	Indirect Opinion[94]	_	_	_	
25-37	5099-5102	got	Indirect Opinion[94]	_	_	_	
25-38	5103-5105	an	Indirect Opinion[94]	_	_	_	
25-39	5106-5111	email	Indirect Opinion[94]	_	_	_	
25-40	5112-5118	saying	Indirect Opinion[94]	_	_	_	
25-41	5119-5123	they	Indirect Opinion[94]	_	_	_	
25-42	5124-5132	canceled	Indirect Opinion[94]	_	_	_	
25-43	5133-5136	the	Indirect Opinion[94]	_	_	_	
25-44	5137-5142	order	Indirect Opinion[94]	_	_	_	
25-45	5143-5144	.	_	_	_	_	
25-46	5146-5154	IMPLICIT	Direct Aspect	Misc	Negative	25-29[94_0]	
25-47	5155-5157	No	Indirect Opinion[95]	_	_	_	
25-48	5158-5169	explanation	Indirect Opinion[95]	_	_	_	
25-49	5170-5172	at	Indirect Opinion[95]	_	_	_	
25-50	5173-5176	all	Indirect Opinion[95]	_	_	_	
25-51	5177-5178	.	_	_	_	_	
25-52	5180-5188	IMPLICIT	Direct Aspect	Misc	Negative	25-47[95_0]	
25-53	5189-5193	Just	Indirect Opinion[96]	_	_	_	
25-54	5194-5197	bad	Indirect Opinion[96]	_	_	_	
25-55	5198-5206	business	Indirect Opinion[96]	_	_	_	
25-56	5207-5208	.	_	_	_	_	
25-57	5210-5218	IMPLICIT	Direct Aspect	Misc	Negative	25-53[96_0]	
25-58	5219-5224	Might	Indirect Opinion[97]	_	_	_	
25-59	5225-5228	not	Indirect Opinion[97]	_	_	_	
25-60	5229-5233	shop	Indirect Opinion[97]	_	_	_	
25-61	5234-5244	Finishline	Indirect Opinion[97]|Direct Aspect[98]	Misc	Negative	25-58[97_98]	
25-62	5245-5250	again	Indirect Opinion[97]	_	_	_	
25-63	5251-5252	.	_	_	_	_	
25-64	5254-5262	IMPLICIT	_	_	_	_	
