#FORMAT=WebAnno TSV 3.3
#T_SP=webanno.custom.Aspect|MentionType
#T_RL=webanno.custom.Sentiment|Category|Polarity|BT_webanno.custom.Aspect


#Text=I've bought a pair of 996s and 327s in the past year and they were great .  IMPLICIT The 574 was very tight, so I ordered a wide instead .  IMPLICIT
1-1	0-4	I've	Direct Opinion[1]	ContextOfUse#Purchase\_Context	Neutral	1-11[3_1]	
1-2	5-11	bought	Direct Opinion[1]	_	_	_	
1-3	12-13	a	_	_	_	_	
1-4	14-18	pair	Direct Aspect[2]	Performance#General	Positive	1-16[0_2]	
1-5	19-21	of	Direct Aspect[2]	_	_	_	
1-6	22-26	996s	Direct Aspect[2]	_	_	_	
1-7	27-30	and	Direct Aspect[2]	_	_	_	
1-8	31-35	327s	Direct Aspect[2]	_	_	_	
1-9	36-38	in	_	_	_	_	
1-10	39-42	the	_	_	_	_	
1-11	43-47	past	Direct Aspect[3]	_	_	_	
1-12	48-52	year	Direct Aspect[3]	_	_	_	
1-13	53-56	and	_	_	_	_	
1-14	57-61	they	_	_	_	_	
1-15	62-66	were	_	_	_	_	
1-16	67-72	great	Direct Opinion	_	_	_	
1-17	73-74	.	_	_	_	_	
1-18	76-84	IMPLICIT	_	_	_	_	
1-19	85-88	The	Direct Aspect[4]	Performance#Sizing/Fit	Negative	1-22[5_4]	
1-20	89-92	574	Direct Aspect[4]	_	_	_	
1-21	93-96	was	_	_	_	_	
1-22	97-101	very	Direct Opinion[5]	_	_	_	
1-23	102-107	tight	Direct Opinion[5]	_	_	_	
1-24	107-108	,	_	_	_	_	
1-25	109-111	so	_	_	_	_	
1-26	112-113	I	_	_	_	_	
1-27	114-121	ordered	_	_	_	_	
1-28	122-123	a	_	_	_	_	
1-29	124-128	wide	_	_	_	_	
1-30	129-136	instead	_	_	_	_	
1-31	137-138	.	_	_	_	_	
1-32	140-148	IMPLICIT	_	_	_	_	

#Text=I'm a true size 8 .  IMPLICIT However, these shoes definitely run large, so order a half size down and you will be golden !  IMPLICIT
2-1	150-153	I'm	_	_	_	_	
2-2	154-155	a	_	_	_	_	
2-3	156-160	true	_	_	_	_	
2-4	161-165	size	_	_	_	_	
2-5	166-167	8	_	_	_	_	
2-6	168-169	.	_	_	_	_	
2-7	171-179	IMPLICIT	_	_	_	_	
2-8	180-187	However	_	_	_	_	
2-9	187-188	,	_	_	_	_	
2-10	189-194	these	Direct Aspect[6]	Performance#Sizing/Fit	Negative	2-12[7_6]	
2-11	195-200	shoes	Direct Aspect[6]	_	_	_	
2-12	201-211	definitely	Direct Opinion[7]	_	_	_	
2-13	212-215	run	Direct Opinion[7]	_	_	_	
2-14	216-221	large	Direct Opinion[7]	_	_	_	
2-15	221-222	,	_	_	_	_	
2-16	223-225	so	_	_	_	_	
2-17	226-231	order	Direct Aspect[8]	ContextOfUse#Review\_Temporality	Positive	2-23[9_8]	
2-18	232-233	a	Direct Aspect[8]	_	_	_	
2-19	234-238	half	Direct Aspect[8]	_	_	_	
2-20	239-243	size	Direct Aspect[8]	_	_	_	
2-21	244-248	down	Direct Aspect[8]	_	_	_	
2-22	249-252	and	_	_	_	_	
2-23	253-256	you	Indirect Opinion[9]	_	_	_	
2-24	257-261	will	Indirect Opinion[9]	_	_	_	
2-25	262-264	be	Indirect Opinion[9]	_	_	_	
2-26	265-271	golden	Indirect Opinion[9]	_	_	_	
2-27	272-273	!	_	_	_	_	
2-28	275-283	IMPLICIT	_	_	_	_	

#Text=I like the shoes style and it looks very good on however putting them on hurt my feet extremely .  IMPLICIT They're very stiff and maybe it's because I need to break them in, but it's kinda of unbearable .  IMPLICIT It was disappointing since reading the other reviews positivity .  IMPLICIT
3-1	285-286	I	_	_	_	_	
3-2	287-291	like	Direct Opinion	_	_	_	
3-3	292-295	the	_	_	_	_	
3-4	296-301	shoes	Direct Aspect[10]	Performance#General|Performance#General	Positive|Positive	3-2[0_10]|3-8[11_10]	
3-5	302-307	style	Direct Aspect[10]	_	_	_	
3-6	308-311	and	_	_	_	_	
3-7	312-314	it	_	_	_	_	
3-8	315-320	looks	Direct Opinion[11]	_	_	_	
3-9	321-325	very	Direct Opinion[11]	_	_	_	
3-10	326-330	good	Direct Opinion[11]	_	_	_	
3-11	331-333	on	Direct Opinion[11]	_	_	_	
3-12	334-341	however	_	_	_	_	
3-13	342-349	putting	Direct Aspect[12]	Performance#Comfort	Negative	3-16[13_12]	
3-14	350-354	them	Direct Aspect[12]	_	_	_	
3-15	355-357	on	Direct Aspect[12]	_	_	_	
3-16	358-362	hurt	Indirect Opinion[13]	_	_	_	
3-17	363-365	my	Indirect Opinion[13]	_	_	_	
3-18	366-370	feet	Indirect Opinion[13]	_	_	_	
3-19	371-380	extremely	Indirect Opinion[13]	_	_	_	
3-20	381-382	.	_	_	_	_	
3-21	384-392	IMPLICIT	_	_	_	_	
3-22	393-400	They're	Direct Aspect	Performance#Comfort|Performance#Comfort	Negative|Negative	3-23[14_0]|3-38[17_0]	
3-23	401-405	very	Direct Opinion[14]	_	_	_	
3-24	406-411	stiff	Direct Opinion[14]	_	_	_	
3-25	412-415	and	_	_	_	_	
3-26	416-421	maybe	_	_	_	_	
3-27	422-426	it's	_	_	_	_	
3-28	427-434	because	_	_	_	_	
3-29	435-436	I	_	_	_	_	
3-30	437-441	need	Indirect Opinion[15]	_	_	_	
3-31	442-444	to	Indirect Opinion[15]	_	_	_	
3-32	445-450	break	Indirect Opinion[15]	_	_	_	
3-33	451-455	them	Indirect Opinion[15]|Direct Aspect[16]	ContextOfUse#Review\_Temporality	Neutral	3-30[15_16]	
3-34	456-458	in	Indirect Opinion[15]	_	_	_	
3-35	458-459	,	Indirect Opinion[15]	_	_	_	
3-36	460-463	but	_	_	_	_	
3-37	464-468	it's	_	_	_	_	
3-38	469-474	kinda	Direct Opinion[17]	_	_	_	
3-39	475-477	of	Direct Opinion[17]	_	_	_	
3-40	478-488	unbearable	Direct Opinion[17]	_	_	_	
3-41	489-490	.	_	_	_	_	
3-42	492-500	IMPLICIT	_	_	_	_	
3-43	501-503	It	Direct Aspect	Performance#General	Negative	3-44[18_0]	
3-44	504-507	was	Direct Opinion[18]	_	_	_	
3-45	508-521	disappointing	Direct Opinion[18]	_	_	_	
3-46	522-527	since	_	_	_	_	
3-47	528-535	reading	_	_	_	_	
3-48	536-539	the	_	_	_	_	
3-49	540-545	other	_	_	_	_	
3-50	546-553	reviews	_	_	_	_	
3-51	554-564	positivity	_	_	_	_	
3-52	565-566	.	_	_	_	_	
3-53	568-576	IMPLICIT	_	_	_	_	

#Text=Lined crocs are pretty, still the same fit as my other classics, but lose the awesomeness of unlined crocs to not get stinky !  IMPLICIT I wore these for 3 days, but they already smell bad and they aren't washable without spot washing .  IMPLICIT
4-1	578-583	Lined	Direct Aspect[19]	Performance#General|Performance#Sizing/Fit|Misc	Positive|Positive|Negative	4-4[0_19]|4-8[20_19]|4-16[21_19]	
4-2	584-589	crocs	Direct Aspect[19]	_	_	_	
4-3	590-593	are	_	_	_	_	
4-4	594-600	pretty	Direct Opinion	_	_	_	
4-5	600-601	,	_	_	_	_	
4-6	602-607	still	_	_	_	_	
4-7	608-611	the	_	_	_	_	
4-8	612-616	same	Indirect Opinion[20]	_	_	_	
4-9	617-620	fit	Indirect Opinion[20]	_	_	_	
4-10	621-623	as	Indirect Opinion[20]	_	_	_	
4-11	624-626	my	Indirect Opinion[20]	_	_	_	
4-12	627-632	other	Indirect Opinion[20]	_	_	_	
4-13	633-641	classics	Indirect Opinion[20]	_	_	_	
4-14	641-642	,	_	_	_	_	
4-15	643-646	but	_	_	_	_	
4-16	647-651	lose	Indirect Opinion[21]	_	_	_	
4-17	652-655	the	Indirect Opinion[21]	_	_	_	
4-18	656-667	awesomeness	Indirect Opinion[21]	_	_	_	
4-19	668-670	of	Indirect Opinion[21]	_	_	_	
4-20	671-678	unlined	Indirect Opinion[21]	_	_	_	
4-21	679-684	crocs	Indirect Opinion[21]	_	_	_	
4-22	685-687	to	Indirect Opinion[21]	_	_	_	
4-23	688-691	not	Indirect Opinion[21]	_	_	_	
4-24	692-695	get	Indirect Opinion[21]	_	_	_	
4-25	696-702	stinky	Indirect Opinion[21]	_	_	_	
4-26	703-704	!	_	_	_	_	
4-27	706-714	IMPLICIT	_	_	_	_	
4-28	715-716	I	_	_	_	_	
4-29	717-721	wore	Direct Aspect[22]	ContextOfUse#Review\_Temporality	Negative	4-37[23_22]	
4-30	722-727	these	Direct Aspect[22]	_	_	_	
4-31	728-731	for	Direct Aspect[22]	_	_	_	
4-32	732-733	3	Direct Aspect[22]	_	_	_	
4-33	734-738	days	Direct Aspect[22]	_	_	_	
4-34	738-739	,	_	_	_	_	
4-35	740-743	but	_	_	_	_	
4-36	744-748	they	_	_	_	_	
4-37	749-756	already	Direct Opinion[23]	_	_	_	
4-38	757-762	smell	Direct Opinion[23]	_	_	_	
4-39	763-766	bad	Direct Opinion[23]	_	_	_	
4-40	767-770	and	_	_	_	_	
4-41	771-775	they	Direct Aspect	Misc	Negative	4-42[24_0]	
4-42	776-782	aren't	Direct Opinion[24]	_	_	_	
4-43	783-791	washable	Direct Opinion[24]	_	_	_	
4-44	792-799	without	Direct Opinion[24]	_	_	_	
4-45	800-804	spot	Direct Opinion[24]	_	_	_	
4-46	805-812	washing	Direct Opinion[24]	_	_	_	
4-47	813-814	.	_	_	_	_	
4-48	816-824	IMPLICIT	_	_	_	_	

#Text=I've worn this style and size for years and years .  IMPLICIT These were not made the same .  IMPLICIT These were too tight .  IMPLICIT Can't wear them .  IMPLICIT Will give away .  IMPLICIT Never mail order shoes again .  IMPLICIT
5-1	826-830	I've	_	_	_	_	
5-2	831-835	worn	_	_	_	_	
5-3	836-840	this	_	_	_	_	
5-4	841-846	style	_	_	_	_	
5-5	847-850	and	_	_	_	_	
5-6	851-855	size	_	_	_	_	
5-7	856-859	for	_	_	_	_	
5-8	860-865	years	_	_	_	_	
5-9	866-869	and	_	_	_	_	
5-10	870-875	years	_	_	_	_	
5-11	876-877	.	_	_	_	_	
5-12	879-887	IMPLICIT	_	_	_	_	
5-13	888-893	These	Direct Aspect	Performance#Sizing/Fit	Negative	5-15[25_0]	
5-14	894-898	were	_	_	_	_	
5-15	899-902	not	Indirect Opinion[25]	_	_	_	
5-16	903-907	made	Indirect Opinion[25]	_	_	_	
5-17	908-911	the	Indirect Opinion[25]	_	_	_	
5-18	912-916	same	Indirect Opinion[25]	_	_	_	
5-19	917-918	.	_	_	_	_	
5-20	920-928	IMPLICIT	_	_	_	_	
5-21	929-934	These	Direct Aspect	_	_	_	
5-22	935-939	were	_	_	_	_	
5-23	940-943	too	Direct Opinion[26]	Performance#Sizing/Fit	Negative	5-21[0_26]	
5-24	944-949	tight	Direct Opinion[26]	_	_	_	
5-25	950-951	.	_	_	_	_	
5-26	953-961	IMPLICIT	_	_	_	_	
5-27	962-967	Can't	Direct Opinion[27]	_	_	_	
5-28	968-972	wear	Direct Opinion[27]	_	_	_	
5-29	973-977	them	Direct Aspect	Performance#Sizing/Fit	Negative	5-27[27_0]	
5-30	978-979	.	_	_	_	_	
5-31	981-989	IMPLICIT	Direct Aspect	ContextOfUse#Review\_Temporality	Negative	5-32[28_0]	
5-32	990-994	Will	Direct Opinion[28]	_	_	_	
5-33	995-999	give	Direct Opinion[28]	_	_	_	
5-34	1000-1004	away	Direct Opinion[28]	_	_	_	
5-35	1005-1006	.	_	_	_	_	
5-36	1008-1016	IMPLICIT	_	_	_	_	
5-37	1017-1022	Never	Direct Opinion	_	_	_	
5-38	1023-1027	mail	Direct Aspect[29]	Misc	Negative	5-37[0_29]	
5-39	1028-1033	order	Direct Aspect[29]	_	_	_	
5-40	1034-1039	shoes	Direct Aspect[29]	_	_	_	
5-41	1040-1045	again	_	_	_	_	
5-42	1046-1047	.	_	_	_	_	
5-43	1049-1057	IMPLICIT	_	_	_	_	

#Text=These are already separating at the toe - I've only worn them 3 times .  IMPLICIT They are WAY too big .  IMPLICIT I went a half size down, based on other reviews, and they're still too big .  IMPLICIT The white toe draws more attention to how big they are, and I've actually had people make unpleasant comments about them .  IMPLICIT I wish I would have returned them when I had the chance .  IMPLICIT
6-1	1059-1064	These	_	_	_	_	
6-2	1065-1068	are	_	_	_	_	
6-3	1069-1076	already	Indirect Opinion[30]	_	_	_	
6-4	1077-1087	separating	Indirect Opinion[30]	_	_	_	
6-5	1088-1090	at	Indirect Opinion[30]	_	_	_	
6-6	1091-1094	the	Indirect Opinion[30]	_	_	_	
6-7	1095-1098	toe	Indirect Opinion[30]	_	_	_	
6-8	1099-1100	-	_	_	_	_	
6-9	1101-1105	I've	_	_	_	_	
6-10	1106-1110	only	_	_	_	_	
6-11	1111-1115	worn	Direct Aspect[31]	Performance#Durability	Negative	6-3[30_31]	
6-12	1116-1120	them	Direct Aspect[31]	_	_	_	
6-13	1121-1122	3	Direct Aspect[31]	_	_	_	
6-14	1123-1128	times	Direct Aspect[31]	_	_	_	
6-15	1129-1130	.	_	_	_	_	
6-16	1132-1140	IMPLICIT	_	_	_	_	
6-17	1141-1145	They	Direct Aspect	Performance#Sizing/Fit	Negative	6-19[32_0]	
6-18	1146-1149	are	_	_	_	_	
6-19	1150-1153	WAY	Direct Opinion[32]	_	_	_	
6-20	1154-1157	too	Direct Opinion[32]	_	_	_	
6-21	1158-1161	big	Direct Opinion[32]	_	_	_	
6-22	1162-1163	.	_	_	_	_	
6-23	1165-1173	IMPLICIT	_	_	_	_	
6-24	1174-1175	I	_	_	_	_	
6-25	1176-1180	went	Direct Aspect[33]	Performance#Sizing/Fit	Negative	6-38[34_33]	
6-26	1181-1182	a	Direct Aspect[33]	_	_	_	
6-27	1183-1187	half	Direct Aspect[33]	_	_	_	
6-28	1188-1192	size	Direct Aspect[33]	_	_	_	
6-29	1193-1197	down	Direct Aspect[33]	_	_	_	
6-30	1197-1198	,	_	_	_	_	
6-31	1199-1204	based	_	_	_	_	
6-32	1205-1207	on	_	_	_	_	
6-33	1208-1213	other	_	_	_	_	
6-34	1214-1221	reviews	_	_	_	_	
6-35	1221-1222	,	_	_	_	_	
6-36	1223-1226	and	_	_	_	_	
6-37	1227-1234	they're	_	_	_	_	
6-38	1235-1240	still	Direct Opinion[34]	_	_	_	
6-39	1241-1244	too	Direct Opinion[34]	_	_	_	
6-40	1245-1248	big	Direct Opinion[34]	_	_	_	
6-41	1249-1250	.	_	_	_	_	
6-42	1252-1260	IMPLICIT	_	_	_	_	
6-43	1261-1264	The	_	_	_	_	
6-44	1265-1270	white	Direct Aspect[35]	Performance#Sizing/Fit	Negative	6-50[36_35]	
6-45	1271-1274	toe	Direct Aspect[35]	_	_	_	
6-46	1275-1280	draws	_	_	_	_	
6-47	1281-1285	more	_	_	_	_	
6-48	1286-1295	attention	_	_	_	_	
6-49	1296-1298	to	_	_	_	_	
6-50	1299-1302	how	Direct Opinion[36]	_	_	_	
6-51	1303-1306	big	Direct Opinion[36]	_	_	_	
6-52	1307-1311	they	Direct Opinion[36]	_	_	_	
6-53	1312-1315	are	Direct Opinion[36]	_	_	_	
6-54	1315-1316	,	_	_	_	_	
6-55	1317-1320	and	_	_	_	_	
6-56	1321-1325	I've	_	_	_	_	
6-57	1326-1334	actually	_	_	_	_	
6-58	1335-1338	had	_	_	_	_	
6-59	1339-1345	people	_	_	_	_	
6-60	1346-1350	make	_	_	_	_	
6-61	1351-1361	unpleasant	_	_	_	_	
6-62	1362-1370	comments	_	_	_	_	
6-63	1371-1376	about	_	_	_	_	
6-64	1377-1381	them	_	_	_	_	
6-65	1382-1383	.	_	_	_	_	
6-66	1385-1393	IMPLICIT	_	_	_	_	
6-67	1394-1395	I	_	_	_	_	
6-68	1396-1400	wish	Indirect Opinion[37]	_	_	_	
6-69	1401-1402	I	Indirect Opinion[37]	_	_	_	
6-70	1403-1408	would	Indirect Opinion[37]	_	_	_	
6-71	1409-1413	have	Indirect Opinion[37]	_	_	_	
6-72	1414-1422	returned	Indirect Opinion[37]	_	_	_	
6-73	1423-1427	them	Indirect Opinion[37]|Direct Aspect[38]	ContextOfUse#Review\_Temporality	Negative	6-68[37_38]	
6-74	1428-1432	when	_	_	_	_	
6-75	1433-1434	I	_	_	_	_	
6-76	1435-1438	had	_	_	_	_	
6-77	1439-1442	the	_	_	_	_	
6-78	1443-1449	chance	_	_	_	_	
6-79	1450-1451	.	_	_	_	_	
6-80	1453-1461	IMPLICIT	_	_	_	_	

#Text=Runs a little big .  IMPLICIT I got a 7 1/2 and wish I got a 7 .  IMPLICIT
7-1	1463-1467	Runs	Direct Opinion[39]	_	_	_	
7-2	1468-1469	a	Direct Opinion[39]	_	_	_	
7-3	1470-1476	little	Direct Opinion[39]	_	_	_	
7-4	1477-1480	big	Direct Opinion[39]	_	_	_	
7-5	1481-1482	.	_	_	_	_	
7-6	1484-1492	IMPLICIT	Direct Aspect	Performance#Sizing/Fit	Negative	7-1[39_0]	
7-7	1493-1494	I	_	_	_	_	
7-8	1495-1498	got	Direct Aspect[40]	Performance#Sizing/Fit	Negative	7-15[41_40]	
7-9	1499-1500	a	Direct Aspect[40]	_	_	_	
7-10	1501-1502	7	Direct Aspect[40]	_	_	_	
7-11	1503-1504	1	Direct Aspect[40]	_	_	_	
7-12	1504-1505	/	Direct Aspect[40]	_	_	_	
7-13	1505-1506	2	Direct Aspect[40]	_	_	_	
7-14	1507-1510	and	_	_	_	_	
7-15	1511-1515	wish	Indirect Opinion[41]	_	_	_	
7-16	1516-1517	I	Indirect Opinion[41]	_	_	_	
7-17	1518-1521	got	Indirect Opinion[41]	_	_	_	
7-18	1522-1523	a	Indirect Opinion[41]	_	_	_	
7-19	1524-1525	7	Indirect Opinion[41]	_	_	_	
7-20	1526-1527	.	_	_	_	_	
7-21	1529-1537	IMPLICIT	_	_	_	_	

#Text=Cute but run small and different from rest  .  IMPLICIT I am usually a 6 in crocs but these fit too snug .  IMPLICIT
8-1	1539-1543	Cute	Direct Opinion	_	_	_	
8-2	1544-1547	but	_	_	_	_	
8-3	1548-1551	run	Direct Opinion[42]	_	_	_	
8-4	1552-1557	small	Direct Opinion[42]	_	_	_	
8-5	1558-1561	and	_	_	_	_	
8-6	1562-1571	different	Indirect Opinion[43]	_	_	_	
8-7	1572-1576	from	Indirect Opinion[43]	_	_	_	
8-8	1577-1581	rest	Indirect Opinion[43]	_	_	_	
8-9	1583-1584	.	_	_	_	_	
8-10	1586-1594	IMPLICIT	Direct Aspect	Performance#Sizing/Fit|Performance#Sizing/Fit|Performance#General	Negative|Negative|Positive	8-6[43_0]|8-3[42_0]|8-1	
8-11	1595-1596	I	_	_	_	_	
8-12	1597-1599	am	_	_	_	_	
8-13	1600-1607	usually	_	_	_	_	
8-14	1608-1609	a	_	_	_	_	
8-15	1610-1611	6	_	_	_	_	
8-16	1612-1614	in	_	_	_	_	
8-17	1615-1620	crocs	Direct Aspect	Performance#Sizing/Fit	Negative	8-20[44_0]	
8-18	1621-1624	but	_	_	_	_	
8-19	1625-1630	these	_	_	_	_	
8-20	1631-1634	fit	Direct Opinion[44]	_	_	_	
8-21	1635-1638	too	Direct Opinion[44]	_	_	_	
8-22	1639-1643	snug	Direct Opinion[44]	_	_	_	
8-23	1644-1645	.	_	_	_	_	
8-24	1647-1655	IMPLICIT	_	_	_	_	

#Text=Adorable, true to size and super comfortable !  IMPLICIT The color is amazing !  IMPLICIT
9-1	1657-1665	Adorable	Direct Opinion	_	_	_	
9-2	1665-1666	,	_	_	_	_	
9-3	1667-1671	true	Direct Opinion[45]	_	_	_	
9-4	1672-1674	to	Direct Opinion[45]	_	_	_	
9-5	1675-1679	size	Direct Opinion[45]	_	_	_	
9-6	1680-1683	and	_	_	_	_	
9-7	1684-1689	super	Direct Opinion[46]	_	_	_	
9-8	1690-1701	comfortable	Direct Opinion[46]	_	_	_	
9-9	1702-1703	!	_	_	_	_	
9-10	1705-1713	IMPLICIT	Direct Aspect	Performance#Comfort|Performance#Sizing/Fit|Performance#General	Positive|Positive|Positive	9-7[46_0]|9-3[45_0]|9-1	
9-11	1714-1717	The	_	_	_	_	
9-12	1718-1723	color	Direct Aspect	Appearance#Color	Positive	9-14	
9-13	1724-1726	is	_	_	_	_	
9-14	1727-1734	amazing	Direct Opinion	_	_	_	
9-15	1735-1736	!	_	_	_	_	
9-16	1738-1746	IMPLICIT	_	_	_	_	

#Text=My only complaint with these shoes is that they slip on and off a bit if you don't tie the laces tight .  IMPLICIT Other than that they're so cute and they fit correctly .  IMPLICIT
10-1	1748-1750	My	_	_	_	_	
10-2	1751-1755	only	_	_	_	_	
10-3	1756-1765	complaint	_	_	_	_	
10-4	1766-1770	with	_	_	_	_	
10-5	1771-1776	these	_	_	_	_	
10-6	1777-1782	shoes	Direct Aspect	Performance#Support/Stability	Negative	10-10[47_0]	
10-7	1783-1785	is	_	_	_	_	
10-8	1786-1790	that	_	_	_	_	
10-9	1791-1795	they	_	_	_	_	
10-10	1796-1800	slip	Indirect Opinion[47]	_	_	_	
10-11	1801-1803	on	Indirect Opinion[47]	_	_	_	
10-12	1804-1807	and	Indirect Opinion[47]	_	_	_	
10-13	1808-1811	off	Indirect Opinion[47]	_	_	_	
10-14	1812-1813	a	Indirect Opinion[47]	_	_	_	
10-15	1814-1817	bit	Indirect Opinion[47]	_	_	_	
10-16	1818-1820	if	Indirect Opinion[47]	_	_	_	
10-17	1821-1824	you	Indirect Opinion[47]	_	_	_	
10-18	1825-1830	don't	Indirect Opinion[47]	_	_	_	
10-19	1831-1834	tie	Indirect Opinion[47]	_	_	_	
10-20	1835-1838	the	Indirect Opinion[47]	_	_	_	
10-21	1839-1844	laces	Indirect Opinion[47]	_	_	_	
10-22	1845-1850	tight	Indirect Opinion[47]	_	_	_	
10-23	1851-1852	.	_	_	_	_	
10-24	1854-1862	IMPLICIT	_	_	_	_	
10-25	1863-1868	Other	_	_	_	_	
10-26	1869-1873	than	_	_	_	_	
10-27	1874-1878	that	_	_	_	_	
10-28	1879-1886	they're	_	_	_	_	
10-29	1887-1889	so	_	_	_	_	
10-30	1890-1894	cute	Direct Aspect	_	_	_	
10-31	1895-1898	and	_	_	_	_	
10-32	1899-1903	they	Direct Aspect	Performance#Sizing/Fit|Performance#General	Positive|Positive	10-33[48_0]|10-30	
10-33	1904-1907	fit	Direct Opinion[48]	_	_	_	
10-34	1908-1917	correctly	Direct Opinion[48]	_	_	_	
10-35	1918-1919	.	_	_	_	_	
10-36	1921-1929	IMPLICIT	_	_	_	_	

#Text=Comfortable sandals, but the grey online doesn't look anything like the real color .  IMPLICIT They are more of a creme .  IMPLICIT I was disappointed .  IMPLICIT Ultimately, not worth dealing with sending them back due to COVID since they are still comfortable .  IMPLICIT But, wish I would've known .  IMPLICIT
11-1	1931-1942	Comfortable	Direct Opinion	_	_	_	
11-2	1943-1950	sandals	Direct Aspect	Performance#Comfort	Positive	11-1	
11-3	1950-1951	,	_	_	_	_	
11-4	1952-1955	but	_	_	_	_	
11-5	1956-1959	the	_	_	_	_	
11-6	1960-1964	grey	Direct Aspect[49]	Appearance#Color	Negative	11-8[50_49]	
11-7	1965-1971	online	Direct Aspect[49]	_	_	_	
11-8	1972-1979	doesn't	Indirect Opinion[50]	_	_	_	
11-9	1980-1984	look	Indirect Opinion[50]	_	_	_	
11-10	1985-1993	anything	Indirect Opinion[50]	_	_	_	
11-11	1994-1998	like	Indirect Opinion[50]	_	_	_	
11-12	1999-2002	the	Indirect Opinion[50]	_	_	_	
11-13	2003-2007	real	Indirect Opinion[50]	_	_	_	
11-14	2008-2013	color	Indirect Opinion[50]	_	_	_	
11-15	2014-2015	.	_	_	_	_	
11-16	2017-2025	IMPLICIT	_	_	_	_	
11-17	2026-2030	They	Direct Aspect	Appearance#Color	Negative	11-19[51_0]	
11-18	2031-2034	are	_	_	_	_	
11-19	2035-2039	more	Direct Opinion[51]	_	_	_	
11-20	2040-2042	of	Direct Opinion[51]	_	_	_	
11-21	2043-2044	a	Direct Opinion[51]	_	_	_	
11-22	2045-2050	creme	Direct Opinion[51]	_	_	_	
11-23	2051-2052	.	_	_	_	_	
11-24	2054-2062	IMPLICIT	_	_	_	_	
11-25	2063-2064	I	_	_	_	_	
11-26	2065-2068	was	_	_	_	_	
11-27	2069-2081	disappointed	Direct Opinion	_	_	_	
11-28	2082-2083	.	_	_	_	_	
11-29	2085-2093	IMPLICIT	Direct Aspect	Appearance#Color	Negative	11-27	
11-30	2094-2104	Ultimately	_	_	_	_	
11-31	2104-2105	,	_	_	_	_	
11-32	2106-2109	not	_	_	_	_	
11-33	2110-2115	worth	_	_	_	_	
11-34	2116-2123	dealing	_	_	_	_	
11-35	2124-2128	with	_	_	_	_	
11-36	2129-2136	sending	_	_	_	_	
11-37	2137-2141	them	_	_	_	_	
11-38	2142-2146	back	_	_	_	_	
11-39	2147-2150	due	_	_	_	_	
11-40	2151-2153	to	_	_	_	_	
11-41	2154-2159	COVID	_	_	_	_	
11-42	2160-2165	since	_	_	_	_	
11-43	2166-2170	they	Direct Aspect	Performance#Comfort	Positive	11-44[52_0]	
11-44	2171-2174	are	Direct Opinion[52]	_	_	_	
11-45	2175-2180	still	Direct Opinion[52]	_	_	_	
11-46	2181-2192	comfortable	Direct Opinion[52]	_	_	_	
11-47	2193-2194	.	_	_	_	_	
11-48	2196-2204	IMPLICIT	_	_	_	_	
11-49	2205-2208	But	_	_	_	_	
11-50	2208-2209	,	_	_	_	_	
11-51	2210-2214	wish	_	_	_	_	
11-52	2215-2216	I	_	_	_	_	
11-53	2217-2225	would've	_	_	_	_	
11-54	2226-2231	known	_	_	_	_	
11-55	2232-2233	.	_	_	_	_	
11-56	2235-2243	IMPLICIT	_	_	_	_	

#Text=I was so looking forward to these shoes but the fit wasn't right .  IMPLICIT My left foot kept slipping up no matter how the shoe was laced .  IMPLICIT
12-1	2245-2246	I	_	_	_	_	
12-2	2247-2250	was	_	_	_	_	
12-3	2251-2253	so	_	_	_	_	
12-4	2254-2261	looking	_	_	_	_	
12-5	2262-2269	forward	_	_	_	_	
12-6	2270-2272	to	_	_	_	_	
12-7	2273-2278	these	_	_	_	_	
12-8	2279-2284	shoes	_	_	_	_	
12-9	2285-2288	but	_	_	_	_	
12-10	2289-2292	the	_	_	_	_	
12-11	2293-2296	fit	Direct Aspect	Performance#Sizing/Fit	Negative	12-12[53_0]	
12-12	2297-2303	wasn't	Direct Opinion[53]	_	_	_	
12-13	2304-2309	right	Direct Opinion[53]	_	_	_	
12-14	2310-2311	.	_	_	_	_	
12-15	2313-2321	IMPLICIT	_	_	_	_	
12-16	2322-2324	My	_	_	_	_	
12-17	2325-2329	left	Direct Aspect[54]	Performance#Support/Stability|Performance#Sizing/Fit	Negative|Negative	12-19[55_54]|12-19[55_54]	
12-18	2330-2334	foot	Direct Aspect[54]	_	_	_	
12-19	2335-2339	kept	Direct Opinion[55]	_	_	_	
12-20	2340-2348	slipping	Direct Opinion[55]	_	_	_	
12-21	2349-2351	up	_	_	_	_	
12-22	2352-2354	no	_	_	_	_	
12-23	2355-2361	matter	_	_	_	_	
12-24	2362-2365	how	_	_	_	_	
12-25	2366-2369	the	_	_	_	_	
12-26	2370-2374	shoe	_	_	_	_	
12-27	2375-2378	was	_	_	_	_	
12-28	2379-2384	laced	_	_	_	_	
12-29	2385-2386	.	_	_	_	_	
12-30	2388-2396	IMPLICIT	_	_	_	_	

#Text=Go on space mountain with these shoes and bring all the girls home !  IMPLICIT Wooooo !  IMPLICIT
13-1	2398-2400	Go	_	_	_	_	
13-2	2401-2403	on	_	_	_	_	
13-3	2404-2409	space	Direct Aspect[56]	ContextOfUse#Place	Positive	13-9[57_56]	
13-4	2410-2418	mountain	Direct Aspect[56]	_	_	_	
13-5	2419-2423	with	Direct Aspect[56]	_	_	_	
13-6	2424-2429	these	Direct Aspect[56]	_	_	_	
13-7	2430-2435	shoes	Direct Aspect[56]	_	_	_	
13-8	2436-2439	and	_	_	_	_	
13-9	2440-2445	bring	Direct Opinion[57]	_	_	_	
13-10	2446-2449	all	Direct Opinion[57]	_	_	_	
13-11	2450-2453	the	Direct Opinion[57]	_	_	_	
13-12	2454-2459	girls	Direct Opinion[57]	_	_	_	
13-13	2460-2464	home	Direct Opinion[57]	_	_	_	
13-14	2465-2466	!	_	_	_	_	
13-15	2468-2476	IMPLICIT	_	_	_	_	
13-16	2477-2483	Wooooo	_	_	_	_	
13-17	2484-2485	!	_	_	_	_	
13-18	2487-2495	IMPLICIT	_	_	_	_	

#Text=Runs about a whole size too big .  IMPLICIT They won't let me submit it without writing more so here's more .  IMPLICIT
14-1	2497-2501	Runs	_	_	_	_	
14-2	2502-2507	about	_	_	_	_	
14-3	2508-2509	a	_	_	_	_	
14-4	2510-2515	whole	Direct Opinion[58]	_	_	_	
14-5	2516-2520	size	Direct Opinion[58]	_	_	_	
14-6	2521-2524	too	Direct Opinion[58]	_	_	_	
14-7	2525-2528	big	Direct Opinion[58]	_	_	_	
14-8	2529-2530	.	_	_	_	_	
14-9	2532-2540	IMPLICIT	Direct Aspect	Performance#Sizing/Fit	Negative	14-4[58_0]	
14-10	2541-2545	They	_	_	_	_	
14-11	2546-2551	won't	_	_	_	_	
14-12	2552-2555	let	_	_	_	_	
14-13	2556-2558	me	_	_	_	_	
14-14	2559-2565	submit	_	_	_	_	
14-15	2566-2568	it	_	_	_	_	
14-16	2569-2576	without	_	_	_	_	
14-17	2577-2584	writing	_	_	_	_	
14-18	2585-2589	more	_	_	_	_	
14-19	2590-2592	so	_	_	_	_	
14-20	2593-2599	here's	_	_	_	_	
14-21	2600-2604	more	_	_	_	_	
14-22	2605-2606	.	_	_	_	_	
14-23	2608-2616	IMPLICIT	_	_	_	_	

#Text=I will need to return these sneakers .  IMPLICIT I have used Adrenaline in the past and loved them .  IMPLICIT But I need arch support .  IMPLICIT This edition doesn't have them .  IMPLICIT
15-1	2618-2619	I	_	_	_	_	
15-2	2620-2624	will	_	_	_	_	
15-3	2625-2629	need	Direct Opinion[59]	_	_	_	
15-4	2630-2632	to	Direct Opinion[59]	_	_	_	
15-5	2633-2639	return	Direct Opinion[59]	_	_	_	
15-6	2640-2645	these	_	_	_	_	
15-7	2646-2654	sneakers	Direct Aspect	ContextOfUse#Review\_Temporality	Negative	15-3[59_0]	
15-8	2655-2656	.	_	_	_	_	
15-9	2658-2666	IMPLICIT	_	_	_	_	
15-10	2667-2668	I	_	_	_	_	
15-11	2669-2673	have	_	_	_	_	
15-12	2674-2678	used	Direct Aspect[60]	Performance#General	Positive	15-18[0_60]	
15-13	2679-2689	Adrenaline	Direct Aspect[60]	_	_	_	
15-14	2690-2692	in	Direct Aspect[60]	_	_	_	
15-15	2693-2696	the	Direct Aspect[60]	_	_	_	
15-16	2697-2701	past	Direct Aspect[60]	_	_	_	
15-17	2702-2705	and	_	_	_	_	
15-18	2706-2711	loved	Direct Opinion	_	_	_	
15-19	2712-2716	them	_	_	_	_	
15-20	2717-2718	.	_	_	_	_	
15-21	2720-2728	IMPLICIT	_	_	_	_	
15-22	2729-2732	But	_	_	_	_	
15-23	2733-2734	I	Direct Opinion[61]	_	_	_	
15-24	2735-2739	need	Direct Opinion[61]	_	_	_	
15-25	2740-2744	arch	Direct Aspect[62]	Performance#Support/Stability|Performance#Support/Stability	Negative|Negative	15-23[61_62]|15-31[63_62]	
15-26	2745-2752	support	Direct Aspect[62]	_	_	_	
15-27	2753-2754	.	_	_	_	_	
15-28	2756-2764	IMPLICIT	_	_	_	_	
15-29	2765-2769	This	_	_	_	_	
15-30	2770-2777	edition	_	_	_	_	
15-31	2778-2785	doesn't	Direct Opinion[63]	_	_	_	
15-32	2786-2790	have	Direct Opinion[63]	_	_	_	
15-33	2791-2795	them	_	_	_	_	
15-34	2796-2797	.	_	_	_	_	
15-35	2799-2807	IMPLICIT	_	_	_	_	

#Text=These sneakers showed up looking like they walked here on their own .  IMPLICIT Grass, water stains .  .  . They rectified the issue but it was still an unnecessary inconvenience .  .  .  IMPLICIT
16-1	2809-2814	These	_	_	_	_	
16-2	2815-2823	sneakers	Direct Aspect	Appearance#Misc	Negative	16-3[64_0]	
16-3	2824-2830	showed	Indirect Opinion[64]	_	_	_	
16-4	2831-2833	up	Indirect Opinion[64]	_	_	_	
16-5	2834-2841	looking	Indirect Opinion[64]	_	_	_	
16-6	2842-2846	like	Indirect Opinion[64]	_	_	_	
16-7	2847-2851	they	Indirect Opinion[64]	_	_	_	
16-8	2852-2858	walked	Indirect Opinion[64]	_	_	_	
16-9	2859-2863	here	Indirect Opinion[64]	_	_	_	
16-10	2864-2866	on	Indirect Opinion[64]	_	_	_	
16-11	2867-2872	their	Indirect Opinion[64]	_	_	_	
16-12	2873-2876	own	Indirect Opinion[64]	_	_	_	
16-13	2877-2878	.	_	_	_	_	
16-14	2880-2888	IMPLICIT	_	_	_	_	
16-15	2889-2894	Grass	Direct Opinion[65]	Appearance#Misc	Negative	16-36[0_65]	
16-16	2894-2895	,	Direct Opinion[65]	_	_	_	
16-17	2896-2901	water	Direct Opinion[65]	_	_	_	
16-18	2902-2908	stains	Direct Opinion[65]	_	_	_	
16-19	2909-2910	.	_	_	_	_	
16-20	2912-2913	.	_	_	_	_	
16-21	2915-2916	.	_	_	_	_	
16-22	2917-2921	They	Direct Opinion[66]	_	_	_	
16-23	2922-2931	rectified	Direct Opinion[66]	_	_	_	
16-24	2932-2935	the	_	_	_	_	
16-25	2936-2941	issue	Direct Opinion	Misc	Positive	16-22[66_0]	
16-26	2942-2945	but	_	_	_	_	
16-27	2946-2948	it	_	_	_	_	
16-28	2949-2952	was	_	_	_	_	
16-29	2953-2958	still	_	_	_	_	
16-30	2959-2961	an	_	_	_	_	
16-31	2962-2973	unnecessary	_	_	_	_	
16-32	2974-2987	inconvenience	_	_	_	_	
16-33	2988-2989	.	_	_	_	_	
16-34	2991-2992	.	_	_	_	_	
16-35	2994-2995	.	_	_	_	_	
16-36	2997-3005	IMPLICIT	Direct Aspect	_	_	_	

#Text=I ordered online which was a mistake I didn't see the zipper on top of the shoes which I don't like I was looking for plain black shoes .  IMPLICIT They also run a bit small IMPLICIT
17-1	3007-3008	I	_	_	_	_	
17-2	3009-3016	ordered	_	_	_	_	
17-3	3017-3023	online	_	_	_	_	
17-4	3024-3029	which	_	_	_	_	
17-5	3030-3033	was	_	_	_	_	
17-6	3034-3035	a	_	_	_	_	
17-7	3036-3043	mistake	_	_	_	_	
17-8	3044-3045	I	_	_	_	_	
17-9	3046-3052	didn't	_	_	_	_	
17-10	3053-3056	see	_	_	_	_	
17-11	3057-3060	the	_	_	_	_	
17-12	3061-3067	zipper	Direct Aspect[67]	Appearance#Shoe Component	Negative	17-20[68_67]	
17-13	3068-3070	on	Direct Aspect[67]	_	_	_	
17-14	3071-3074	top	Direct Aspect[67]	_	_	_	
17-15	3075-3077	of	_	_	_	_	
17-16	3078-3081	the	_	_	_	_	
17-17	3082-3087	shoes	_	_	_	_	
17-18	3088-3093	which	_	_	_	_	
17-19	3094-3095	I	_	_	_	_	
17-20	3096-3101	don't	Direct Opinion[68]	_	_	_	
17-21	3102-3106	like	Direct Opinion[68]	_	_	_	
17-22	3107-3108	I	_	_	_	_	
17-23	3109-3112	was	_	_	_	_	
17-24	3113-3120	looking	_	_	_	_	
17-25	3121-3124	for	_	_	_	_	
17-26	3125-3130	plain	_	_	_	_	
17-27	3131-3136	black	_	_	_	_	
17-28	3137-3142	shoes	_	_	_	_	
17-29	3143-3144	.	_	_	_	_	
17-30	3146-3154	IMPLICIT	_	_	_	_	
17-31	3155-3159	They	Direct Aspect	Performance#Sizing/Fit	Negative	17-33[69_0]	
17-32	3160-3164	also	_	_	_	_	
17-33	3165-3168	run	Direct Opinion[69]	_	_	_	
17-34	3169-3170	a	Direct Opinion[69]	_	_	_	
17-35	3171-3174	bit	Direct Opinion[69]	_	_	_	
17-36	3175-3180	small	Direct Opinion[69]	_	_	_	
17-37	3181-3189	IMPLICIT	_	_	_	_	

#Text=These are cheap foam shoes .  IMPLICIT Not supportive trail shoes as they are advertised .  IMPLICIT My husband does not like them at all .  IMPLICIT I don't know why NB would put there name on this design .  IMPLICIT Very poor quality .  IMPLICIT
18-1	3191-3196	These	_	_	_	_	
18-2	3197-3200	are	_	_	_	_	
18-3	3201-3206	cheap	Direct Opinion[70]	_	_	_	
18-4	3207-3211	foam	Direct Opinion[70]	_	_	_	
18-5	3212-3217	shoes	Direct Aspect	Appearance#Material	Negative	18-3[70_0]	
18-6	3218-3219	.	_	_	_	_	
18-7	3221-3229	IMPLICIT	_	_	_	_	
18-8	3230-3233	Not	Direct Opinion	_	_	_	
18-9	3234-3244	supportive	Direct Aspect[71]	ContextOfUse#Use case	Negative	18-8[0_71]	
18-10	3245-3250	trail	Direct Aspect[71]	_	_	_	
18-11	3251-3256	shoes	Direct Aspect[71]	_	_	_	
18-12	3257-3259	as	_	_	_	_	
18-13	3260-3264	they	_	_	_	_	
18-14	3265-3268	are	_	_	_	_	
18-15	3269-3279	advertised	_	_	_	_	
18-16	3280-3281	.	_	_	_	_	
18-17	3283-3291	IMPLICIT	_	_	_	_	
18-18	3292-3294	My	_	_	_	_	
18-19	3295-3302	husband	Direct Opinion[72]	_	_	_	
18-20	3303-3307	does	Direct Opinion[72]	_	_	_	
18-21	3308-3311	not	Direct Opinion[72]	_	_	_	
18-22	3312-3316	like	Direct Opinion[72]	_	_	_	
18-23	3317-3321	them	Direct Aspect	Performance#General	Negative	18-19[72_0]	
18-24	3322-3324	at	_	_	_	_	
18-25	3325-3328	all	_	_	_	_	
18-26	3329-3330	.	_	_	_	_	
18-27	3332-3340	IMPLICIT	_	_	_	_	
18-28	3341-3342	I	_	_	_	_	
18-29	3343-3348	don't	_	_	_	_	
18-30	3349-3353	know	_	_	_	_	
18-31	3354-3357	why	_	_	_	_	
18-32	3358-3360	NB	_	_	_	_	
18-33	3361-3366	would	_	_	_	_	
18-34	3367-3370	put	_	_	_	_	
18-35	3371-3376	there	_	_	_	_	
18-36	3377-3381	name	_	_	_	_	
18-37	3382-3384	on	_	_	_	_	
18-38	3385-3389	this	_	_	_	_	
18-39	3390-3396	design	_	_	_	_	
18-40	3397-3398	.	_	_	_	_	
18-41	3400-3408	IMPLICIT	_	_	_	_	
18-42	3409-3413	Very	Direct Aspect[73]	_	_	_	
18-43	3414-3418	poor	Direct Aspect[73]	_	_	_	
18-44	3419-3426	quality	Direct Aspect	Appearance#Material	Negative	18-42[73_0]	
18-45	3427-3428	.	_	_	_	_	
18-46	3430-3438	IMPLICIT	_	_	_	_	

#Text=Would like if it was true to size .  IMPLICIT Sizing is too small not true to size IMPLICIT
19-1	3440-3445	Would	Direct Opinion[74]	_	_	_	
19-2	3446-3450	like	Direct Opinion[74]	_	_	_	
19-3	3451-3453	if	Direct Opinion[74]	_	_	_	
19-4	3454-3456	it	Direct Opinion[74]	_	_	_	
19-5	3457-3460	was	Direct Opinion[74]	_	_	_	
19-6	3461-3465	true	Direct Opinion[74]	_	_	_	
19-7	3466-3468	to	Direct Opinion[74]	_	_	_	
19-8	3469-3473	size	Direct Opinion[74]|Direct Aspect[75]	Performance#Sizing/Fit	Negative	19-1[74_75]	
19-9	3474-3475	.	_	_	_	_	
19-10	3477-3485	IMPLICIT	_	_	_	_	
19-11	3486-3492	Sizing	Direct Aspect	Performance#Sizing/Fit	Negative	19-13[76_0]	
19-12	3493-3495	is	_	_	_	_	
19-13	3496-3499	too	Direct Opinion[76]	_	_	_	
19-14	3500-3505	small	Direct Opinion[76]	_	_	_	
19-15	3506-3509	not	Direct Opinion[76]	_	_	_	
19-16	3510-3514	true	Direct Opinion[76]	_	_	_	
19-17	3515-3517	to	Direct Opinion[76]	_	_	_	
19-18	3518-3522	size	Direct Opinion[76]	_	_	_	
19-19	3523-3531	IMPLICIT	_	_	_	_	

#Text=I work in a kitchen and bought these for work .  IMPLICIT The slip resistance on works sometimes .  IMPLICIT
20-1	3533-3534	I	_	_	_	_	
20-2	3535-3539	work	Direct Aspect[77]	ContextOfUse#Purchase\_Context|ContextOfUse#Use case	Neutral|Neutral	20-7[78_77]|20-7[78_77]	
20-3	3540-3542	in	Direct Aspect[77]	_	_	_	
20-4	3543-3544	a	Direct Aspect[77]	_	_	_	
20-5	3545-3552	kitchen	Direct Aspect[77]	_	_	_	
20-6	3553-3556	and	_	_	_	_	
20-7	3557-3563	bought	Direct Aspect[78]	_	_	_	
20-8	3564-3569	these	Direct Aspect[78]	_	_	_	
20-9	3570-3573	for	Direct Aspect[79]	ContextOfUse#Purchase\_Context	Neutral	20-7[78_79]	
20-10	3574-3578	work	Direct Aspect[79]	_	_	_	
20-11	3579-3580	.	_	_	_	_	
20-12	3582-3590	IMPLICIT	_	_	_	_	
20-13	3591-3594	The	_	_	_	_	
20-14	3595-3599	slip	Direct Aspect[80]	Performance#Use Case Applicability	Neutral	20-17[81_80]	
20-15	3600-3610	resistance	Direct Aspect[80]	_	_	_	
20-16	3611-3613	on	_	_	_	_	
20-17	3614-3619	works	Direct Opinion[81]	_	_	_	
20-18	3620-3629	sometimes	Direct Opinion[81]	_	_	_	
20-19	3630-3631	.	_	_	_	_	
20-20	3633-3641	IMPLICIT	_	_	_	_	

#Text=This shoe is lightweight and great for cross training .  IMPLICIT It doesn't have the cushion support most NB shoes have but comfortable !  IMPLICIT
21-1	3643-3647	This	_	_	_	_	
21-2	3648-3652	shoe	Direct Aspect	Misc	Positive	21-4	
21-3	3653-3655	is	_	_	_	_	
21-4	3656-3667	lightweight	Direct Opinion	_	_	_	
21-5	3668-3671	and	_	_	_	_	
21-6	3672-3677	great	Direct Opinion	Performance#Use Case Applicability	Positive	21-7[82_0]	
21-7	3678-3681	for	Direct Aspect[82]	ContextOfUse#Use case	Positive	21-6[0_82]	
21-8	3682-3687	cross	Direct Aspect[82]	_	_	_	
21-9	3688-3696	training	Direct Aspect[82]	_	_	_	
21-10	3697-3698	.	_	_	_	_	
21-11	3700-3708	IMPLICIT	_	_	_	_	
21-12	3709-3711	It	_	_	_	_	
21-13	3712-3719	doesn't	Direct Opinion[83]	_	_	_	
21-14	3720-3724	have	Direct Opinion[83]	_	_	_	
21-15	3725-3728	the	_	_	_	_	
21-16	3729-3736	cushion	Direct Aspect[84]	Performance#Support/Stability	Negative	21-13[83_84]	
21-17	3737-3744	support	Direct Aspect[84]	_	_	_	
21-18	3745-3749	most	_	_	_	_	
21-19	3750-3752	NB	_	_	_	_	
21-20	3753-3758	shoes	_	_	_	_	
21-21	3759-3763	have	_	_	_	_	
21-22	3764-3767	but	_	_	_	_	
21-23	3768-3779	comfortable	Direct Opinion	Performance#Comfort	Positive	21-25	
21-24	3780-3781	!	_	_	_	_	
21-25	3783-3791	IMPLICIT	Direct Aspect	_	_	_	

#Text=Nikes run a little small for me, but I am still comfortable in a men's 9 without needing the half size up .  IMPLICIT The bright red is stylish and bold .  IMPLICIT The shoes are great for walking all day .  IMPLICIT
22-1	3793-3798	Nikes	Direct Aspect	Performance#Sizing/Fit	Negative	22-5[85_0]	
22-2	3799-3802	run	_	_	_	_	
22-3	3803-3804	a	_	_	_	_	
22-4	3805-3811	little	_	_	_	_	
22-5	3812-3817	small	Direct Opinion[85]	_	_	_	
22-6	3818-3821	for	Direct Opinion[85]	_	_	_	
22-7	3822-3824	me	Direct Opinion[85]	_	_	_	
22-8	3824-3825	,	_	_	_	_	
22-9	3826-3829	but	_	_	_	_	
22-10	3830-3831	I	_	_	_	_	
22-11	3832-3834	am	_	_	_	_	
22-12	3835-3840	still	_	_	_	_	
22-13	3841-3852	comfortable	Direct Opinion	_	_	_	
22-14	3853-3855	in	_	_	_	_	
22-15	3856-3857	a	_	_	_	_	
22-16	3858-3863	men's	Direct Aspect[86]	Performance#Comfort	Positive	22-13[0_86]	
22-17	3864-3865	9	Direct Aspect[86]	_	_	_	
22-18	3866-3873	without	_	_	_	_	
22-19	3874-3881	needing	_	_	_	_	
22-20	3882-3885	the	_	_	_	_	
22-21	3886-3890	half	_	_	_	_	
22-22	3891-3895	size	_	_	_	_	
22-23	3896-3898	up	_	_	_	_	
22-24	3899-3900	.	_	_	_	_	
22-25	3902-3910	IMPLICIT	_	_	_	_	
22-26	3911-3914	The	_	_	_	_	
22-27	3915-3921	bright	Direct Aspect[87]	Appearance#Color	Positive	22-30[88_87]	
22-28	3922-3925	red	Direct Aspect[87]	_	_	_	
22-29	3926-3928	is	_	_	_	_	
22-30	3929-3936	stylish	Direct Opinion[88]	_	_	_	
22-31	3937-3940	and	Direct Opinion[88]	_	_	_	
22-32	3941-3945	bold	Direct Opinion[88]	_	_	_	
22-33	3946-3947	.	_	_	_	_	
22-34	3949-3957	IMPLICIT	_	_	_	_	
22-35	3958-3961	The	_	_	_	_	
22-36	3962-3967	shoes	_	_	_	_	
22-37	3968-3971	are	_	_	_	_	
22-38	3972-3977	great	Direct Opinion	ContextOfUse#Usage frequency	Positive	22-40[89_0]	
22-39	3978-3981	for	_	_	_	_	
22-40	3982-3989	walking	Direct Opinion[89]|Direct Aspect[90]	Performance#Use Case Applicability	Positive	22-38[0_90]	
22-41	3990-3993	all	Direct Opinion[89]	_	_	_	
22-42	3994-3997	day	Direct Opinion[89]	_	_	_	
22-43	3998-3999	.	_	_	_	_	
22-44	4001-4009	IMPLICIT	_	_	_	_	

#Text=I wanted some Stan Smith's for years and finally got me a pair and with a little extra message .  IMPLICIT These are cool shoes !  IMPLICIT
23-1	4011-4012	I	_	_	_	_	
23-2	4013-4019	wanted	_	_	_	_	
23-3	4020-4024	some	_	_	_	_	
23-4	4025-4029	Stan	Direct Aspect[91]	Misc	Positive	23-10[92_91]	
23-5	4030-4037	Smith's	Direct Aspect[91]	_	_	_	
23-6	4038-4041	for	_	_	_	_	
23-7	4042-4047	years	_	_	_	_	
23-8	4048-4051	and	_	_	_	_	
23-9	4052-4059	finally	_	_	_	_	
23-10	4060-4063	got	Direct Aspect[92]	_	_	_	
23-11	4064-4066	me	Direct Aspect[92]	_	_	_	
23-12	4067-4068	a	Direct Aspect[92]	_	_	_	
23-13	4069-4073	pair	Direct Aspect[92]	_	_	_	
23-14	4074-4077	and	Direct Aspect[92]	_	_	_	
23-15	4078-4082	with	Direct Aspect[92]	_	_	_	
23-16	4083-4084	a	Direct Aspect[92]	_	_	_	
23-17	4085-4091	little	Direct Aspect[92]	_	_	_	
23-18	4092-4097	extra	Direct Aspect[92]	_	_	_	
23-19	4098-4105	message	Direct Aspect[92]	_	_	_	
23-20	4106-4107	.	_	_	_	_	
23-21	4109-4117	IMPLICIT	_	_	_	_	
23-22	4118-4123	These	_	_	_	_	
23-23	4124-4127	are	_	_	_	_	
23-24	4128-4132	cool	Direct Opinion	_	_	_	
23-25	4133-4138	shoes	Direct Aspect	Performance#General	Positive	23-24	
23-26	4139-4140	!	_	_	_	_	
23-27	4142-4150	IMPLICIT	_	_	_	_	

#Text=Stylish and fun .  IMPLICIT Classic Stan Smith lines, fit, and feel .  IMPLICIT
24-1	4152-4159	Stylish	Direct Opinion[93]	Performance#General	Positive	24-5[0_93]	
24-2	4160-4163	and	Direct Opinion[93]	_	_	_	
24-3	4164-4167	fun	Direct Opinion[93]	_	_	_	
24-4	4168-4169	.	_	_	_	_	
24-5	4171-4179	IMPLICIT	Direct Aspect	_	_	_	
24-6	4180-4187	Classic	Direct Opinion[94]	Performance#Comfort|Performance#Sizing/Fit|Appearance#Form	Positive|Positive|Positive	24-14[0_94]|24-11[0_94]|24-9[0_94]	
24-7	4188-4192	Stan	Direct Opinion[94]	_	_	_	
24-8	4193-4198	Smith	Direct Opinion[94]	_	_	_	
24-9	4199-4204	lines	Direct Aspect	_	_	_	
24-10	4204-4205	,	_	_	_	_	
24-11	4206-4209	fit	Direct Aspect	_	_	_	
24-12	4209-4210	,	_	_	_	_	
24-13	4211-4214	and	_	_	_	_	
24-14	4215-4219	feel	Direct Aspect	_	_	_	
24-15	4220-4221	.	_	_	_	_	
24-16	4223-4231	IMPLICIT	_	_	_	_	

#Text=Great shoe for everyday wear .  .  .  comfortable when first putting on .  IMPLICIT The laces are a little different trying to get used too .  .  .  .  good cushion .  .  .  .  .  hopefully new balance explains how to tighten these up  .  .  .  .  only knock of one star is the lace setup .  .  .  .  other than that, love the look IMPLICIT
25-1	4233-4238	Great	Direct Opinion	ContextOfUse#Use case	Positive	25-4[95_0]	
25-2	4239-4243	shoe	_	_	_	_	
25-3	4244-4247	for	_	_	_	_	
25-4	4248-4256	everyday	Direct Aspect[95]	ContextOfUse#Usage frequency	Positive	25-1[0_95]	
25-5	4257-4261	wear	Direct Aspect[95]	_	_	_	
25-6	4262-4263	.	_	_	_	_	
25-7	4265-4266	.	_	_	_	_	
25-8	4268-4269	.	_	_	_	_	
25-9	4271-4282	comfortable	Direct Opinion	_	_	_	
25-10	4283-4287	when	Direct Aspect[96]	Performance#Comfort	Positive	25-9[0_96]	
25-11	4288-4293	first	Direct Aspect[96]	_	_	_	
25-12	4294-4301	putting	Direct Aspect[96]	_	_	_	
25-13	4302-4304	on	Direct Aspect[96]	_	_	_	
25-14	4305-4306	.	_	_	_	_	
25-15	4308-4316	IMPLICIT	_	_	_	_	
25-16	4317-4320	The	_	_	_	_	
25-17	4321-4326	laces	Direct Aspect	Appearance#Shoe Component	Neutral	25-20[97_0]	
25-18	4327-4330	are	_	_	_	_	
25-19	4331-4332	a	_	_	_	_	
25-20	4333-4339	little	Indirect Opinion[97]	_	_	_	
25-21	4340-4349	different	Indirect Opinion[97]	_	_	_	
25-22	4350-4356	trying	_	_	_	_	
25-23	4357-4359	to	_	_	_	_	
25-24	4360-4363	get	_	_	_	_	
25-25	4364-4368	used	_	_	_	_	
25-26	4369-4372	too	_	_	_	_	
25-27	4373-4374	.	_	_	_	_	
25-28	4376-4377	.	_	_	_	_	
25-29	4379-4380	.	_	_	_	_	
25-30	4382-4383	.	_	_	_	_	
25-31	4385-4389	good	Direct Opinion	_	_	_	
25-32	4390-4397	cushion	Direct Aspect	Performance#Comfort	Positive	25-31	
25-33	4398-4399	.	_	_	_	_	
25-34	4401-4402	.	_	_	_	_	
25-35	4404-4405	.	_	_	_	_	
25-36	4407-4408	.	_	_	_	_	
25-37	4410-4411	.	_	_	_	_	
25-38	4413-4422	hopefully	Direct Opinion[98]	_	_	_	
25-39	4423-4426	new	Direct Opinion[98]|Direct Aspect[99]	Performance#Misc	Negative	25-38[98_99]	
25-40	4427-4434	balance	Direct Opinion[98]|Direct Aspect[99]	_	_	_	
25-41	4435-4443	explains	Direct Opinion[98]	_	_	_	
25-42	4444-4447	how	Direct Opinion[98]	_	_	_	
25-43	4448-4450	to	Direct Opinion[98]	_	_	_	
25-44	4451-4458	tighten	Direct Opinion[98]	_	_	_	
25-45	4459-4464	these	Direct Opinion[98]	_	_	_	
25-46	4465-4467	up	Direct Opinion[98]	_	_	_	
25-47	4469-4470	.	_	_	_	_	
25-48	4472-4473	.	_	_	_	_	
25-49	4475-4476	.	_	_	_	_	
25-50	4478-4479	.	_	_	_	_	
25-51	4481-4485	only	Indirect Opinion[100]	_	_	_	
25-52	4486-4491	knock	Indirect Opinion[100]	_	_	_	
25-53	4492-4494	of	Indirect Opinion[100]	_	_	_	
25-54	4495-4498	one	Indirect Opinion[100]	_	_	_	
25-55	4499-4503	star	Indirect Opinion[100]	_	_	_	
25-56	4504-4506	is	_	_	_	_	
25-57	4507-4510	the	_	_	_	_	
25-58	4511-4515	lace	Direct Aspect[101]	Appearance#Shoe Component	Negative	25-51[100_101]	
25-59	4516-4521	setup	Direct Aspect[101]	_	_	_	
25-60	4522-4523	.	_	_	_	_	
25-61	4525-4526	.	_	_	_	_	
25-62	4528-4529	.	_	_	_	_	
25-63	4531-4532	.	_	_	_	_	
25-64	4534-4539	other	_	_	_	_	
25-65	4540-4544	than	_	_	_	_	
25-66	4545-4549	that	_	_	_	_	
25-67	4549-4550	,	_	_	_	_	
25-68	4551-4555	love	Direct Opinion	_	_	_	
25-69	4556-4559	the	_	_	_	_	
25-70	4560-4564	look	Direct Aspect	Performance#General	Positive	25-68	
25-71	4565-4573	IMPLICIT	_	_	_	_	
