#FORMAT=WebAnno TSV 3.3
#T_SP=webanno.custom.Aspect|MentionType
#T_RL=webanno.custom.Sentiment|Category|Polarity|BT_webanno.custom.Aspect


#Text=I have always been a NB fan since they make extra wide shoes .  IMPLICIT However, this product did not have the same fit and feel of prior purchases .  IMPLICIT
1-1	0-1	I	_	_	_	_	
1-2	2-6	have	_	_	_	_	
1-3	7-13	always	_	_	_	_	
1-4	14-18	been	_	_	_	_	
1-5	19-20	a	_	_	_	_	
1-6	21-23	NB	Direct Aspect	_	_	_	
1-7	24-27	fan	_	_	_	_	
1-8	28-33	since	_	_	_	_	
1-9	34-38	they	_	_	_	_	
1-10	39-43	make	Indirect Opinion[1]	Performance#Sizing/Fit|Cost/Value	Positive|Positive	1-6[0_1]|1-6[0_1]	
1-11	44-49	extra	Indirect Opinion[1]	_	_	_	
1-12	50-54	wide	Indirect Opinion[1]	_	_	_	
1-13	55-60	shoes	Indirect Opinion[1]	_	_	_	
1-14	61-62	.	_	_	_	_	
1-15	64-72	IMPLICIT	_	_	_	_	
1-16	73-80	However	_	_	_	_	
1-17	80-81	,	_	_	_	_	
1-18	82-86	this	_	_	_	_	
1-19	87-94	product	Direct Aspect	_	_	_	
1-20	95-98	did	Direct Opinion[2]	Performance#Sizing/Fit|ContextOfUse#Purchase\_Context	Negative|Negative	1-19[0_2]|1-19[0_2]	
1-21	99-102	not	Direct Opinion[2]	_	_	_	
1-22	103-107	have	Direct Opinion[2]	_	_	_	
1-23	108-111	the	Direct Opinion[2]	_	_	_	
1-24	112-116	same	Direct Opinion[2]	_	_	_	
1-25	117-120	fit	Direct Opinion[2]	_	_	_	
1-26	121-124	and	Direct Opinion[2]	_	_	_	
1-27	125-129	feel	Direct Opinion[2]	_	_	_	
1-28	130-132	of	Direct Opinion[2]	_	_	_	
1-29	133-138	prior	Direct Opinion[2]	_	_	_	
1-30	139-148	purchases	Direct Opinion[2]	_	_	_	
1-31	149-150	.	_	_	_	_	
1-32	152-160	IMPLICIT	_	_	_	_	

#Text=I purchased the shoes based on a review that they were very comfortable and good for walking .  IMPLICIT The shoes are not easy to get on without using my fingers as a shoe horn and are somewhat comfortable for walking .  IMPLICIT
2-1	162-163	I	_	_	_	_	
2-2	164-173	purchased	_	_	_	_	
2-3	174-177	the	_	_	_	_	
2-4	178-183	shoes	Direct Aspect	_	_	_	
2-5	184-189	based	Indirect Opinion[3]	ContextOfUse#Purchase\_Context	Neutral	2-4[0_3]	
2-6	190-192	on	Indirect Opinion[3]	_	_	_	
2-7	193-194	a	Indirect Opinion[3]	_	_	_	
2-8	195-201	review	Indirect Opinion[3]	_	_	_	
2-9	202-206	that	_	_	_	_	
2-10	207-211	they	_	_	_	_	
2-11	212-216	were	_	_	_	_	
2-12	217-221	very	_	_	_	_	
2-13	222-233	comfortable	_	_	_	_	
2-14	234-237	and	_	_	_	_	
2-15	238-242	good	_	_	_	_	
2-16	243-246	for	_	_	_	_	
2-17	247-254	walking	_	_	_	_	
2-18	255-256	.	_	_	_	_	
2-19	258-266	IMPLICIT	_	_	_	_	
2-20	267-270	The	_	_	_	_	
2-21	271-276	shoes	Direct Aspect	_	_	_	
2-22	277-280	are	_	_	_	_	
2-23	281-284	not	Indirect Opinion[4]	Performance#Sizing/Fit|Appearance#Form	Negative|Negative	2-21[0_4]|2-21[0_4]	
2-24	285-289	easy	Indirect Opinion[4]	_	_	_	
2-25	290-292	to	Indirect Opinion[4]	_	_	_	
2-26	293-296	get	Indirect Opinion[4]	_	_	_	
2-27	297-299	on	Indirect Opinion[4]	_	_	_	
2-28	300-307	without	_	_	_	_	
2-29	308-313	using	_	_	_	_	
2-30	314-316	my	_	_	_	_	
2-31	317-324	fingers	_	_	_	_	
2-32	325-327	as	_	_	_	_	
2-33	328-329	a	_	_	_	_	
2-34	330-334	shoe	_	_	_	_	
2-35	335-339	horn	_	_	_	_	
2-36	340-343	and	_	_	_	_	
2-37	344-347	are	_	_	_	_	
2-38	348-356	somewhat	Direct Opinion[5]	Performance#Comfort|Performance#Use Case Applicability	Positive|Positive	2-21[0_5]|2-21[0_5]	
2-39	357-368	comfortable	Direct Opinion[5]	_	_	_	
2-40	369-372	for	Direct Opinion[5]	_	_	_	
2-41	373-380	walking	Direct Opinion[5]	_	_	_	
2-42	381-382	.	_	_	_	_	
2-43	384-392	IMPLICIT	_	_	_	_	

#Text=Although I really like these shoes I didn't give 5 stars because I haven't had them very long (I've been wearing them nonstop for the last 2 weeks) and the seams on the top side of the shoe just below the ankle are starting to ravel, I wouldn't think this is a defect with this style; not sure, but I like them so much that I would order them again .  IMPLICIT
3-1	394-402	Although	_	_	_	_	
3-2	403-404	I	Direct Opinion[6]	_	_	_	
3-3	405-411	really	Direct Opinion[6]	_	_	_	
3-4	412-416	like	Direct Opinion[6]	_	_	_	
3-5	417-422	these	_	_	_	_	
3-6	423-428	shoes	Direct Aspect	General|ContextOfUse#Review\_Temporality	Positive|Neutral	3-2[6_0]|3-22[8_0]	
3-7	429-430	I	Indirect Opinion[7]	ContextOfUse#Review\_Temporality	Neutral	3-6[0_7]	
3-8	431-437	didn't	Indirect Opinion[7]	_	_	_	
3-9	438-442	give	Indirect Opinion[7]	_	_	_	
3-10	443-444	5	Indirect Opinion[7]	_	_	_	
3-11	445-450	stars	Indirect Opinion[7]	_	_	_	
3-12	451-458	because	Indirect Opinion[7]	_	_	_	
3-13	459-460	I	Indirect Opinion[7]	_	_	_	
3-14	461-468	haven't	Indirect Opinion[7]	_	_	_	
3-15	469-472	had	Indirect Opinion[7]	_	_	_	
3-16	473-477	them	Indirect Opinion[7]	_	_	_	
3-17	478-482	very	Indirect Opinion[7]	_	_	_	
3-18	483-487	long	Indirect Opinion[7]	_	_	_	
3-19	488-489	(	_	_	_	_	
3-20	489-493	I've	_	_	_	_	
3-21	494-498	been	_	_	_	_	
3-22	499-506	wearing	Indirect Opinion[8]	_	_	_	
3-23	507-511	them	Indirect Opinion[8]	_	_	_	
3-24	512-519	nonstop	Indirect Opinion[8]	_	_	_	
3-25	520-523	for	Indirect Opinion[8]	_	_	_	
3-26	524-527	the	Indirect Opinion[8]	_	_	_	
3-27	528-532	last	Indirect Opinion[8]	_	_	_	
3-28	533-534	2	Indirect Opinion[8]	_	_	_	
3-29	535-540	weeks	Indirect Opinion[8]	_	_	_	
3-30	540-541	)	_	_	_	_	
3-31	542-545	and	_	_	_	_	
3-32	546-549	the	Direct Opinion[9]	Performance#Durability|Appearance#Shoe Component	Negative|Negative	3-40[11_9]|3-33[10_9]	
3-33	550-555	seams	Direct Opinion[9]|Direct Aspect[10]	_	_	_	
3-34	556-558	on	Direct Opinion[9]|Direct Aspect[10]	_	_	_	
3-35	559-562	the	Direct Opinion[9]|Direct Aspect[10]	_	_	_	
3-36	563-566	top	Direct Opinion[9]|Direct Aspect[10]	_	_	_	
3-37	567-571	side	Direct Opinion[9]|Direct Aspect[10]	_	_	_	
3-38	572-574	of	Direct Opinion[9]	_	_	_	
3-39	575-578	the	Direct Opinion[9]	_	_	_	
3-40	579-583	shoe	Direct Opinion[9]|Direct Aspect[11]	Performance#Durability|Cost/Value	Negative|Positive	3-51[12_11]|3-65[13_11]	
3-41	584-588	just	Direct Opinion[9]	_	_	_	
3-42	589-594	below	Direct Opinion[9]	_	_	_	
3-43	595-598	the	Direct Opinion[9]	_	_	_	
3-44	599-604	ankle	Direct Opinion[9]	_	_	_	
3-45	605-608	are	Direct Opinion[9]	_	_	_	
3-46	609-617	starting	Direct Opinion[9]	_	_	_	
3-47	618-620	to	Direct Opinion[9]	_	_	_	
3-48	621-626	ravel	Direct Opinion[9]	_	_	_	
3-49	626-627	,	_	_	_	_	
3-50	628-629	I	_	_	_	_	
3-51	630-638	wouldn't	Indirect Opinion[12]	_	_	_	
3-52	639-644	think	Indirect Opinion[12]	_	_	_	
3-53	645-649	this	Indirect Opinion[12]	_	_	_	
3-54	650-652	is	Indirect Opinion[12]	_	_	_	
3-55	653-654	a	Indirect Opinion[12]	_	_	_	
3-56	655-661	defect	Indirect Opinion[12]	_	_	_	
3-57	662-666	with	Indirect Opinion[12]	_	_	_	
3-58	667-671	this	Indirect Opinion[12]	_	_	_	
3-59	672-677	style	Indirect Opinion[12]	_	_	_	
3-60	677-678	;	_	_	_	_	
3-61	679-682	not	_	_	_	_	
3-62	683-687	sure	_	_	_	_	
3-63	687-688	,	_	_	_	_	
3-64	689-692	but	_	_	_	_	
3-65	693-694	I	Direct Opinion[13]	_	_	_	
3-66	695-699	like	Direct Opinion[13]	_	_	_	
3-67	700-704	them	Direct Opinion[13]	_	_	_	
3-68	705-707	so	Direct Opinion[13]	_	_	_	
3-69	708-712	much	Direct Opinion[13]	_	_	_	
3-70	713-717	that	Direct Opinion[13]	_	_	_	
3-71	718-719	I	Direct Opinion[13]	_	_	_	
3-72	720-725	would	Direct Opinion[13]	_	_	_	
3-73	726-731	order	Direct Opinion[13]	_	_	_	
3-74	732-736	them	Direct Opinion[13]	_	_	_	
3-75	737-742	again	Direct Opinion[13]	_	_	_	
3-76	743-744	.	_	_	_	_	
3-77	746-754	IMPLICIT	_	_	_	_	

#Text=While these slides are very attractive they are also rather stiff .  IMPLICIT The top of the slide does not have enough suppleness to conform to your foot .  IMPLICIT
4-1	756-761	While	_	_	_	_	
4-2	762-767	these	_	_	_	_	
4-3	768-774	slides	Direct Aspect	_	_	_	
4-4	775-778	are	_	_	_	_	
4-5	779-783	very	Direct Opinion[14]	Appearance#General	Positive	4-3[0_14]	
4-6	784-794	attractive	Direct Opinion[14]	_	_	_	
4-7	795-799	they	_	_	_	_	
4-8	800-803	are	_	_	_	_	
4-9	804-808	also	_	_	_	_	
4-10	809-815	rather	Direct Opinion[15]	Performance#Comfort|Appearance#Material	Negative|Negative	4-3[0_15]|4-3[0_15]	
4-11	816-821	stiff	Direct Opinion[15]	_	_	_	
4-12	822-823	.	_	_	_	_	
4-13	825-833	IMPLICIT	_	_	_	_	
4-14	834-837	The	_	_	_	_	
4-15	838-841	top	Direct Aspect[16]	_	_	_	
4-16	842-844	of	Direct Aspect[16]	_	_	_	
4-17	845-848	the	Direct Aspect[16]	_	_	_	
4-18	849-854	slide	Direct Aspect[16]	_	_	_	
4-19	855-859	does	_	_	_	_	
4-20	860-863	not	Indirect Opinion[17]	Appearance#Shoe Component|Appearance#Material|Performance#Comfort	Negative|Negative|Negative	4-15[16_17]|4-15[16_17]|4-15[16_17]	
4-21	864-868	have	Indirect Opinion[17]	_	_	_	
4-22	869-875	enough	Indirect Opinion[17]	_	_	_	
4-23	876-886	suppleness	Indirect Opinion[17]	_	_	_	
4-24	887-889	to	Indirect Opinion[17]	_	_	_	
4-25	890-897	conform	Indirect Opinion[17]	_	_	_	
4-26	898-900	to	_	_	_	_	
4-27	901-905	your	_	_	_	_	
4-28	906-910	foot	_	_	_	_	
4-29	911-912	.	_	_	_	_	
4-30	914-922	IMPLICIT	_	_	_	_	

#Text=I race with the NB fuel cell prism and love the shoe, I would like to purchase the RC Elite EXCEPT they do not come in Wide IMPLICIT
5-1	924-925	I	Direct Opinion[18]	_	_	_	
5-2	926-930	race	Direct Opinion[18]	_	_	_	
5-3	931-935	with	Direct Opinion[18]	_	_	_	
5-4	936-939	the	Direct Opinion[18]	_	_	_	
5-5	940-942	NB	Direct Opinion[18]	_	_	_	
5-6	943-947	fuel	Direct Opinion[18]	_	_	_	
5-7	948-952	cell	Direct Opinion[18]	_	_	_	
5-8	953-958	prism	Direct Opinion[18]	_	_	_	
5-9	959-962	and	Direct Opinion[18]	_	_	_	
5-10	963-967	love	Direct Opinion[18]	_	_	_	
5-11	968-971	the	_	_	_	_	
5-12	972-976	shoe	Direct Aspect	Performance#Use Case Applicability	Positive	5-1[18_0]	
5-13	976-977	,	_	_	_	_	
5-14	978-979	I	Direct Opinion[19]	_	_	_	
5-15	980-985	would	Direct Opinion[19]	_	_	_	
5-16	986-990	like	Direct Opinion[19]	_	_	_	
5-17	991-993	to	Direct Opinion[19]	_	_	_	
5-18	994-1002	purchase	Direct Opinion[19]	_	_	_	
5-19	1003-1006	the	_	_	_	_	
5-20	1007-1009	RC	Direct Aspect[20]	ContextOfUse#Purchase\_Context	Positive	5-14[19_20]	
5-21	1010-1015	Elite	Direct Aspect[20]	_	_	_	
5-22	1016-1022	EXCEPT	_	_	_	_	
5-23	1023-1027	they	_	_	_	_	
5-24	1028-1030	do	Direct Opinion[21]	Performance#Sizing/Fit	Negative	5-20[20_21]	
5-25	1031-1034	not	Direct Opinion[21]	_	_	_	
5-26	1035-1039	come	Direct Opinion[21]	_	_	_	
5-27	1040-1042	in	Direct Opinion[21]	_	_	_	
5-28	1043-1047	Wide	Direct Opinion[21]	_	_	_	
5-29	1048-1056	IMPLICIT	_	_	_	_	

#Text=Well, we never got to try the golf shoes as we were sent one shoe which was size 7 and the other was a 7 ½ .  IMPLICIT We sent them back two weeks ago and haven't heard anything back from NB since .  IMPLICIT Very disappointing to say the least .  IMPLICIT Would like a picture as proof ?  IMPLICIT
6-1	1058-1062	Well	_	_	_	_	
6-2	1062-1063	,	_	_	_	_	
6-3	1064-1066	we	_	_	_	_	
6-4	1067-1072	never	_	_	_	_	
6-5	1073-1076	got	_	_	_	_	
6-6	1077-1079	to	_	_	_	_	
6-7	1080-1083	try	_	_	_	_	
6-8	1084-1087	the	_	_	_	_	
6-9	1088-1092	golf	_	_	_	_	
6-10	1093-1098	shoes	_	_	_	_	
6-11	1099-1101	as	_	_	_	_	
6-12	1102-1104	we	_	_	_	_	
6-13	1105-1109	were	_	_	_	_	
6-14	1110-1114	sent	Indirect Opinion[22]	Performance#Sizing/Fit|ContextOfUse#Purchase\_Context	Negative|Negative	6-16[23_22]|6-16[23_22]	
6-15	1115-1118	one	Indirect Opinion[22]	_	_	_	
6-16	1119-1123	shoe	Indirect Opinion[22]|Direct Aspect[23]	_	_	_	
6-17	1124-1129	which	Indirect Opinion[22]	_	_	_	
6-18	1130-1133	was	Indirect Opinion[22]	_	_	_	
6-19	1134-1138	size	Indirect Opinion[22]	_	_	_	
6-20	1139-1140	7	Indirect Opinion[22]	_	_	_	
6-21	1141-1144	and	Indirect Opinion[22]	_	_	_	
6-22	1145-1148	the	Indirect Opinion[22]	_	_	_	
6-23	1149-1154	other	Indirect Opinion[22]	_	_	_	
6-24	1155-1158	was	Indirect Opinion[22]	_	_	_	
6-25	1159-1160	a	Indirect Opinion[22]	_	_	_	
6-26	1161-1162	7	Indirect Opinion[22]	_	_	_	
6-27	1163-1164	½	Indirect Opinion[22]	_	_	_	
6-28	1165-1166	.	_	_	_	_	
6-29	1168-1176	IMPLICIT	Direct Aspect	ContextOfUse#Purchase\_Context	Negative	6-31[24_0]	
6-30	1177-1179	We	_	_	_	_	
6-31	1180-1184	sent	Direct Opinion[24]	_	_	_	
6-32	1185-1189	them	Direct Opinion[24]	_	_	_	
6-33	1190-1194	back	Direct Opinion[24]	_	_	_	
6-34	1195-1198	two	Direct Opinion[24]	_	_	_	
6-35	1199-1204	weeks	Direct Opinion[24]	_	_	_	
6-36	1205-1208	ago	Direct Opinion[24]	_	_	_	
6-37	1209-1212	and	Direct Opinion[24]	_	_	_	
6-38	1213-1220	haven't	Direct Opinion[24]	_	_	_	
6-39	1221-1226	heard	Direct Opinion[24]	_	_	_	
6-40	1227-1235	anything	Direct Opinion[24]	_	_	_	
6-41	1236-1240	back	Direct Opinion[24]	_	_	_	
6-42	1241-1245	from	Direct Opinion[24]	_	_	_	
6-43	1246-1248	NB	Direct Opinion[24]	_	_	_	
6-44	1249-1254	since	Direct Opinion[24]	_	_	_	
6-45	1255-1256	.	_	_	_	_	
6-46	1258-1266	IMPLICIT	Direct Aspect	General	Negative	6-47[25_0]	
6-47	1267-1271	Very	Direct Opinion[25]	_	_	_	
6-48	1272-1285	disappointing	Direct Opinion[25]	_	_	_	
6-49	1286-1288	to	_	_	_	_	
6-50	1289-1292	say	_	_	_	_	
6-51	1293-1296	the	_	_	_	_	
6-52	1297-1302	least	_	_	_	_	
6-53	1303-1304	.	_	_	_	_	
6-54	1306-1314	IMPLICIT	_	_	_	_	
6-55	1315-1320	Would	_	_	_	_	
6-56	1321-1325	like	_	_	_	_	
6-57	1326-1327	a	_	_	_	_	
6-58	1328-1335	picture	_	_	_	_	
6-59	1336-1338	as	_	_	_	_	
6-60	1339-1344	proof	_	_	_	_	
6-61	1345-1346	?	_	_	_	_	
6-62	1348-1356	IMPLICIT	_	_	_	_	

#Text=I purchased a pair of Fresh Foam Roav tennis shoes last summer at a New Balance outlet store .  IMPLICIT They were comfortable the minute I put them on and I love these shoes .  IMPLICIT I decided to purchase another pair online .  IMPLICIT These shoes look great but they're not as wide as the first pair, which is why my rating is 4 stars .  IMPLICIT Unfortunately I had to return them .  IMPLICIT
7-1	1358-1359	I	Direct Opinion[26]	_	_	_	
7-2	1360-1369	purchased	Direct Opinion[26]	_	_	_	
7-3	1370-1371	a	Direct Opinion[26]	_	_	_	
7-4	1372-1376	pair	Direct Opinion[26]	_	_	_	
7-5	1377-1379	of	_	_	_	_	
7-6	1380-1385	Fresh	Direct Aspect[27]	ContextOfUse#Purchase\_Context	Neutral	7-1[26_27]	
7-7	1386-1390	Foam	Direct Aspect[27]	_	_	_	
7-8	1391-1395	Roav	Direct Aspect[27]	_	_	_	
7-9	1396-1402	tennis	Direct Aspect[27]	_	_	_	
7-10	1403-1408	shoes	Direct Aspect[27]	_	_	_	
7-11	1409-1413	last	_	_	_	_	
7-12	1414-1420	summer	_	_	_	_	
7-13	1421-1423	at	Direct Opinion[28]	ContextOfUse#Place	Neutral	7-6[27_28]	
7-14	1424-1425	a	Direct Opinion[28]	_	_	_	
7-15	1426-1429	New	Direct Opinion[28]	_	_	_	
7-16	1430-1437	Balance	Direct Opinion[28]	_	_	_	
7-17	1438-1444	outlet	Direct Opinion[28]	_	_	_	
7-18	1445-1450	store	Direct Opinion[28]	_	_	_	
7-19	1451-1452	.	_	_	_	_	
7-20	1454-1462	IMPLICIT	_	_	_	_	
7-21	1463-1467	They	_	_	_	_	
7-22	1468-1472	were	Direct Opinion[29]	_	_	_	
7-23	1473-1484	comfortable	Direct Opinion[29]	_	_	_	
7-24	1485-1488	the	Direct Opinion[29]	_	_	_	
7-25	1489-1495	minute	Direct Opinion[29]	_	_	_	
7-26	1496-1497	I	Direct Opinion[29]	_	_	_	
7-27	1498-1501	put	Direct Opinion[29]	_	_	_	
7-28	1502-1506	them	Direct Opinion[29]	_	_	_	
7-29	1507-1509	on	Direct Opinion[29]	_	_	_	
7-30	1510-1513	and	_	_	_	_	
7-31	1514-1515	I	Direct Opinion[30]	_	_	_	
7-32	1516-1520	love	Direct Opinion[30]	_	_	_	
7-33	1521-1526	these	Direct Opinion[30]	_	_	_	
7-34	1527-1532	shoes	Direct Aspect	Performance#Comfort|General	Positive|Positive	7-22[29_0]|7-31[30_0]	
7-35	1533-1534	.	_	_	_	_	
7-36	1536-1544	IMPLICIT	_	_	_	_	
7-37	1545-1546	I	_	_	_	_	
7-38	1547-1554	decided	_	_	_	_	
7-39	1555-1557	to	_	_	_	_	
7-40	1558-1566	purchase	Indirect Opinion[31]	Cost/Value	Positive	7-41[32_31]	
7-41	1567-1574	another	Indirect Opinion[31]|Direct Aspect[32]	_	_	_	
7-42	1575-1579	pair	Indirect Opinion[31]|Direct Aspect[32]	_	_	_	
7-43	1580-1586	online	Indirect Opinion[31]	_	_	_	
7-44	1587-1588	.	_	_	_	_	
7-45	1590-1598	IMPLICIT	_	_	_	_	
7-46	1599-1604	These	_	_	_	_	
7-47	1605-1610	shoes	Direct Aspect	_	_	_	
7-48	1611-1615	look	Direct Opinion[33]	Appearance#General	Positive	7-47[0_33]	
7-49	1616-1621	great	Direct Opinion[33]	_	_	_	
7-50	1622-1625	but	_	_	_	_	
7-51	1626-1633	they're	Indirect Opinion[34]	Appearance#Form	Negative	7-47[0_34]	
7-52	1634-1637	not	Indirect Opinion[34]	_	_	_	
7-53	1638-1640	as	Indirect Opinion[34]	_	_	_	
7-54	1641-1645	wide	Indirect Opinion[34]	_	_	_	
7-55	1646-1648	as	Indirect Opinion[34]	_	_	_	
7-56	1649-1652	the	Indirect Opinion[34]	_	_	_	
7-57	1653-1658	first	Indirect Opinion[34]	_	_	_	
7-58	1659-1663	pair	Indirect Opinion[34]	_	_	_	
7-59	1663-1664	,	Indirect Opinion[34]	_	_	_	
7-60	1665-1670	which	Indirect Opinion[34]	_	_	_	
7-61	1671-1673	is	Indirect Opinion[34]	_	_	_	
7-62	1674-1677	why	Indirect Opinion[34]	_	_	_	
7-63	1678-1680	my	Indirect Opinion[34]	_	_	_	
7-64	1681-1687	rating	Indirect Opinion[34]	_	_	_	
7-65	1688-1690	is	Indirect Opinion[34]	_	_	_	
7-66	1691-1692	4	Indirect Opinion[34]	_	_	_	
7-67	1693-1698	stars	Indirect Opinion[34]	_	_	_	
7-68	1699-1700	.	_	_	_	_	
7-69	1702-1710	IMPLICIT	_	_	_	_	
7-70	1711-1724	Unfortunately	Indirect Opinion[35]	_	_	_	
7-71	1725-1726	I	Indirect Opinion[35]	_	_	_	
7-72	1727-1730	had	Indirect Opinion[35]	_	_	_	
7-73	1731-1733	to	Indirect Opinion[35]	_	_	_	
7-74	1734-1740	return	Indirect Opinion[35]	_	_	_	
7-75	1741-1745	them	_	_	_	_	
7-76	1746-1747	.	_	_	_	_	
7-77	1749-1757	IMPLICIT	Direct Aspect	ContextOfUse#Purchase\_Context	Negative	7-70[35_0]	

#Text=I ordered a 10W and it was definitely not wider than normal .  IMPLICIT It is a very cute boot but i have wide feet and it is not very comfortable for me .  IMPLICIT
8-1	1759-1760	I	_	_	_	_	
8-2	1761-1768	ordered	_	_	_	_	
8-3	1769-1770	a	_	_	_	_	
8-4	1771-1774	10W	Direct Aspect	Performance#Sizing/Fit	Negative	8-6[36_0]	
8-5	1775-1778	and	_	_	_	_	
8-6	1779-1781	it	Indirect Opinion[36]	_	_	_	
8-7	1782-1785	was	Indirect Opinion[36]	_	_	_	
8-8	1786-1796	definitely	Indirect Opinion[36]	_	_	_	
8-9	1797-1800	not	Indirect Opinion[36]	_	_	_	
8-10	1801-1806	wider	Indirect Opinion[36]	_	_	_	
8-11	1807-1811	than	Indirect Opinion[36]	_	_	_	
8-12	1812-1818	normal	Indirect Opinion[36]	_	_	_	
8-13	1819-1820	.	_	_	_	_	
8-14	1822-1830	IMPLICIT	_	_	_	_	
8-15	1831-1833	It	_	_	_	_	
8-16	1834-1836	is	Direct Opinion[37]	_	_	_	
8-17	1837-1838	a	Direct Opinion[37]	_	_	_	
8-18	1839-1843	very	Direct Opinion[37]	_	_	_	
8-19	1844-1848	cute	Direct Opinion[37]	_	_	_	
8-20	1849-1853	boot	Direct Aspect	Appearance#General|Appearance#Form|Performance#Comfort	Positive|Negative|Negative	8-16[37_0]|8-22[38_0]|8-22[38_0]	
8-21	1854-1857	but	_	_	_	_	
8-22	1858-1859	i	Direct Opinion[38]	_	_	_	
8-23	1860-1864	have	Direct Opinion[38]	_	_	_	
8-24	1865-1869	wide	Direct Opinion[38]	_	_	_	
8-25	1870-1874	feet	Direct Opinion[38]	_	_	_	
8-26	1875-1878	and	Direct Opinion[38]	_	_	_	
8-27	1879-1881	it	Direct Opinion[38]	_	_	_	
8-28	1882-1884	is	Direct Opinion[38]	_	_	_	
8-29	1885-1888	not	Direct Opinion[38]	_	_	_	
8-30	1889-1893	very	Direct Opinion[38]	_	_	_	
8-31	1894-1905	comfortable	Direct Opinion[38]	_	_	_	
8-32	1906-1909	for	Direct Opinion[38]	_	_	_	
8-33	1910-1912	me	Direct Opinion[38]	_	_	_	
8-34	1913-1914	.	_	_	_	_	
8-35	1916-1924	IMPLICIT	_	_	_	_	

#Text=I've been getting Stan Smiths for 35 years .  IMPLICIT These vegan material shoes are terrible .  IMPLICIT Please offer the leather Stan smiths and please DO Not sell them on your website as Original Stan Smith's .  IMPLICIT They are not original .  IMPLICIT Call them "Eco" Stan Smith's .  IMPLICIT Thanks, Frank IMPLICIT
9-1	1926-1930	I've	Indirect Opinion[39]	ContextOfUse#Review\_Temporality	Neutral	9-4[40_39]	
9-2	1931-1935	been	Indirect Opinion[39]	_	_	_	
9-3	1936-1943	getting	Indirect Opinion[39]	_	_	_	
9-4	1944-1948	Stan	Indirect Opinion[39]|Direct Aspect[40]	_	_	_	
9-5	1949-1955	Smiths	Indirect Opinion[39]|Direct Aspect[40]	_	_	_	
9-6	1956-1959	for	Indirect Opinion[39]	_	_	_	
9-7	1960-1962	35	Indirect Opinion[39]	_	_	_	
9-8	1963-1968	years	Indirect Opinion[39]	_	_	_	
9-9	1969-1970	.	_	_	_	_	
9-10	1972-1980	IMPLICIT	_	_	_	_	
9-11	1981-1986	These	_	_	_	_	
9-12	1987-1992	vegan	Direct Opinion[41]	Appearance#Material	Negative	9-14[42_41]	
9-13	1993-2001	material	Direct Opinion[41]	_	_	_	
9-14	2002-2007	shoes	Direct Opinion[41]|Direct Aspect[42]	_	_	_	
9-15	2008-2011	are	Direct Opinion[41]	_	_	_	
9-16	2012-2020	terrible	Direct Opinion[41]	_	_	_	
9-17	2021-2022	.	_	_	_	_	
9-18	2024-2032	IMPLICIT	_	_	_	_	
9-19	2033-2039	Please	Direct Opinion[43]	ContextOfUse#Purchase\_Context	Neutral	9-23[44_43]	
9-20	2040-2045	offer	Direct Opinion[43]	_	_	_	
9-21	2046-2049	the	Direct Opinion[43]	_	_	_	
9-22	2050-2057	leather	Direct Opinion[43]	_	_	_	
9-23	2058-2062	Stan	Direct Aspect[44]	Appearance#Material	Neutral	9-19[43_44]	
9-24	2063-2069	smiths	Direct Aspect[44]	_	_	_	
9-25	2070-2073	and	_	_	_	_	
9-26	2074-2080	please	Direct Opinion[45]	_	_	_	
9-27	2081-2083	DO	Direct Opinion[45]	_	_	_	
9-28	2084-2087	Not	Direct Opinion[45]	_	_	_	
9-29	2088-2092	sell	Direct Opinion[45]	_	_	_	
9-30	2093-2097	them	Direct Opinion[45]	_	_	_	
9-31	2098-2100	on	Direct Opinion[45]	_	_	_	
9-32	2101-2105	your	Direct Opinion[45]	_	_	_	
9-33	2106-2113	website	Direct Opinion[45]	_	_	_	
9-34	2114-2116	as	Direct Opinion[45]	_	_	_	
9-35	2117-2125	Original	Direct Opinion[45]	_	_	_	
9-36	2126-2130	Stan	Direct Aspect[46]	ContextOfUse#Purchase\_Context	Negative	9-26[45_46]	
9-37	2131-2138	Smith's	Direct Aspect[46]	_	_	_	
9-38	2139-2140	.	_	_	_	_	
9-39	2142-2150	IMPLICIT	_	_	_	_	
9-40	2151-2155	They	_	_	_	_	
9-41	2156-2159	are	_	_	_	_	
9-42	2160-2163	not	Indirect Opinion[47]	General	Negative	9-45[0_47]	
9-43	2164-2172	original	Indirect Opinion[47]	_	_	_	
9-44	2173-2174	.	_	_	_	_	
9-45	2176-2184	IMPLICIT	Direct Aspect	_	_	_	
9-46	2185-2189	Call	Indirect Opinion[48]	ContextOfUse#Purchase\_Context	Neutral	9-54[0_48]	
9-47	2190-2194	them	Indirect Opinion[48]	_	_	_	
9-48	2195-2196	"	Indirect Opinion[48]	_	_	_	
9-49	2196-2199	Eco	Indirect Opinion[48]	_	_	_	
9-50	2199-2200	"	Indirect Opinion[48]	_	_	_	
9-51	2201-2205	Stan	Indirect Opinion[48]	_	_	_	
9-52	2206-2213	Smith's	Indirect Opinion[48]	_	_	_	
9-53	2214-2215	.	_	_	_	_	
9-54	2217-2225	IMPLICIT	Direct Aspect	_	_	_	
9-55	2226-2232	Thanks	_	_	_	_	
9-56	2232-2233	,	_	_	_	_	
9-57	2234-2239	Frank	_	_	_	_	
9-58	2240-2248	IMPLICIT	_	_	_	_	

#Text=I had to exchange my first order and ordered a size up .  IMPLICIT Then the band of the bigger size sort of cuts into my foot .  IMPLICIT I am a size 5 women .  .  . I won't return them because I already exchanged for a bigger size but more importantly: it cut into my foot  .  IMPLICIT
10-1	2250-2251	I	_	_	_	_	
10-2	2252-2255	had	Indirect Opinion[49]	ContextOfUse#Purchase\_Context	Negative	10-5[50_49]	
10-3	2256-2258	to	Indirect Opinion[49]	_	_	_	
10-4	2259-2267	exchange	Indirect Opinion[49]	_	_	_	
10-5	2268-2270	my	Direct Aspect[50]	_	_	_	
10-6	2271-2276	first	Direct Aspect[50]	_	_	_	
10-7	2277-2282	order	Direct Aspect[50]	_	_	_	
10-8	2283-2286	and	_	_	_	_	
10-9	2287-2294	ordered	_	_	_	_	
10-10	2295-2296	a	_	_	_	_	
10-11	2297-2301	size	_	_	_	_	
10-12	2302-2304	up	_	_	_	_	
10-13	2305-2306	.	_	_	_	_	
10-14	2308-2316	IMPLICIT	_	_	_	_	
10-15	2317-2321	Then	_	_	_	_	
10-16	2322-2325	the	_	_	_	_	
10-17	2326-2330	band	Direct Aspect	_	_	_	
10-18	2331-2333	of	_	_	_	_	
10-19	2334-2337	the	_	_	_	_	
10-20	2338-2344	bigger	_	_	_	_	
10-21	2345-2349	size	_	_	_	_	
10-22	2350-2354	sort	Direct Opinion[51]	Appearance#Shoe Component	Negative	10-17[0_51]	
10-23	2355-2357	of	Direct Opinion[51]	_	_	_	
10-24	2358-2362	cuts	Direct Opinion[51]	_	_	_	
10-25	2363-2367	into	Direct Opinion[51]	_	_	_	
10-26	2368-2370	my	Direct Opinion[51]	_	_	_	
10-27	2371-2375	foot	Direct Opinion[51]	_	_	_	
10-28	2376-2377	.	_	_	_	_	
10-29	2379-2387	IMPLICIT	_	_	_	_	
10-30	2388-2389	I	_	_	_	_	
10-31	2390-2392	am	_	_	_	_	
10-32	2393-2394	a	_	_	_	_	
10-33	2395-2399	size	_	_	_	_	
10-34	2400-2401	5	_	_	_	_	
10-35	2402-2407	women	_	_	_	_	
10-36	2408-2409	.	_	_	_	_	
10-37	2411-2412	.	_	_	_	_	
10-38	2414-2415	.	_	_	_	_	
10-39	2416-2417	I	Direct Opinion[52]	_	_	_	
10-40	2418-2423	won't	Direct Opinion[52]	_	_	_	
10-41	2424-2430	return	Direct Opinion[52]	_	_	_	
10-42	2431-2435	them	Direct Opinion[52]	_	_	_	
10-43	2436-2443	because	Direct Opinion[52]	_	_	_	
10-44	2444-2445	I	Direct Opinion[52]	_	_	_	
10-45	2446-2453	already	Direct Opinion[52]	_	_	_	
10-46	2454-2463	exchanged	Direct Opinion[52]	_	_	_	
10-47	2464-2467	for	Direct Opinion[52]	_	_	_	
10-48	2468-2469	a	Direct Opinion[52]	_	_	_	
10-49	2470-2476	bigger	Direct Opinion[52]	_	_	_	
10-50	2477-2481	size	Direct Opinion[52]	_	_	_	
10-51	2482-2485	but	_	_	_	_	
10-52	2486-2490	more	Direct Opinion[53]	_	_	_	
10-53	2491-2502	importantly	Direct Opinion[53]	_	_	_	
10-54	2502-2503	:	Direct Opinion[53]	_	_	_	
10-55	2504-2506	it	Direct Opinion[53]	_	_	_	
10-56	2507-2510	cut	Direct Opinion[53]	_	_	_	
10-57	2511-2515	into	Direct Opinion[53]	_	_	_	
10-58	2516-2518	my	Direct Opinion[53]	_	_	_	
10-59	2519-2523	foot	Direct Opinion[53]	_	_	_	
10-60	2525-2526	.	_	_	_	_	
10-61	2528-2536	IMPLICIT	Direct Aspect	Appearance#Form|Cost/Value	Negative|Negative	10-52[53_0]|10-39[52_0]	

#Text=Nice colors and very comfortable if you have narrow feet .  IMPLICIT My feet are slightly wide so i just have to wear a lil more to break them in IMPLICIT
11-1	2538-2542	Nice	Direct Opinion[54]	_	_	_	
11-2	2543-2549	colors	Direct Opinion[54]	_	_	_	
11-3	2550-2553	and	_	_	_	_	
11-4	2554-2558	very	Direct Opinion[55]	_	_	_	
11-5	2559-2570	comfortable	Direct Opinion[55]	_	_	_	
11-6	2571-2573	if	Direct Opinion[55]	_	_	_	
11-7	2574-2577	you	Direct Opinion[55]	_	_	_	
11-8	2578-2582	have	Direct Opinion[55]	_	_	_	
11-9	2583-2589	narrow	Direct Opinion[55]	_	_	_	
11-10	2590-2594	feet	Direct Opinion[55]	_	_	_	
11-11	2595-2596	.	_	_	_	_	
11-12	2598-2606	IMPLICIT	Direct Aspect	Appearance#Color|Performance#Comfort|Appearance#Form	Positive|Positive|Positive	11-1[54_0]|11-4[55_0]|11-4[55_0]	
11-13	2607-2609	My	_	_	_	_	
11-14	2610-2614	feet	_	_	_	_	
11-15	2615-2618	are	_	_	_	_	
11-16	2619-2627	slightly	_	_	_	_	
11-17	2628-2632	wide	_	_	_	_	
11-18	2633-2635	so	_	_	_	_	
11-19	2636-2637	i	_	_	_	_	
11-20	2638-2642	just	_	_	_	_	
11-21	2643-2647	have	Indirect Opinion[56]	_	_	_	
11-22	2648-2650	to	Indirect Opinion[56]	_	_	_	
11-23	2651-2655	wear	Indirect Opinion[56]	_	_	_	
11-24	2656-2657	a	Indirect Opinion[56]	_	_	_	
11-25	2658-2661	lil	Indirect Opinion[56]	_	_	_	
11-26	2662-2666	more	Indirect Opinion[56]	_	_	_	
11-27	2667-2669	to	Indirect Opinion[56]	_	_	_	
11-28	2670-2675	break	Indirect Opinion[56]	_	_	_	
11-29	2676-2680	them	Indirect Opinion[56]	_	_	_	
11-30	2681-2683	in	Indirect Opinion[56]	_	_	_	
11-31	2684-2692	IMPLICIT	Direct Aspect	Performance#General	Neutral	11-21[56_0]	

#Text=These was supposed to be work shoes (HEALTH CARE WORKER) .  IMPLICIT I definitely was disappointed no support or comfort .  IMPLICIT I will not buy again or recommend .  IMPLICIT
12-1	2694-2699	These	_	_	_	_	
12-2	2700-2703	was	_	_	_	_	
12-3	2704-2712	supposed	Direct Opinion[57]	ContextOfUse#Use case	Positive	12-7[58_57]	
12-4	2713-2715	to	Direct Opinion[57]	_	_	_	
12-5	2716-2718	be	Direct Opinion[57]	_	_	_	
12-6	2719-2723	work	Direct Opinion[57]	_	_	_	
12-7	2724-2729	shoes	Direct Opinion[57]|Direct Aspect[58]	_	_	_	
12-8	2730-2731	(	Direct Opinion[57]	_	_	_	
12-9	2731-2737	HEALTH	Direct Opinion[57]	_	_	_	
12-10	2738-2742	CARE	Direct Opinion[57]	_	_	_	
12-11	2743-2749	WORKER	Direct Opinion[57]	_	_	_	
12-12	2749-2750	)	_	_	_	_	
12-13	2751-2752	.	_	_	_	_	
12-14	2754-2762	IMPLICIT	_	_	_	_	
12-15	2763-2764	I	Direct Opinion[59]	_	_	_	
12-16	2765-2775	definitely	Direct Opinion[59]	_	_	_	
12-17	2776-2779	was	Direct Opinion[59]	_	_	_	
12-18	2780-2792	disappointed	Direct Opinion[59]	_	_	_	
12-19	2793-2795	no	Direct Opinion[59]	_	_	_	
12-20	2796-2803	support	Direct Opinion[59]	_	_	_	
12-21	2804-2806	or	Direct Opinion[59]	_	_	_	
12-22	2807-2814	comfort	Direct Opinion[59]	_	_	_	
12-23	2815-2816	.	_	_	_	_	
12-24	2818-2826	IMPLICIT	Direct Aspect	Performance#Support/Stability|Performance#Comfort	Negative|Negative	12-15[59_0]|12-15[59_0]	
12-25	2827-2828	I	_	_	_	_	
12-26	2829-2833	will	_	_	_	_	
12-27	2834-2837	not	Indirect Opinion[60]	Cost/Value	Negative	12-33[0_60]	
12-28	2838-2841	buy	Indirect Opinion[60]	_	_	_	
12-29	2842-2847	again	Indirect Opinion[60]	_	_	_	
12-30	2848-2850	or	Indirect Opinion[60]	_	_	_	
12-31	2851-2860	recommend	Indirect Opinion[60]	_	_	_	
12-32	2861-2862	.	_	_	_	_	
12-33	2864-2872	IMPLICIT	Direct Aspect	_	_	_	

#Text=I think I need to go up 1/2 a size because it's pinching my toes just a bit, or I really need a wide .  IMPLICIT But with that in mind it really made my feet happy .  IMPLICIT Love the leather upper for a clean and durable look .  IMPLICIT Going to keep these and try a different model IMPLICIT
13-1	2874-2875	I	_	_	_	_	
13-2	2876-2881	think	_	_	_	_	
13-3	2882-2883	I	_	_	_	_	
13-4	2884-2888	need	Indirect Opinion[61]	Performance#Sizing/Fit	Neutral	13-29[0_61]	
13-5	2889-2891	to	Indirect Opinion[61]	_	_	_	
13-6	2892-2894	go	Indirect Opinion[61]	_	_	_	
13-7	2895-2897	up	Indirect Opinion[61]	_	_	_	
13-8	2898-2899	1	Indirect Opinion[61]	_	_	_	
13-9	2899-2900	/	Indirect Opinion[61]	_	_	_	
13-10	2900-2901	2	Indirect Opinion[61]	_	_	_	
13-11	2902-2903	a	Indirect Opinion[61]	_	_	_	
13-12	2904-2908	size	Indirect Opinion[61]	_	_	_	
13-13	2909-2916	because	_	_	_	_	
13-14	2917-2921	it's	_	_	_	_	
13-15	2922-2930	pinching	Indirect Opinion[62]	Performance#Sizing/Fit	Negative	13-29[0_62]	
13-16	2931-2933	my	Indirect Opinion[62]	_	_	_	
13-17	2934-2938	toes	Indirect Opinion[62]	_	_	_	
13-18	2939-2943	just	_	_	_	_	
13-19	2944-2945	a	_	_	_	_	
13-20	2946-2949	bit	_	_	_	_	
13-21	2949-2950	,	_	_	_	_	
13-22	2951-2953	or	_	_	_	_	
13-23	2954-2955	I	_	_	_	_	
13-24	2956-2962	really	_	_	_	_	
13-25	2963-2967	need	_	_	_	_	
13-26	2968-2969	a	_	_	_	_	
13-27	2970-2974	wide	_	_	_	_	
13-28	2975-2976	.	_	_	_	_	
13-29	2978-2986	IMPLICIT	Direct Aspect	_	_	_	
13-30	2987-2990	But	_	_	_	_	
13-31	2991-2995	with	_	_	_	_	
13-32	2996-3000	that	_	_	_	_	
13-33	3001-3003	in	_	_	_	_	
13-34	3004-3008	mind	_	_	_	_	
13-35	3009-3011	it	_	_	_	_	
13-36	3012-3018	really	_	_	_	_	
13-37	3019-3023	made	Direct Opinion[63]	Performance#General	Positive	13-42[0_63]	
13-38	3024-3026	my	Direct Opinion[63]	_	_	_	
13-39	3027-3031	feet	Direct Opinion[63]	_	_	_	
13-40	3032-3037	happy	Direct Opinion[63]	_	_	_	
13-41	3038-3039	.	_	_	_	_	
13-42	3041-3049	IMPLICIT	Direct Aspect	_	_	_	
13-43	3050-3054	Love	Direct Opinion[64]	_	_	_	
13-44	3055-3058	the	Direct Opinion[64]	_	_	_	
13-45	3059-3066	leather	Direct Opinion[64]	_	_	_	
13-46	3067-3072	upper	Direct Opinion[64]	_	_	_	
13-47	3073-3076	for	Direct Opinion[64]	_	_	_	
13-48	3077-3078	a	Direct Opinion[64]	_	_	_	
13-49	3079-3084	clean	Direct Opinion[64]	_	_	_	
13-50	3085-3088	and	Direct Opinion[64]	_	_	_	
13-51	3089-3096	durable	Direct Opinion[64]	_	_	_	
13-52	3097-3101	look	Direct Opinion[64]	_	_	_	
13-53	3102-3103	.	_	_	_	_	
13-54	3105-3113	IMPLICIT	Direct Aspect	Appearance#Material	Positive	13-43[64_0]	
13-55	3114-3119	Going	Indirect Opinion[65]	Cost/Value	Positive	13-64[0_65]	
13-56	3120-3122	to	Indirect Opinion[65]	_	_	_	
13-57	3123-3127	keep	Indirect Opinion[65]	_	_	_	
13-58	3128-3133	these	Indirect Opinion[65]	_	_	_	
13-59	3134-3137	and	Indirect Opinion[65]	_	_	_	
13-60	3138-3141	try	Indirect Opinion[65]	_	_	_	
13-61	3142-3143	a	Indirect Opinion[65]	_	_	_	
13-62	3144-3153	different	Indirect Opinion[65]	_	_	_	
13-63	3154-3159	model	Indirect Opinion[65]	_	_	_	
13-64	3160-3168	IMPLICIT	Direct Aspect	_	_	_	

#Text=Met all my needs in a shoe .  IMPLICIT Very durable and comfy .  IMPLICIT I wear them all day for work .  IMPLICIT Would recommend IMPLICIT
14-1	3170-3173	Met	Indirect Opinion[66]	_	_	_	
14-2	3174-3177	all	Indirect Opinion[66]	_	_	_	
14-3	3178-3180	my	Indirect Opinion[66]	_	_	_	
14-4	3181-3186	needs	Indirect Opinion[66]	_	_	_	
14-5	3187-3189	in	_	_	_	_	
14-6	3190-3191	a	_	_	_	_	
14-7	3192-3196	shoe	Direct Aspect	General	Positive	14-1[66_0]	
14-8	3197-3198	.	_	_	_	_	
14-9	3200-3208	IMPLICIT	_	_	_	_	
14-10	3209-3213	Very	Direct Opinion[67]	_	_	_	
14-11	3214-3221	durable	Direct Opinion[67]	_	_	_	
14-12	3222-3225	and	Direct Opinion[68]	_	_	_	
14-13	3226-3231	comfy	Direct Opinion[68]	_	_	_	
14-14	3232-3233	.	_	_	_	_	
14-15	3235-3243	IMPLICIT	Direct Aspect	Performance#Durability|Performance#Comfort	Positive|Positive	14-10[67_0]|14-12[68_0]	
14-16	3244-3245	I	_	_	_	_	
14-17	3246-3250	wear	Indirect Opinion[69]	ContextOfUse#Review\_Temporality	Positive	14-24[0_69]	
14-18	3251-3255	them	Indirect Opinion[69]	_	_	_	
14-19	3256-3259	all	Indirect Opinion[69]	_	_	_	
14-20	3260-3263	day	Indirect Opinion[69]	_	_	_	
14-21	3264-3267	for	Indirect Opinion[69]	_	_	_	
14-22	3268-3272	work	Indirect Opinion[69]	_	_	_	
14-23	3273-3274	.	_	_	_	_	
14-24	3276-3284	IMPLICIT	Direct Aspect	Performance#Use Case Applicability	Positive	14-17[69_0]	
14-25	3285-3290	Would	Indirect Opinion[70]	Cost/Value	Positive	14-27[0_70]	
14-26	3291-3300	recommend	Indirect Opinion[70]	_	_	_	
14-27	3301-3309	IMPLICIT	Direct Aspect	_	_	_	

#Text=I have been wearing Brooks, Adrenalines for about 6 years and absolutely love them .  IMPLICIT The most recent pair I have purchased is very squeaky though .  IMPLICIT
15-1	3311-3312	I	_	_	_	_	
15-2	3313-3317	have	_	_	_	_	
15-3	3318-3322	been	_	_	_	_	
15-4	3323-3330	wearing	Direct Opinion[71]	ContextOfUse#Review\_Temporality	Neutral	15-5[72_71]	
15-5	3331-3337	Brooks	Direct Opinion[71]|Direct Aspect[72]	General	Positive	15-13[73_72]	
15-6	3337-3338	,	Direct Opinion[71]|Direct Aspect[72]	_	_	_	
15-7	3339-3350	Adrenalines	Direct Opinion[71]|Direct Aspect[72]	_	_	_	
15-8	3351-3354	for	Direct Opinion[71]	_	_	_	
15-9	3355-3360	about	Direct Opinion[71]	_	_	_	
15-10	3361-3362	6	Direct Opinion[71]	_	_	_	
15-11	3363-3368	years	Direct Opinion[71]	_	_	_	
15-12	3369-3372	and	_	_	_	_	
15-13	3373-3383	absolutely	Direct Opinion[73]	_	_	_	
15-14	3384-3388	love	Direct Opinion[73]	_	_	_	
15-15	3389-3393	them	_	_	_	_	
15-16	3394-3395	.	_	_	_	_	
15-17	3397-3405	IMPLICIT	Direct Aspect	_	_	_	
15-18	3406-3409	The	_	_	_	_	
15-19	3410-3414	most	_	_	_	_	
15-20	3415-3421	recent	Direct Opinion[74]	ContextOfUse#Purchase\_Context|Performance#Use Case Applicability	Neutral|Negative	15-17[0_74]|15-17[0_74]	
15-21	3422-3426	pair	Direct Opinion[74]	_	_	_	
15-22	3427-3428	I	Direct Opinion[74]	_	_	_	
15-23	3429-3433	have	Direct Opinion[74]	_	_	_	
15-24	3434-3443	purchased	Direct Opinion[74]	_	_	_	
15-25	3444-3446	is	Direct Opinion[74]	_	_	_	
15-26	3447-3451	very	Direct Opinion[74]	_	_	_	
15-27	3452-3459	squeaky	Direct Opinion[74]	_	_	_	
15-28	3460-3466	though	Direct Opinion[74]	_	_	_	
15-29	3467-3468	.	_	_	_	_	
15-30	3470-3478	IMPLICIT	_	_	_	_	

#Text=This is a really nice shoe .  IMPLICIT I bought this product for my husband and he really likes the shoe .  IMPLICIT Glad I stay on this website daily😊 IMPLICIT
16-1	3480-3484	This	_	_	_	_	
16-2	3485-3487	is	Direct Opinion[75]	_	_	_	
16-3	3488-3489	a	Direct Opinion[75]	_	_	_	
16-4	3490-3496	really	Direct Opinion[75]	_	_	_	
16-5	3497-3501	nice	Direct Opinion[75]	_	_	_	
16-6	3502-3506	shoe	Direct Aspect	General	Positive	16-2[75_0]	
16-7	3507-3508	.	_	_	_	_	
16-8	3510-3518	IMPLICIT	_	_	_	_	
16-9	3519-3520	I	_	_	_	_	
16-10	3521-3527	bought	Direct Opinion[76]	ContextOfUse#Purchase\_Context	Neutral	16-12[77_76]	
16-11	3528-3532	this	Direct Opinion[76]	_	_	_	
16-12	3533-3540	product	Direct Opinion[76]|Direct Aspect[77]	_	_	_	
16-13	3541-3544	for	Direct Opinion[76]	_	_	_	
16-14	3545-3547	my	Direct Opinion[76]	_	_	_	
16-15	3548-3555	husband	Direct Opinion[76]	_	_	_	
16-16	3556-3559	and	_	_	_	_	
16-17	3560-3562	he	Direct Opinion[78]	_	_	_	
16-18	3563-3569	really	Direct Opinion[78]	_	_	_	
16-19	3570-3575	likes	Direct Opinion[78]	_	_	_	
16-20	3576-3579	the	_	_	_	_	
16-21	3580-3584	shoe	Direct Aspect	General	Positive	16-17[78_0]	
16-22	3585-3586	.	_	_	_	_	
16-23	3588-3596	IMPLICIT	_	_	_	_	
16-24	3597-3601	Glad	Direct Opinion[79]	_	_	_	
16-25	3602-3603	I	Direct Opinion[79]	_	_	_	
16-26	3604-3608	stay	Direct Opinion[79]	_	_	_	
16-27	3609-3611	on	Direct Opinion[79]	_	_	_	
16-28	3612-3616	this	Direct Opinion[79]	_	_	_	
16-29	3617-3624	website	Direct Opinion[79]|Direct Aspect[80]	ContextOfUse#Purchase\_Context	Positive	16-24[79_80]	
16-30	3625-3630	daily	Direct Opinion[79]	_	_	_	
16-31	3630-3632	😊	_	_	_	_	
16-32	3633-3641	IMPLICIT	_	_	_	_	

#Text=Good all around sneakers for walking or jogging, does the job .  IMPLICIT
17-1	3643-3647	Good	Direct Opinion[81]	_	_	_	
17-2	3648-3651	all	Direct Opinion[81]	_	_	_	
17-3	3652-3658	around	Direct Opinion[81]	_	_	_	
17-4	3659-3667	sneakers	Direct Aspect	General	Positive	17-1[81_0]	
17-5	3668-3671	for	Direct Opinion[82]	Performance#Use Case Applicability	Positive	17-4[0_82]	
17-6	3672-3679	walking	Direct Opinion[82]	_	_	_	
17-7	3680-3682	or	Direct Opinion[82]	_	_	_	
17-8	3683-3690	jogging	Direct Opinion[82]	_	_	_	
17-9	3690-3691	,	Direct Opinion[82]	_	_	_	
17-10	3692-3696	does	Direct Opinion[82]	_	_	_	
17-11	3697-3700	the	Direct Opinion[82]	_	_	_	
17-12	3701-3704	job	Direct Opinion[82]	_	_	_	
17-13	3705-3706	.	_	_	_	_	
17-14	3708-3716	IMPLICIT	_	_	_	_	

#Text=The color on the site has neutral beige/brown tones, unfortunately, in person the color is all gray .  IMPLICIT Don't buy if you're expecting anything other than bland gray .  IMPLICIT Will be returning immediately .  IMPLICIT
18-1	3718-3721	The	_	_	_	_	
18-2	3722-3727	color	Direct Opinion[83]	_	_	_	
18-3	3728-3730	on	Direct Opinion[83]	_	_	_	
18-4	3731-3734	the	Direct Opinion[83]	_	_	_	
18-5	3735-3739	site	Direct Opinion[83]	_	_	_	
18-6	3740-3743	has	Direct Opinion[83]	_	_	_	
18-7	3744-3751	neutral	Direct Opinion[83]	_	_	_	
18-8	3752-3757	beige	Direct Opinion[83]	_	_	_	
18-9	3757-3758	/	Direct Opinion[83]	_	_	_	
18-10	3758-3763	brown	Direct Opinion[83]	_	_	_	
18-11	3764-3769	tones	Direct Opinion[83]	_	_	_	
18-12	3769-3770	,	_	_	_	_	
18-13	3771-3784	unfortunately	Direct Opinion[84]	_	_	_	
18-14	3784-3785	,	Direct Opinion[84]	_	_	_	
18-15	3786-3788	in	Direct Opinion[84]	_	_	_	
18-16	3789-3795	person	Direct Opinion[84]	_	_	_	
18-17	3796-3799	the	Direct Opinion[84]	_	_	_	
18-18	3800-3805	color	Direct Opinion[84]	_	_	_	
18-19	3806-3808	is	Direct Opinion[84]	_	_	_	
18-20	3809-3812	all	Direct Opinion[84]	_	_	_	
18-21	3813-3817	gray	Direct Opinion[84]	_	_	_	
18-22	3818-3819	.	_	_	_	_	
18-23	3821-3829	IMPLICIT	Direct Aspect	Appearance#Color|ContextOfUse#Purchase\_Context|Appearance#Color	Neutral|Neutral|Negative	18-2[83_0]|18-2[83_0]|18-13[84_0]	
18-24	3830-3835	Don't	Indirect Opinion[85]	Appearance#Color	Negative	18-35[0_85]	
18-25	3836-3839	buy	Indirect Opinion[85]	_	_	_	
18-26	3840-3842	if	Indirect Opinion[85]	_	_	_	
18-27	3843-3849	you're	Indirect Opinion[85]	_	_	_	
18-28	3850-3859	expecting	Indirect Opinion[85]	_	_	_	
18-29	3860-3868	anything	Indirect Opinion[85]	_	_	_	
18-30	3869-3874	other	Indirect Opinion[85]	_	_	_	
18-31	3875-3879	than	Indirect Opinion[85]	_	_	_	
18-32	3880-3885	bland	Indirect Opinion[85]	_	_	_	
18-33	3886-3890	gray	Indirect Opinion[85]	_	_	_	
18-34	3891-3892	.	_	_	_	_	
18-35	3894-3902	IMPLICIT	Direct Aspect	_	_	_	
18-36	3903-3907	Will	Indirect Opinion[86]	Cost/Value	Negative	18-41[0_86]	
18-37	3908-3910	be	Indirect Opinion[86]	_	_	_	
18-38	3911-3920	returning	Indirect Opinion[86]	_	_	_	
18-39	3921-3932	immediately	_	_	_	_	
18-40	3933-3934	.	_	_	_	_	
18-41	3936-3944	IMPLICIT	Direct Aspect	_	_	_	

#Text=My white laces on the Nast collab pair have dirt spots on the laces and thread coming out from a lace, out the package like wow the laces are shot and shoe hasn't even been worn yet .  IMPLICIT Thought I'd give Reebok a try again because of Nast and they threw that out the window .  IMPLICIT Not his fault it's Reebok and their manufacturer .  IMPLICIT Disappointed they ruined this shoe for me I was looking forward to his collab .  IMPLICIT
19-1	3946-3948	My	_	_	_	_	
19-2	3949-3954	white	Direct Opinion[87]|Direct Aspect[88]	Appearance#Shoe Component	Negative	19-2[88_87]	
19-3	3955-3960	laces	Direct Opinion[87]|Direct Aspect[88]	_	_	_	
19-4	3961-3963	on	Direct Opinion[87]	_	_	_	
19-5	3964-3967	the	Direct Opinion[87]	_	_	_	
19-6	3968-3972	Nast	Direct Opinion[87]	_	_	_	
19-7	3973-3979	collab	Direct Opinion[87]	_	_	_	
19-8	3980-3984	pair	Direct Opinion[87]	_	_	_	
19-9	3985-3989	have	Direct Opinion[87]	_	_	_	
19-10	3990-3994	dirt	Direct Opinion[87]	_	_	_	
19-11	3995-4000	spots	Direct Opinion[87]	_	_	_	
19-12	4001-4003	on	_	_	_	_	
19-13	4004-4007	the	_	_	_	_	
19-14	4008-4013	laces	_	_	_	_	
19-15	4014-4017	and	_	_	_	_	
19-16	4018-4024	thread	Direct Opinion[89]	Appearance#Shoe Component	Negative	19-21[90_89]	
19-17	4025-4031	coming	Direct Opinion[89]	_	_	_	
19-18	4032-4035	out	Direct Opinion[89]	_	_	_	
19-19	4036-4040	from	Direct Opinion[89]	_	_	_	
19-20	4041-4042	a	Direct Opinion[89]	_	_	_	
19-21	4043-4047	lace	Direct Opinion[89]|Direct Aspect[90]	_	_	_	
19-22	4047-4048	,	_	_	_	_	
19-23	4049-4052	out	_	_	_	_	
19-24	4053-4056	the	_	_	_	_	
19-25	4057-4064	package	_	_	_	_	
19-26	4065-4069	like	_	_	_	_	
19-27	4070-4073	wow	Direct Opinion[91]	Appearance#Shoe Component|Performance#Durability	Negative|Negative	19-29[92_91]|19-33[93_91]	
19-28	4074-4077	the	Direct Opinion[91]	_	_	_	
19-29	4078-4083	laces	Direct Opinion[91]|Direct Aspect[92]	_	_	_	
19-30	4084-4087	are	Direct Opinion[91]	_	_	_	
19-31	4088-4092	shot	Direct Opinion[91]	_	_	_	
19-32	4093-4096	and	Direct Opinion[91]	_	_	_	
19-33	4097-4101	shoe	Direct Opinion[91]|Direct Aspect[93]	_	_	_	
19-34	4102-4108	hasn't	Direct Opinion[91]	_	_	_	
19-35	4109-4113	even	Direct Opinion[91]	_	_	_	
19-36	4114-4118	been	Direct Opinion[91]	_	_	_	
19-37	4119-4123	worn	Direct Opinion[91]	_	_	_	
19-38	4124-4127	yet	Direct Opinion[91]	_	_	_	
19-39	4128-4129	.	_	_	_	_	
19-40	4131-4139	IMPLICIT	_	_	_	_	
19-41	4140-4147	Thought	_	_	_	_	
19-42	4148-4151	I'd	_	_	_	_	
19-43	4152-4156	give	_	_	_	_	
19-44	4157-4163	Reebok	Direct Aspect	_	_	_	
19-45	4164-4165	a	_	_	_	_	
19-46	4166-4169	try	_	_	_	_	
19-47	4170-4175	again	_	_	_	_	
19-48	4176-4183	because	_	_	_	_	
19-49	4184-4186	of	_	_	_	_	
19-50	4187-4191	Nast	_	_	_	_	
19-51	4192-4195	and	_	_	_	_	
19-52	4196-4200	they	Indirect Opinion[94]	Cost/Value	Negative	19-44[0_94]	
19-53	4201-4206	threw	Indirect Opinion[94]	_	_	_	
19-54	4207-4211	that	Indirect Opinion[94]	_	_	_	
19-55	4212-4215	out	Indirect Opinion[94]	_	_	_	
19-56	4216-4219	the	Indirect Opinion[94]	_	_	_	
19-57	4220-4226	window	Indirect Opinion[94]	_	_	_	
19-58	4227-4228	.	_	_	_	_	
19-59	4230-4238	IMPLICIT	_	_	_	_	
19-60	4239-4242	Not	_	_	_	_	
19-61	4243-4246	his	_	_	_	_	
19-62	4247-4252	fault	Indirect Opinion[95]	Appearance#Misc	Negative	19-64[96_95]	
19-63	4253-4257	it's	Indirect Opinion[95]	_	_	_	
19-64	4258-4264	Reebok	Indirect Opinion[95]|Direct Aspect[96]	_	_	_	
19-65	4265-4268	and	Indirect Opinion[95]	_	_	_	
19-66	4269-4274	their	Indirect Opinion[95]	_	_	_	
19-67	4275-4287	manufacturer	Indirect Opinion[95]	_	_	_	
19-68	4288-4289	.	_	_	_	_	
19-69	4291-4299	IMPLICIT	_	_	_	_	
19-70	4300-4312	Disappointed	Indirect Opinion[97]	Cost/Value	Negative	19-74[98_97]	
19-71	4313-4317	they	Indirect Opinion[97]	_	_	_	
19-72	4318-4324	ruined	Indirect Opinion[97]	_	_	_	
19-73	4325-4329	this	Indirect Opinion[97]	_	_	_	
19-74	4330-4334	shoe	Indirect Opinion[97]|Direct Aspect[98]	_	_	_	
19-75	4335-4338	for	Indirect Opinion[97]	_	_	_	
19-76	4339-4341	me	Indirect Opinion[97]	_	_	_	
19-77	4342-4343	I	Indirect Opinion[97]	_	_	_	
19-78	4344-4347	was	Indirect Opinion[97]	_	_	_	
19-79	4348-4355	looking	Indirect Opinion[97]	_	_	_	
19-80	4356-4363	forward	Indirect Opinion[97]	_	_	_	
19-81	4364-4366	to	Indirect Opinion[97]	_	_	_	
19-82	4367-4370	his	Indirect Opinion[97]	_	_	_	
19-83	4371-4377	collab	Indirect Opinion[97]	_	_	_	
19-84	4378-4379	.	_	_	_	_	
19-85	4381-4389	IMPLICIT	_	_	_	_	

#Text=These are so comfortable .  IMPLICIT I had to get a bigger size due to them being a little narrow for my liking .  IMPLICIT The exchange was painless and quick .  IMPLICIT
20-1	4391-4396	These	_	_	_	_	
20-2	4397-4400	are	_	_	_	_	
20-3	4401-4403	so	Direct Opinion[99]	_	_	_	
20-4	4404-4415	comfortable	Direct Opinion[99]	_	_	_	
20-5	4416-4417	.	_	_	_	_	
20-6	4419-4427	IMPLICIT	Direct Aspect	Performance#Comfort	Positive	20-3[99_0]	
20-7	4428-4429	I	_	_	_	_	
20-8	4430-4433	had	_	_	_	_	
20-9	4434-4436	to	_	_	_	_	
20-10	4437-4440	get	Direct Opinion[100]	_	_	_	
20-11	4441-4442	a	Direct Opinion[100]	_	_	_	
20-12	4443-4449	bigger	Direct Opinion[100]	_	_	_	
20-13	4450-4454	size	Direct Opinion[100]	_	_	_	
20-14	4455-4458	due	Direct Opinion[100]	_	_	_	
20-15	4459-4461	to	Direct Opinion[100]	_	_	_	
20-16	4462-4466	them	Direct Opinion[100]	_	_	_	
20-17	4467-4472	being	Direct Opinion[100]	_	_	_	
20-18	4473-4474	a	Direct Opinion[100]	_	_	_	
20-19	4475-4481	little	Direct Opinion[100]	_	_	_	
20-20	4482-4488	narrow	Direct Opinion[100]	_	_	_	
20-21	4489-4492	for	_	_	_	_	
20-22	4493-4495	my	_	_	_	_	
20-23	4496-4502	liking	_	_	_	_	
20-24	4503-4504	.	_	_	_	_	
20-25	4506-4514	IMPLICIT	Direct Aspect	Performance#Sizing/Fit	Negative	20-10[100_0]	
20-26	4515-4518	The	_	_	_	_	
20-27	4519-4527	exchange	Direct Opinion[101]	_	_	_	
20-28	4528-4531	was	Direct Opinion[101]	_	_	_	
20-29	4532-4540	painless	Direct Opinion[101]	_	_	_	
20-30	4541-4544	and	Direct Opinion[101]	_	_	_	
20-31	4545-4550	quick	Direct Opinion[101]	_	_	_	
20-32	4551-4552	.	_	_	_	_	
20-33	4554-4562	IMPLICIT	Direct Aspect	ContextOfUse#Purchase\_Context	Positive	20-27[101_0]	

#Text=I ordered this sneaker in the size I normally wear and in a wide width in order to accommodate my bunion .  IMPLICIT The sneaker is extremely well made .  IMPLICIT It's a solid shoe and very cute .  IMPLICIT The width was great, but the length was too short .  IMPLICIT My toes were right at the end .  IMPLICIT Unfortunately I had to send them back .  IMPLICIT
21-1	4564-4565	I	_	_	_	_	
21-2	4566-4573	ordered	Direct Opinion[102]	ContextOfUse#Purchase\_Context	Neutral	21-4[103_102]	
21-3	4574-4578	this	Direct Opinion[102]	_	_	_	
21-4	4579-4586	sneaker	Direct Opinion[102]|Direct Aspect[103]	_	_	_	
21-5	4587-4589	in	Direct Opinion[102]	_	_	_	
21-6	4590-4593	the	Direct Opinion[102]	_	_	_	
21-7	4594-4598	size	Direct Opinion[102]	_	_	_	
21-8	4599-4600	I	Direct Opinion[102]	_	_	_	
21-9	4601-4609	normally	Direct Opinion[102]	_	_	_	
21-10	4610-4614	wear	Direct Opinion[102]	_	_	_	
21-11	4615-4618	and	Direct Opinion[102]	_	_	_	
21-12	4619-4621	in	Direct Opinion[102]	_	_	_	
21-13	4622-4623	a	Direct Opinion[102]	_	_	_	
21-14	4624-4628	wide	Direct Opinion[102]	_	_	_	
21-15	4629-4634	width	Direct Opinion[102]	_	_	_	
21-16	4635-4637	in	_	_	_	_	
21-17	4638-4643	order	_	_	_	_	
21-18	4644-4646	to	_	_	_	_	
21-19	4647-4658	accommodate	_	_	_	_	
21-20	4659-4661	my	_	_	_	_	
21-21	4662-4668	bunion	_	_	_	_	
21-22	4669-4670	.	_	_	_	_	
21-23	4672-4680	IMPLICIT	_	_	_	_	
21-24	4681-4684	The	_	_	_	_	
21-25	4685-4692	sneaker	Direct Aspect	_	_	_	
21-26	4693-4695	is	_	_	_	_	
21-27	4696-4705	extremely	Direct Opinion[104]	Appearance#Misc	Positive	21-25[0_104]	
21-28	4706-4710	well	Direct Opinion[104]	_	_	_	
21-29	4711-4715	made	Direct Opinion[104]	_	_	_	
21-30	4716-4717	.	_	_	_	_	
21-31	4719-4727	IMPLICIT	_	_	_	_	
21-32	4728-4732	It's	Direct Opinion[105]	_	_	_	
21-33	4733-4734	a	Direct Opinion[105]	_	_	_	
21-34	4735-4740	solid	Direct Opinion[105]	_	_	_	
21-35	4741-4745	shoe	Direct Opinion[105]|Direct Aspect[106]	General	Positive	21-32[105_106]	
21-36	4746-4749	and	_	_	_	_	
21-37	4750-4754	very	Direct Opinion[107]	Appearance#General	Positive	21-35[106_107]	
21-38	4755-4759	cute	Direct Opinion[107]	_	_	_	
21-39	4760-4761	.	_	_	_	_	
21-40	4763-4771	IMPLICIT	_	_	_	_	
21-41	4772-4775	The	_	_	_	_	
21-42	4776-4781	width	Direct Opinion[108]|Direct Aspect[109]	Appearance#Shoe Component|Appearance#Shoe Component	Positive|Negative	21-42[109_108]|21-48[110_108]	
21-43	4782-4785	was	Direct Opinion[108]	_	_	_	
21-44	4786-4791	great	Direct Opinion[108]	_	_	_	
21-45	4791-4792	,	Direct Opinion[108]	_	_	_	
21-46	4793-4796	but	Direct Opinion[108]	_	_	_	
21-47	4797-4800	the	Direct Opinion[108]	_	_	_	
21-48	4801-4807	length	Direct Opinion[108]|Direct Aspect[110]	_	_	_	
21-49	4808-4811	was	Direct Opinion[108]	_	_	_	
21-50	4812-4815	too	Direct Opinion[108]	_	_	_	
21-51	4816-4821	short	Direct Opinion[108]	_	_	_	
21-52	4822-4823	.	_	_	_	_	
21-53	4825-4833	IMPLICIT	Direct Aspect	Performance#Sizing/Fit	Neutral	21-42[108_0]	
21-54	4834-4836	My	_	_	_	_	
21-55	4837-4841	toes	Direct Aspect	_	_	_	
21-56	4842-4846	were	Direct Opinion[111]	Appearance#Shoe Component	Negative	21-55[0_111]	
21-57	4847-4852	right	Direct Opinion[111]	_	_	_	
21-58	4853-4855	at	Direct Opinion[111]	_	_	_	
21-59	4856-4859	the	Direct Opinion[111]	_	_	_	
21-60	4860-4863	end	Direct Opinion[111]	_	_	_	
21-61	4864-4865	.	_	_	_	_	
21-62	4867-4875	IMPLICIT	_	_	_	_	
21-63	4876-4889	Unfortunately	Indirect Opinion[112]	_	_	_	
21-64	4890-4891	I	Indirect Opinion[112]	_	_	_	
21-65	4892-4895	had	Indirect Opinion[112]	_	_	_	
21-66	4896-4898	to	Indirect Opinion[112]	_	_	_	
21-67	4899-4903	send	Indirect Opinion[112]	_	_	_	
21-68	4904-4908	them	Indirect Opinion[112]	_	_	_	
21-69	4909-4913	back	Indirect Opinion[112]	_	_	_	
21-70	4914-4915	.	_	_	_	_	
21-71	4917-4925	IMPLICIT	Direct Aspect	Cost/Value	Negative	21-63[112_0]	

#Text=What has happened to quality of this company !  ?  IMPLICIT Returned .  IMPLICIT Did not even get to put on my foot .  IMPLICIT Lace loop broke loose from shoe soon as I started to put a lace in it .  IMPLICIT 2nd shoe never even removed from box .  IMPLICIT After all these years I'm thinking of changing brands .  IMPLICIT
22-1	4927-4931	What	Direct Opinion[113]	_	_	_	
22-2	4932-4935	has	Direct Opinion[113]	_	_	_	
22-3	4936-4944	happened	Direct Opinion[113]	_	_	_	
22-4	4945-4947	to	Direct Opinion[113]	_	_	_	
22-5	4948-4955	quality	Direct Opinion[113]	_	_	_	
22-6	4956-4958	of	_	_	_	_	
22-7	4959-4963	this	_	_	_	_	
22-8	4964-4971	company	_	_	_	_	
22-9	4972-4973	!	_	_	_	_	
22-10	4975-4976	?	_	_	_	_	
22-11	4978-4986	IMPLICIT	Direct Aspect	Appearance#Misc|Cost/Value	Negative|Negative	22-1[113_0]|22-12	
22-12	4987-4995	Returned	Direct Opinion	_	_	_	
22-13	4996-4997	.	_	_	_	_	
22-14	4999-5007	IMPLICIT	_	_	_	_	
22-15	5008-5011	Did	_	_	_	_	
22-16	5012-5015	not	Indirect Opinion[114]	General	Negative	22-25[0_114]	
22-17	5016-5020	even	Indirect Opinion[114]	_	_	_	
22-18	5021-5024	get	Indirect Opinion[114]	_	_	_	
22-19	5025-5027	to	Indirect Opinion[114]	_	_	_	
22-20	5028-5031	put	Indirect Opinion[114]	_	_	_	
22-21	5032-5034	on	Indirect Opinion[114]	_	_	_	
22-22	5035-5037	my	Indirect Opinion[114]	_	_	_	
22-23	5038-5042	foot	Indirect Opinion[114]	_	_	_	
22-24	5043-5044	.	_	_	_	_	
22-25	5046-5054	IMPLICIT	Direct Aspect	_	_	_	
22-26	5055-5059	Lace	Direct Opinion[115]|Direct Aspect[116]	Appearance#Shoe Component|Performance#Durability	Negative|Negative	22-26[116_115]|22-31[117_115]	
22-27	5060-5064	loop	Direct Opinion[115]|Direct Aspect[116]	_	_	_	
22-28	5065-5070	broke	Direct Opinion[115]	_	_	_	
22-29	5071-5076	loose	Direct Opinion[115]	_	_	_	
22-30	5077-5081	from	Direct Opinion[115]	_	_	_	
22-31	5082-5086	shoe	Direct Opinion[115]|Direct Aspect[117]	_	_	_	
22-32	5087-5091	soon	Direct Opinion[115]	_	_	_	
22-33	5092-5094	as	Direct Opinion[115]	_	_	_	
22-34	5095-5096	I	Direct Opinion[115]	_	_	_	
22-35	5097-5104	started	Direct Opinion[115]	_	_	_	
22-36	5105-5107	to	Direct Opinion[115]	_	_	_	
22-37	5108-5111	put	Direct Opinion[115]	_	_	_	
22-38	5112-5113	a	Direct Opinion[115]	_	_	_	
22-39	5114-5118	lace	Direct Opinion[115]	_	_	_	
22-40	5119-5121	in	_	_	_	_	
22-41	5122-5124	it	_	_	_	_	
22-42	5125-5126	.	_	_	_	_	
22-43	5128-5136	IMPLICIT	_	_	_	_	
22-44	5137-5140	2nd	_	_	_	_	
22-45	5141-5145	shoe	Direct Opinion[118]|Direct Aspect[119]	Cost/Value	Negative	22-45[119_118]	
22-46	5146-5151	never	Direct Opinion[118]	_	_	_	
22-47	5152-5156	even	Direct Opinion[118]	_	_	_	
22-48	5157-5164	removed	Direct Opinion[118]	_	_	_	
22-49	5165-5169	from	Direct Opinion[118]	_	_	_	
22-50	5170-5173	box	Direct Opinion[118]	_	_	_	
22-51	5174-5175	.	_	_	_	_	
22-52	5177-5185	IMPLICIT	_	_	_	_	
22-53	5186-5191	After	_	_	_	_	
22-54	5192-5195	all	_	_	_	_	
22-55	5196-5201	these	_	_	_	_	
22-56	5202-5207	years	_	_	_	_	
22-57	5208-5211	I'm	_	_	_	_	
22-58	5212-5220	thinking	Indirect Opinion[120]	Cost/Value	Negative	22-63[0_120]	
22-59	5221-5223	of	Indirect Opinion[120]	_	_	_	
22-60	5224-5232	changing	Indirect Opinion[120]	_	_	_	
22-61	5233-5239	brands	Indirect Opinion[120]	_	_	_	
22-62	5240-5241	.	_	_	_	_	
22-63	5243-5251	IMPLICIT	Direct Aspect	_	_	_	

#Text=I've worn New Balance 990s forever and thought I'd try the 574 for casual wear .  IMPLICIT Unfortunately the 574, even in my normal 4E, was too narrow .  IMPLICIT After trying  my usual size and a half size larger, I gave up .  IMPLICIT Too bad .  IMPLICIT It's a nice looking shoe .  IMPLICIT
23-1	5253-5257	I've	_	_	_	_	
23-2	5258-5262	worn	_	_	_	_	
23-3	5263-5266	New	_	_	_	_	
23-4	5267-5274	Balance	_	_	_	_	
23-5	5275-5279	990s	_	_	_	_	
23-6	5280-5287	forever	_	_	_	_	
23-7	5288-5291	and	_	_	_	_	
23-8	5292-5299	thought	_	_	_	_	
23-9	5300-5303	I'd	_	_	_	_	
23-10	5304-5307	try	Indirect Opinion[121]	ContextOfUse#Use case	Neutral	23-12[122_121]	
23-11	5308-5311	the	Indirect Opinion[121]	_	_	_	
23-12	5312-5315	574	Indirect Opinion[121]|Direct Aspect[122]	_	_	_	
23-13	5316-5319	for	Indirect Opinion[121]	_	_	_	
23-14	5320-5326	casual	Indirect Opinion[121]	_	_	_	
23-15	5327-5331	wear	Indirect Opinion[121]	_	_	_	
23-16	5332-5333	.	_	_	_	_	
23-17	5335-5343	IMPLICIT	_	_	_	_	
23-18	5344-5357	Unfortunately	_	_	_	_	
23-19	5358-5361	the	_	_	_	_	
23-20	5362-5365	574	Direct Aspect	_	_	_	
23-21	5365-5366	,	_	_	_	_	
23-22	5367-5371	even	_	_	_	_	
23-23	5372-5374	in	_	_	_	_	
23-24	5375-5377	my	_	_	_	_	
23-25	5378-5384	normal	_	_	_	_	
23-26	5385-5387	4E	_	_	_	_	
23-27	5387-5388	,	_	_	_	_	
23-28	5389-5392	was	_	_	_	_	
23-29	5393-5396	too	Indirect Opinion[123]	Performance#Sizing/Fit	Negative	23-20[0_123]	
23-30	5397-5403	narrow	Indirect Opinion[123]	_	_	_	
23-31	5404-5405	.	_	_	_	_	
23-32	5407-5415	IMPLICIT	_	_	_	_	
23-33	5416-5421	After	_	_	_	_	
23-34	5422-5428	trying	Indirect Opinion[124]	_	_	_	
23-35	5430-5432	my	Indirect Opinion[124]	_	_	_	
23-36	5433-5438	usual	Indirect Opinion[124]	_	_	_	
23-37	5439-5443	size	Indirect Opinion[124]	_	_	_	
23-38	5444-5447	and	Indirect Opinion[124]	_	_	_	
23-39	5448-5449	a	Indirect Opinion[124]	_	_	_	
23-40	5450-5454	half	Indirect Opinion[124]	_	_	_	
23-41	5455-5459	size	Indirect Opinion[124]	_	_	_	
23-42	5460-5466	larger	Indirect Opinion[124]	_	_	_	
23-43	5466-5467	,	Indirect Opinion[124]	_	_	_	
23-44	5468-5469	I	Indirect Opinion[124]	_	_	_	
23-45	5470-5474	gave	Indirect Opinion[124]	_	_	_	
23-46	5475-5477	up	Indirect Opinion[124]	_	_	_	
23-47	5478-5479	.	_	_	_	_	
23-48	5481-5489	IMPLICIT	Direct Aspect	Performance#Sizing/Fit	Negative	23-34[124_0]	
23-49	5490-5493	Too	Direct Opinion[125]	General	Negative	23-48[0_125]	
23-50	5494-5497	bad	Direct Opinion[125]	_	_	_	
23-51	5498-5499	.	_	_	_	_	
23-52	5501-5509	IMPLICIT	_	_	_	_	
23-53	5510-5514	It's	Direct Opinion[126]	_	_	_	
23-54	5515-5516	a	Direct Opinion[126]	_	_	_	
23-55	5517-5521	nice	Direct Opinion[126]	_	_	_	
23-56	5522-5529	looking	Direct Opinion[126]	_	_	_	
23-57	5530-5534	shoe	Direct Aspect	Appearance#General	Positive	23-53[126_0]	
23-58	5535-5536	.	_	_	_	_	
23-59	5538-5546	IMPLICIT	_	_	_	_	

#Text=My husband loved his new balance  .  IMPLICIT He has always used Nikes  and has wide feet and it wasn't easy finding a Nike shoe to fit properly But trying New Balance we are so satisfied and very happy  .  IMPLICIT From now on we are Only  purchasing New balance tennis shoes   .  IMPLICIT
24-1	5548-5550	My	_	_	_	_	
24-2	5551-5558	husband	Direct Opinion[127]	_	_	_	
24-3	5559-5564	loved	Direct Opinion[127]	_	_	_	
24-4	5565-5568	his	Direct Opinion[127]	_	_	_	
24-5	5569-5572	new	Direct Aspect[128]	General	Positive	24-2[127_128]	
24-6	5573-5580	balance	Direct Aspect[128]	_	_	_	
24-7	5582-5583	.	_	_	_	_	
24-8	5585-5593	IMPLICIT	_	_	_	_	
24-9	5594-5596	He	_	_	_	_	
24-10	5597-5600	has	_	_	_	_	
24-11	5601-5607	always	_	_	_	_	
24-12	5608-5612	used	_	_	_	_	
24-13	5613-5618	Nikes	_	_	_	_	
24-14	5620-5623	and	_	_	_	_	
24-15	5624-5627	has	_	_	_	_	
24-16	5628-5632	wide	Direct Opinion[129]	Performance#Sizing/Fit	Negative	24-24[130_129]	
24-17	5633-5637	feet	Direct Opinion[129]	_	_	_	
24-18	5638-5641	and	Direct Opinion[129]	_	_	_	
24-19	5642-5644	it	Direct Opinion[129]	_	_	_	
24-20	5645-5651	wasn't	Direct Opinion[129]	_	_	_	
24-21	5652-5656	easy	Direct Opinion[129]	_	_	_	
24-22	5657-5664	finding	Direct Opinion[129]	_	_	_	
24-23	5665-5666	a	Direct Opinion[129]	_	_	_	
24-24	5667-5671	Nike	Direct Opinion[129]|Direct Aspect[130]	_	_	_	
24-25	5672-5676	shoe	Direct Opinion[129]|Direct Aspect[130]	_	_	_	
24-26	5677-5679	to	Direct Opinion[129]	_	_	_	
24-27	5680-5683	fit	Direct Opinion[129]	_	_	_	
24-28	5684-5692	properly	Direct Opinion[129]	_	_	_	
24-29	5693-5696	But	_	_	_	_	
24-30	5697-5703	trying	_	_	_	_	
24-31	5704-5707	New	Direct Aspect[131]	_	_	_	
24-32	5708-5715	Balance	Direct Aspect[131]	_	_	_	
24-33	5716-5718	we	_	_	_	_	
24-34	5719-5722	are	_	_	_	_	
24-35	5723-5725	so	Direct Opinion[132]	General	Positive	24-31[131_132]	
24-36	5726-5735	satisfied	Direct Opinion[132]	_	_	_	
24-37	5736-5739	and	Direct Opinion[132]	_	_	_	
24-38	5740-5744	very	Direct Opinion[132]	_	_	_	
24-39	5745-5750	happy	Direct Opinion[132]	_	_	_	
24-40	5752-5753	.	_	_	_	_	
24-41	5755-5763	IMPLICIT	_	_	_	_	
24-42	5764-5768	From	_	_	_	_	
24-43	5769-5772	now	Direct Opinion[133]	_	_	_	
24-44	5773-5775	on	Direct Opinion[133]	_	_	_	
24-45	5776-5778	we	Direct Opinion[133]	_	_	_	
24-46	5779-5782	are	Direct Opinion[133]	_	_	_	
24-47	5783-5787	Only	Direct Opinion[133]	_	_	_	
24-48	5789-5799	purchasing	Direct Opinion[133]	_	_	_	
24-49	5800-5803	New	Direct Aspect[134]	Cost/Value	Positive	24-43[133_134]	
24-50	5804-5811	balance	Direct Aspect[134]	_	_	_	
24-51	5812-5818	tennis	Direct Aspect[134]	_	_	_	
24-52	5819-5824	shoes	Direct Aspect[134]	_	_	_	
24-53	5827-5828	.	_	_	_	_	
24-54	5830-5838	IMPLICIT	_	_	_	_	

#Text=We had to order one size smaller but they're so comfortable !  IMPLICIT Thank you .  .  IMPLICIT
25-1	5840-5842	We	_	_	_	_	
25-2	5843-5846	had	Indirect Opinion[135]	Performance#Sizing/Fit	Negative	25-13[0_135]	
25-3	5847-5849	to	Indirect Opinion[135]	_	_	_	
25-4	5850-5855	order	Indirect Opinion[135]	_	_	_	
25-5	5856-5859	one	Indirect Opinion[135]	_	_	_	
25-6	5860-5864	size	Indirect Opinion[135]	_	_	_	
25-7	5865-5872	smaller	Indirect Opinion[135]	_	_	_	
25-8	5873-5876	but	_	_	_	_	
25-9	5877-5884	they're	Direct Opinion[136]	_	_	_	
25-10	5885-5887	so	Direct Opinion[136]	_	_	_	
25-11	5888-5899	comfortable	Direct Opinion[136]	_	_	_	
25-12	5900-5901	!	_	_	_	_	
25-13	5903-5911	IMPLICIT	Direct Aspect	ContextOfUse#Purchase\_Context|Performance#Comfort	Neutral|Positive	25-2[135_0]|25-9[136_0]	
25-14	5912-5917	Thank	_	_	_	_	
25-15	5918-5921	you	_	_	_	_	
25-16	5922-5923	.	_	_	_	_	
25-17	5925-5926	.	_	_	_	_	
25-18	5928-5936	IMPLICIT	_	_	_	_	
