#FORMAT=WebAnno TSV 3.3
#T_SP=webanno.custom.Aspect|MentionType
#T_RL=webanno.custom.Sentiment|Category|Polarity|BT_webanno.custom.Aspect


#Text=I think they are comfortable but the left shoe squeaks every time I walk and it is super annoying .  IMPLICIT The right shoe is great and the pair I bought for my daughter is great too .  IMPLICIT But I don't like my crocs because the left shoe squeaks when I walk IMPLICIT
1-1	0-1	I	Direct Opinion[1]	Performance#Comfort	Positive	1-21[3_1]	
1-2	2-7	think	Direct Opinion[1]	_	_	_	
1-3	8-12	they	Direct Opinion[1]	_	_	_	
1-4	13-16	are	Direct Opinion[1]	_	_	_	
1-5	17-28	comfortable	Direct Opinion[1]	_	_	_	
1-6	29-32	but	Indirect Opinion[2]	Performance#General	Negative	1-21[4_2]	
1-7	33-36	the	Indirect Opinion[2]	_	_	_	
1-8	37-41	left	Indirect Opinion[2]	_	_	_	
1-9	42-46	shoe	Indirect Opinion[2]	_	_	_	
1-10	47-54	squeaks	Indirect Opinion[2]	_	_	_	
1-11	55-60	every	Indirect Opinion[2]	_	_	_	
1-12	61-65	time	Indirect Opinion[2]	_	_	_	
1-13	66-67	I	Indirect Opinion[2]	_	_	_	
1-14	68-72	walk	Indirect Opinion[2]	_	_	_	
1-15	73-76	and	Indirect Opinion[2]	_	_	_	
1-16	77-79	it	Indirect Opinion[2]	_	_	_	
1-17	80-82	is	Indirect Opinion[2]	_	_	_	
1-18	83-88	super	Indirect Opinion[2]	_	_	_	
1-19	89-97	annoying	Indirect Opinion[2]	_	_	_	
1-20	98-99	.	_	_	_	_	
1-21	101-109	IMPLICIT	Direct Aspect[3]|Direct Aspect[4]|Direct Aspect[5]	_	_	_	
1-22	110-113	The	Direct Opinion[6]	Performance#General	Positive	1-21[5_6]	
1-23	114-119	right	Direct Opinion[6]	_	_	_	
1-24	120-124	shoe	Direct Opinion[6]	_	_	_	
1-25	125-127	is	Direct Opinion[6]	_	_	_	
1-26	128-133	great	Direct Opinion[6]	_	_	_	
1-27	134-137	and	Direct Opinion[6]	_	_	_	
1-28	138-141	the	Direct Opinion[6]	_	_	_	
1-29	142-146	pair	Direct Opinion[6]	_	_	_	
1-30	147-148	I	Direct Opinion[6]	_	_	_	
1-31	149-155	bought	Direct Opinion[6]	_	_	_	
1-32	156-159	for	Direct Opinion[6]	_	_	_	
1-33	160-162	my	Direct Opinion[6]	_	_	_	
1-34	163-171	daughter	Direct Opinion[6]	_	_	_	
1-35	172-174	is	Direct Opinion[6]	_	_	_	
1-36	175-180	great	Direct Opinion[6]	_	_	_	
1-37	181-184	too	Direct Opinion[6]	_	_	_	
1-38	185-186	.	_	_	_	_	
1-39	188-196	IMPLICIT	_	_	_	_	
1-40	197-200	But	Indirect Opinion[7]	Misc	Negative	1-45[8_7]	
1-41	201-202	I	Indirect Opinion[7]	_	_	_	
1-42	203-208	don't	Indirect Opinion[7]	_	_	_	
1-43	209-213	like	Indirect Opinion[7]	_	_	_	
1-44	214-216	my	_	_	_	_	
1-45	217-222	crocs	Direct Aspect[8]|Direct Aspect[9]	_	_	_	
1-46	223-230	because	Indirect Opinion[10]	Performance#Support/Stability	Negative	1-45[9_10]	
1-47	231-234	the	Indirect Opinion[10]	_	_	_	
1-48	235-239	left	Indirect Opinion[10]	_	_	_	
1-49	240-244	shoe	Indirect Opinion[10]	_	_	_	
1-50	245-252	squeaks	Indirect Opinion[10]	_	_	_	
1-51	253-257	when	Indirect Opinion[10]	_	_	_	
1-52	258-259	I	Indirect Opinion[10]	_	_	_	
1-53	260-264	walk	Indirect Opinion[10]	_	_	_	
1-54	265-273	IMPLICIT	_	_	_	_	

#Text=I would have given sneaker a 5 out of 5 if the shoe laces were longer .  IMPLICIT Very difficult to tie a mini bow on these sneakers .  IMPLICIT
2-1	275-276	I	Indirect Opinion[11]	Performance#General	Neutral	2-18[12_11]	
2-2	277-282	would	Indirect Opinion[11]	_	_	_	
2-3	283-287	have	Indirect Opinion[11]	_	_	_	
2-4	288-293	given	Indirect Opinion[11]	_	_	_	
2-5	294-301	sneaker	Indirect Opinion[11]	_	_	_	
2-6	302-303	a	Indirect Opinion[11]	_	_	_	
2-7	304-305	5	Indirect Opinion[11]	_	_	_	
2-8	306-309	out	Indirect Opinion[11]	_	_	_	
2-9	310-312	of	Indirect Opinion[11]	_	_	_	
2-10	313-314	5	Indirect Opinion[11]	_	_	_	
2-11	315-317	if	Indirect Opinion[11]	_	_	_	
2-12	318-321	the	Indirect Opinion[11]	_	_	_	
2-13	322-326	shoe	Indirect Opinion[11]	_	_	_	
2-14	327-332	laces	Indirect Opinion[11]	_	_	_	
2-15	333-337	were	Indirect Opinion[11]	_	_	_	
2-16	338-344	longer	Indirect Opinion[11]	_	_	_	
2-17	345-346	.	_	_	_	_	
2-18	348-356	IMPLICIT	Direct Aspect[12]|Direct Aspect[13]	_	_	_	
2-19	357-361	Very	Direct Opinion[14]	Appearance#Shoe Component	Negative	2-18[13_14]	
2-20	362-371	difficult	Direct Opinion[14]	_	_	_	
2-21	372-374	to	Direct Opinion[14]	_	_	_	
2-22	375-378	tie	Direct Opinion[14]	_	_	_	
2-23	379-380	a	Direct Opinion[14]	_	_	_	
2-24	381-385	mini	Direct Opinion[14]	_	_	_	
2-25	386-389	bow	Direct Opinion[14]	_	_	_	
2-26	390-392	on	Direct Opinion[14]	_	_	_	
2-27	393-398	these	Direct Opinion[14]	_	_	_	
2-28	399-407	sneakers	Direct Opinion[14]	_	_	_	
2-29	408-409	.	Direct Opinion[14]	_	_	_	
2-30	411-419	IMPLICIT	Direct Opinion[14]	_	_	_	

#Text=These tennis shoes are very comfortable .  IMPLICIT I own every color they sale .  IMPLICIT I highly recommend them .  IMPLICIT
3-1	421-426	These	Direct Opinion[15]	Performance#Comfort	Positive	3-8[16_15]	
3-2	427-433	tennis	Direct Opinion[15]	_	_	_	
3-3	434-439	shoes	Direct Opinion[15]	_	_	_	
3-4	440-443	are	Direct Opinion[15]	_	_	_	
3-5	444-448	very	Direct Opinion[15]	_	_	_	
3-6	449-460	comfortable	Direct Opinion[15]	_	_	_	
3-7	461-462	.	_	_	_	_	
3-8	464-472	IMPLICIT	Direct Aspect[16]|Direct Aspect[17]	_	_	_	
3-9	473-474	I	Direct Opinion[18]	Appearance#Color	Positive	3-8[17_18]	
3-10	475-478	own	Direct Opinion[18]	_	_	_	
3-11	479-484	every	Direct Opinion[18]	_	_	_	
3-12	485-490	color	Direct Opinion[18]	_	_	_	
3-13	491-495	they	Direct Opinion[18]	_	_	_	
3-14	496-500	sale	Direct Opinion[18]	_	_	_	
3-15	501-502	.	_	_	_	_	
3-16	504-512	IMPLICIT	Direct Aspect	_	_	_	
3-17	513-514	I	Direct Opinion[19]	ContextOfUse#Purchase\_Context	Positive	3-16[0_19]	
3-18	515-521	highly	Direct Opinion[19]	_	_	_	
3-19	522-531	recommend	Direct Opinion[19]	_	_	_	
3-20	532-536	them	Direct Opinion[19]	_	_	_	
3-21	537-538	.	_	_	_	_	
3-22	540-548	IMPLICIT	_	_	_	_	

#Text=I do a lot of walking .  IMPLICIT In the past I have always worn the 577 model, size 10, but those were not available .  IMPLICIT These were also size 10, but there was a little room for my foot to slide back and forth .  IMPLICIT I am pretty sure a  half size smaller, would have been too tight .  IMPLICIT Otherwise, they appeared well-made and if it weren't for the size problem, they would have been fine .  IMPLICIT
4-1	550-551	I	Direct Opinion[20]	ContextOfUse#Use case	Positive	4-8[0_20]	
4-2	552-554	do	Direct Opinion[20]	_	_	_	
4-3	555-556	a	Direct Opinion[20]	_	_	_	
4-4	557-560	lot	Direct Opinion[20]	_	_	_	
4-5	561-563	of	Direct Opinion[20]	_	_	_	
4-6	564-571	walking	Direct Opinion[20]	_	_	_	
4-7	572-573	.	_	_	_	_	
4-8	575-583	IMPLICIT	Direct Aspect	_	_	_	
4-9	584-586	In	Direct Opinion[21]	Performance#General	Positive	4-17[23_21]	
4-10	587-590	the	Direct Opinion[21]	_	_	_	
4-11	591-595	past	Direct Opinion[21]	_	_	_	
4-12	596-597	I	Direct Opinion[21]	_	_	_	
4-13	598-602	have	Direct Opinion[21]	_	_	_	
4-14	603-609	always	Direct Opinion[21]	_	_	_	
4-15	610-614	worn	Direct Opinion[21]	_	_	_	
4-16	615-618	the	Direct Opinion[21]	_	_	_	
4-17	619-622	577	Direct Aspect[22]|Direct Aspect[23]	_	_	_	
4-18	623-628	model	Direct Aspect[22]|Direct Aspect[23]	_	_	_	
4-19	628-629	,	Direct Aspect[22]	_	_	_	
4-20	630-634	size	Direct Opinion[24]	ContextOfUse#Purchase\_Context	Negative	4-17[22_24]	
4-21	635-637	10	Direct Opinion[24]	_	_	_	
4-22	637-638	,	Direct Opinion[24]	_	_	_	
4-23	639-642	but	Direct Opinion[24]	_	_	_	
4-24	643-648	those	Direct Opinion[24]	_	_	_	
4-25	649-653	were	Direct Opinion[24]	_	_	_	
4-26	654-657	not	Direct Opinion[24]	_	_	_	
4-27	658-667	available	Direct Opinion[24]	_	_	_	
4-28	668-669	.	_	_	_	_	
4-29	671-679	IMPLICIT	_	_	_	_	
4-30	680-685	These	Indirect Opinion[25]|Direct Aspect[26]|Direct Aspect[27]	Performance#Sizing/Fit	Negative	4-30[26_25]	
4-31	686-690	were	Indirect Opinion[25]	_	_	_	
4-32	691-695	also	Indirect Opinion[25]	_	_	_	
4-33	696-700	size	Indirect Opinion[25]	_	_	_	
4-34	701-703	10	Indirect Opinion[25]	_	_	_	
4-35	703-704	,	Indirect Opinion[25]	_	_	_	
4-36	705-708	but	Indirect Opinion[25]	_	_	_	
4-37	709-714	there	Indirect Opinion[25]	_	_	_	
4-38	715-718	was	Indirect Opinion[25]	_	_	_	
4-39	719-720	a	Indirect Opinion[25]	_	_	_	
4-40	721-727	little	Indirect Opinion[25]	_	_	_	
4-41	728-732	room	Indirect Opinion[25]	_	_	_	
4-42	733-736	for	Indirect Opinion[25]	_	_	_	
4-43	737-739	my	Indirect Opinion[25]	_	_	_	
4-44	740-744	foot	Indirect Opinion[25]	_	_	_	
4-45	745-747	to	Indirect Opinion[25]	_	_	_	
4-46	748-753	slide	Indirect Opinion[25]	_	_	_	
4-47	754-758	back	Indirect Opinion[25]	_	_	_	
4-48	759-762	and	Indirect Opinion[25]	_	_	_	
4-49	763-768	forth	Indirect Opinion[25]	_	_	_	
4-50	769-770	.	_	_	_	_	
4-51	772-780	IMPLICIT	_	_	_	_	
4-52	781-782	I	Indirect Opinion[28]	Performance#Sizing/Fit	Negative	4-30[27_28]	
4-53	783-785	am	Indirect Opinion[28]	_	_	_	
4-54	786-792	pretty	Indirect Opinion[28]	_	_	_	
4-55	793-797	sure	Indirect Opinion[28]	_	_	_	
4-56	798-799	a	Indirect Opinion[28]	_	_	_	
4-57	801-805	half	Indirect Opinion[28]	_	_	_	
4-58	806-810	size	Indirect Opinion[28]	_	_	_	
4-59	811-818	smaller	Indirect Opinion[28]	_	_	_	
4-60	818-819	,	Indirect Opinion[28]	_	_	_	
4-61	820-825	would	Indirect Opinion[28]	_	_	_	
4-62	826-830	have	Indirect Opinion[28]	_	_	_	
4-63	831-835	been	Indirect Opinion[28]	_	_	_	
4-64	836-839	too	Indirect Opinion[28]	_	_	_	
4-65	840-845	tight	Indirect Opinion[28]	_	_	_	
4-66	846-847	.	_	_	_	_	
4-67	849-857	IMPLICIT	_	_	_	_	
4-68	858-867	Otherwise	Indirect Opinion[29]	Appearance#Misc	Positive	4-70[30_29]	
4-69	867-868	,	Indirect Opinion[29]	_	_	_	
4-70	869-873	they	Indirect Opinion[29]|Direct Aspect[30]	_	_	_	
4-71	874-882	appeared	Indirect Opinion[29]	_	_	_	
4-72	883-892	well-made	Indirect Opinion[29]	_	_	_	
4-73	893-896	and	Indirect Opinion[29]	_	_	_	
4-74	897-899	if	Indirect Opinion[29]	_	_	_	
4-75	900-902	it	Indirect Opinion[29]	_	_	_	
4-76	903-910	weren't	Indirect Opinion[29]	_	_	_	
4-77	911-914	for	Indirect Opinion[29]	_	_	_	
4-78	915-918	the	Indirect Opinion[29]	_	_	_	
4-79	919-923	size	Indirect Opinion[29]	_	_	_	
4-80	924-931	problem	Indirect Opinion[29]	_	_	_	
4-81	931-932	,	Indirect Opinion[29]	_	_	_	
4-82	933-937	they	Indirect Opinion[29]	_	_	_	
4-83	938-943	would	Indirect Opinion[29]	_	_	_	
4-84	944-948	have	Indirect Opinion[29]	_	_	_	
4-85	949-953	been	Indirect Opinion[29]	_	_	_	
4-86	954-958	fine	Indirect Opinion[29]	_	_	_	
4-87	959-960	.	_	_	_	_	
4-88	962-970	IMPLICIT	_	_	_	_	

#Text=Quality shoe for casual wear .  IMPLICIT Material quality is not what it used to be but that is to be expected now days .  IMPLICIT
5-1	972-979	Quality	Direct Opinion[31]	ContextOfUse#Use case	Positive	5-7[32_31]	
5-2	980-984	shoe	Direct Opinion[31]	_	_	_	
5-3	985-988	for	Direct Opinion[31]	_	_	_	
5-4	989-995	casual	Direct Opinion[31]	_	_	_	
5-5	996-1000	wear	Direct Opinion[31]	_	_	_	
5-6	1001-1002	.	_	_	_	_	
5-7	1004-1012	IMPLICIT	Direct Aspect[32]|Direct Aspect[33]	_	_	_	
5-8	1013-1021	Material	Indirect Opinion[34]	Appearance#Material	Negative	5-7[33_34]	
5-9	1022-1029	quality	Indirect Opinion[34]	_	_	_	
5-10	1030-1032	is	Indirect Opinion[34]	_	_	_	
5-11	1033-1036	not	Indirect Opinion[34]	_	_	_	
5-12	1037-1041	what	Indirect Opinion[34]	_	_	_	
5-13	1042-1044	it	Indirect Opinion[34]	_	_	_	
5-14	1045-1049	used	Indirect Opinion[34]	_	_	_	
5-15	1050-1052	to	Indirect Opinion[34]	_	_	_	
5-16	1053-1055	be	Indirect Opinion[34]	_	_	_	
5-17	1056-1059	but	Indirect Opinion[34]	_	_	_	
5-18	1060-1064	that	Indirect Opinion[34]	_	_	_	
5-19	1065-1067	is	Indirect Opinion[34]	_	_	_	
5-20	1068-1070	to	Indirect Opinion[34]	_	_	_	
5-21	1071-1073	be	Indirect Opinion[34]	_	_	_	
5-22	1074-1082	expected	Indirect Opinion[34]	_	_	_	
5-23	1083-1086	now	Indirect Opinion[34]	_	_	_	
5-24	1087-1091	days	Indirect Opinion[34]	_	_	_	
5-25	1092-1093	.	_	_	_	_	
5-26	1095-1103	IMPLICIT	_	_	_	_	

#Text=omg these are the most comfortable sneakers in the world .  IMPLICIT i can walk 5,6,7 miles in them .  IMPLICIT my whole body may be tired but my feet are great !  IMPLICIT
6-1	1105-1108	omg	Direct Opinion[35]	Performance#Comfort	Positive	6-12[36_35]	
6-2	1109-1114	these	Direct Opinion[35]	_	_	_	
6-3	1115-1118	are	Direct Opinion[35]	_	_	_	
6-4	1119-1122	the	Direct Opinion[35]	_	_	_	
6-5	1123-1127	most	Direct Opinion[35]	_	_	_	
6-6	1128-1139	comfortable	Direct Opinion[35]	_	_	_	
6-7	1140-1148	sneakers	Direct Opinion[35]	_	_	_	
6-8	1149-1151	in	Direct Opinion[35]	_	_	_	
6-9	1152-1155	the	Direct Opinion[35]	_	_	_	
6-10	1156-1161	world	Direct Opinion[35]	_	_	_	
6-11	1162-1163	.	_	_	_	_	
6-12	1165-1173	IMPLICIT	Direct Aspect[36]|Direct Aspect[37]	_	_	_	
6-13	1174-1175	i	Direct Opinion[38]	ContextOfUse#Use case	Positive	6-12[37_38]	
6-14	1176-1179	can	Direct Opinion[38]	_	_	_	
6-15	1180-1184	walk	Direct Opinion[38]	_	_	_	
6-16	1185-1190	5,6,7	Direct Opinion[38]	_	_	_	
6-17	1191-1196	miles	Direct Opinion[38]	_	_	_	
6-18	1197-1199	in	Direct Opinion[38]	_	_	_	
6-19	1200-1204	them	Direct Opinion[38]	_	_	_	
6-20	1205-1206	.	_	_	_	_	
6-21	1208-1216	IMPLICIT	_	_	_	_	
6-22	1217-1219	my	Direct Opinion[39]	Performance#General	Positive	6-34[0_39]	
6-23	1220-1225	whole	Direct Opinion[39]	_	_	_	
6-24	1226-1230	body	Direct Opinion[39]	_	_	_	
6-25	1231-1234	may	Direct Opinion[39]	_	_	_	
6-26	1235-1237	be	Direct Opinion[39]	_	_	_	
6-27	1238-1243	tired	Direct Opinion[39]	_	_	_	
6-28	1244-1247	but	Direct Opinion[39]	_	_	_	
6-29	1248-1250	my	Direct Opinion[39]	_	_	_	
6-30	1251-1255	feet	Direct Opinion[39]	_	_	_	
6-31	1256-1259	are	Direct Opinion[39]	_	_	_	
6-32	1260-1265	great	Direct Opinion[39]	_	_	_	
6-33	1266-1267	!	_	_	_	_	
6-34	1269-1277	IMPLICIT	Direct Aspect	_	_	_	

#Text=My wife said I needed to up my style game with respect to footwear when dressed casually .  IMPLICIT I normally just wear running sneaks that I've retired (and washed) after so many road miles .  IMPLICIT I like the look of these .  IMPLICIT I'm normally a solid 8 1/2 and I'd say they feel about 1/2 size larger .  IMPLICIT Quality is fine for what these are .  IMPLICIT I would not run in them but that's not what these are meant to be .  IMPLICIT Happy with purchase .  IMPLICIT
7-1	1279-1281	My	Direct Opinion[40]	Style Choices	Neutral	7-19[41_40]	
7-2	1282-1286	wife	Direct Opinion[40]	_	_	_	
7-3	1287-1291	said	Direct Opinion[40]	_	_	_	
7-4	1292-1293	I	Direct Opinion[40]	_	_	_	
7-5	1294-1300	needed	Direct Opinion[40]	_	_	_	
7-6	1301-1303	to	Direct Opinion[40]	_	_	_	
7-7	1304-1306	up	Direct Opinion[40]	_	_	_	
7-8	1307-1309	my	Direct Opinion[40]	_	_	_	
7-9	1310-1315	style	Direct Opinion[40]	_	_	_	
7-10	1316-1320	game	Direct Opinion[40]	_	_	_	
7-11	1321-1325	with	Direct Opinion[40]	_	_	_	
7-12	1326-1333	respect	Direct Opinion[40]	_	_	_	
7-13	1334-1336	to	Direct Opinion[40]	_	_	_	
7-14	1337-1345	footwear	Direct Opinion[40]	_	_	_	
7-15	1346-1350	when	Direct Opinion[40]	_	_	_	
7-16	1351-1358	dressed	Direct Opinion[40]	_	_	_	
7-17	1359-1367	casually	Direct Opinion[40]	_	_	_	
7-18	1368-1369	.	_	_	_	_	
7-19	1371-1379	IMPLICIT	Direct Aspect[41]|Direct Aspect[42]	_	_	_	
7-20	1380-1381	I	Direct Opinion[43]	Performance#General	Neutral	7-19[42_43]	
7-21	1382-1390	normally	Direct Opinion[43]	_	_	_	
7-22	1391-1395	just	Direct Opinion[43]	_	_	_	
7-23	1396-1400	wear	Direct Opinion[43]	_	_	_	
7-24	1401-1408	running	Direct Opinion[43]	_	_	_	
7-25	1409-1415	sneaks	Direct Opinion[43]	_	_	_	
7-26	1416-1420	that	Direct Opinion[43]	_	_	_	
7-27	1421-1425	I've	Direct Opinion[43]	_	_	_	
7-28	1426-1433	retired	Direct Opinion[43]	_	_	_	
7-29	1434-1435	(	Direct Opinion[43]	_	_	_	
7-30	1435-1438	and	Direct Opinion[43]	_	_	_	
7-31	1439-1445	washed	Direct Opinion[43]	_	_	_	
7-32	1445-1446	)	Direct Opinion[43]	_	_	_	
7-33	1447-1452	after	Direct Opinion[43]	_	_	_	
7-34	1453-1455	so	Direct Opinion[43]	_	_	_	
7-35	1456-1460	many	Direct Opinion[43]	_	_	_	
7-36	1461-1465	road	Direct Opinion[43]	_	_	_	
7-37	1466-1471	miles	Direct Opinion[43]	_	_	_	
7-38	1472-1473	.	_	_	_	_	
7-39	1475-1483	IMPLICIT	Direct Aspect	_	_	_	
7-40	1484-1485	I	Indirect Opinion[44]	Appearance#Form	Positive	7-39[0_44]	
7-41	1486-1490	like	Indirect Opinion[44]	_	_	_	
7-42	1491-1494	the	Indirect Opinion[44]	_	_	_	
7-43	1495-1499	look	Indirect Opinion[44]	_	_	_	
7-44	1500-1502	of	_	_	_	_	
7-45	1503-1508	these	_	_	_	_	
7-46	1509-1510	.	_	_	_	_	
7-47	1512-1520	IMPLICIT	Direct Aspect	_	_	_	
7-48	1521-1524	I'm	Indirect Opinion[45]	Performance#Sizing/Fit	Negative	7-47[0_45]	
7-49	1525-1533	normally	Indirect Opinion[45]	_	_	_	
7-50	1534-1535	a	Indirect Opinion[45]	_	_	_	
7-51	1536-1541	solid	Indirect Opinion[45]	_	_	_	
7-52	1542-1543	8	Indirect Opinion[45]	_	_	_	
7-53	1544-1545	1	Indirect Opinion[45]	_	_	_	
7-54	1545-1546	/	Indirect Opinion[45]	_	_	_	
7-55	1546-1547	2	Indirect Opinion[45]	_	_	_	
7-56	1548-1551	and	Indirect Opinion[45]	_	_	_	
7-57	1552-1555	I'd	Indirect Opinion[45]	_	_	_	
7-58	1556-1559	say	Indirect Opinion[45]	_	_	_	
7-59	1560-1564	they	Indirect Opinion[45]	_	_	_	
7-60	1565-1569	feel	Indirect Opinion[45]	_	_	_	
7-61	1570-1575	about	Indirect Opinion[45]	_	_	_	
7-62	1576-1577	1	Indirect Opinion[45]	_	_	_	
7-63	1577-1578	/	Indirect Opinion[45]	_	_	_	
7-64	1578-1579	2	Indirect Opinion[45]	_	_	_	
7-65	1580-1584	size	Indirect Opinion[45]	_	_	_	
7-66	1585-1591	larger	Indirect Opinion[45]	_	_	_	
7-67	1592-1593	.	_	_	_	_	
7-68	1595-1603	IMPLICIT	Direct Aspect	_	_	_	
7-69	1604-1611	Quality	Direct Opinion[46]	Appearance#Material	Positive	7-68[0_46]	
7-70	1612-1614	is	Direct Opinion[46]	_	_	_	
7-71	1615-1619	fine	Direct Opinion[46]	_	_	_	
7-72	1620-1623	for	Direct Opinion[46]	_	_	_	
7-73	1624-1628	what	Direct Opinion[46]	_	_	_	
7-74	1629-1634	these	Direct Opinion[46]	_	_	_	
7-75	1635-1638	are	Direct Opinion[46]	_	_	_	
7-76	1639-1640	.	_	_	_	_	
7-77	1642-1650	IMPLICIT	Direct Aspect	_	_	_	
7-78	1651-1652	I	Indirect Opinion[47]	ContextOfUse#Use case	Neutral	7-77[0_47]	
7-79	1653-1658	would	Indirect Opinion[47]	_	_	_	
7-80	1659-1662	not	Indirect Opinion[47]	_	_	_	
7-81	1663-1666	run	Indirect Opinion[47]	_	_	_	
7-82	1667-1669	in	Indirect Opinion[47]	_	_	_	
7-83	1670-1674	them	Indirect Opinion[47]	_	_	_	
7-84	1675-1678	but	Indirect Opinion[47]	_	_	_	
7-85	1679-1685	that's	Indirect Opinion[47]	_	_	_	
7-86	1686-1689	not	Indirect Opinion[47]	_	_	_	
7-87	1690-1694	what	Indirect Opinion[47]	_	_	_	
7-88	1695-1700	these	Indirect Opinion[47]	_	_	_	
7-89	1701-1704	are	Indirect Opinion[47]	_	_	_	
7-90	1705-1710	meant	Indirect Opinion[47]	_	_	_	
7-91	1711-1713	to	Indirect Opinion[47]	_	_	_	
7-92	1714-1716	be	Indirect Opinion[47]	_	_	_	
7-93	1717-1718	.	_	_	_	_	
7-94	1720-1728	IMPLICIT	Direct Aspect	_	_	_	
7-95	1729-1734	Happy	Indirect Opinion[48]	ContextOfUse#Purchase\_Context	Positive	7-94[0_48]	
7-96	1735-1739	with	Indirect Opinion[48]	_	_	_	
7-97	1740-1748	purchase	Indirect Opinion[48]	_	_	_	
7-98	1749-1750	.	_	_	_	_	
7-99	1752-1760	IMPLICIT	_	_	_	_	

#Text=First time ordering a pair of shoes and they sent me a used shoe .  IMPLICIT Shipping was delayed on top of that .  IMPLICIT
8-1	1762-1767	First	Direct Opinion[49]	ContextOfUse#Purchase\_Context	Positive	8-16[50_49]	
8-2	1768-1772	time	Direct Opinion[49]	_	_	_	
8-3	1773-1781	ordering	Direct Opinion[49]	_	_	_	
8-4	1782-1783	a	Direct Opinion[49]	_	_	_	
8-5	1784-1788	pair	Direct Opinion[49]	_	_	_	
8-6	1789-1791	of	Direct Opinion[49]	_	_	_	
8-7	1792-1797	shoes	Direct Opinion[49]	_	_	_	
8-8	1798-1801	and	Direct Opinion[49]	_	_	_	
8-9	1802-1806	they	Direct Opinion[49]	_	_	_	
8-10	1807-1811	sent	Direct Opinion[49]	_	_	_	
8-11	1812-1814	me	Direct Opinion[49]	_	_	_	
8-12	1815-1816	a	Direct Opinion[49]	_	_	_	
8-13	1817-1821	used	Direct Opinion[49]	_	_	_	
8-14	1822-1826	shoe	Direct Opinion[49]	_	_	_	
8-15	1827-1828	.	_	_	_	_	
8-16	1830-1838	IMPLICIT	Direct Aspect[50]|Direct Aspect[51]	_	_	_	
8-17	1839-1847	Shipping	Direct Opinion[52]	ContextOfUse#Purchase\_Context	Negative	8-16[51_52]	
8-18	1848-1851	was	Direct Opinion[52]	_	_	_	
8-19	1852-1859	delayed	Direct Opinion[52]	_	_	_	
8-20	1860-1862	on	Direct Opinion[52]	_	_	_	
8-21	1863-1866	top	Direct Opinion[52]	_	_	_	
8-22	1867-1869	of	Direct Opinion[52]	_	_	_	
8-23	1870-1874	that	Direct Opinion[52]	_	_	_	
8-24	1875-1876	.	_	_	_	_	
8-25	1878-1886	IMPLICIT	_	_	_	_	

#Text=Pretty comfortable .  IMPLICIT Was able to wear the for a whole day around an amusement park with no complaints !  IMPLICIT
9-1	1888-1894	Pretty	Direct Opinion[53]	Performance#Comfort	Positive	9-4[54_53]	
9-2	1895-1906	comfortable	Direct Opinion[53]	_	_	_	
9-3	1907-1908	.	_	_	_	_	
9-4	1910-1918	IMPLICIT	Direct Aspect[54]|Direct Aspect[55]	_	_	_	
9-5	1919-1922	Was	Direct Opinion[56]	Performance#General	Positive	9-4[55_56]	
9-6	1923-1927	able	Direct Opinion[56]	_	_	_	
9-7	1928-1930	to	Direct Opinion[56]	_	_	_	
9-8	1931-1935	wear	Direct Opinion[56]	_	_	_	
9-9	1936-1939	the	Direct Opinion[56]	_	_	_	
9-10	1940-1943	for	Direct Opinion[56]	_	_	_	
9-11	1944-1945	a	Direct Opinion[56]	_	_	_	
9-12	1946-1951	whole	Direct Opinion[56]	_	_	_	
9-13	1952-1955	day	Direct Opinion[56]	_	_	_	
9-14	1956-1962	around	Direct Opinion[56]	_	_	_	
9-15	1963-1965	an	Direct Opinion[56]	_	_	_	
9-16	1966-1975	amusement	Direct Opinion[56]	_	_	_	
9-17	1976-1980	park	Direct Opinion[56]	_	_	_	
9-18	1981-1985	with	Direct Opinion[56]	_	_	_	
9-19	1986-1988	no	Direct Opinion[56]	_	_	_	
9-20	1989-1999	complaints	Direct Opinion[56]	_	_	_	
9-21	2000-2001	!	_	_	_	_	
9-22	2003-2011	IMPLICIT	_	_	_	_	

#Text=I'm so delighted with these slides !  IMPLICIT They are super comfortable and perfect for casual wear as well as around the house .  IMPLICIT I wish they were a little bit tighter at the band but I understand Crocs are kind of one width fits all IMPLICIT
10-1	2013-2016	I'm	Direct Opinion[57]	Performance#General	Positive	10-8[58_57]	
10-2	2017-2019	so	Direct Opinion[57]	_	_	_	
10-3	2020-2029	delighted	Direct Opinion[57]	_	_	_	
10-4	2030-2034	with	Direct Opinion[57]	_	_	_	
10-5	2035-2040	these	Direct Opinion[57]	_	_	_	
10-6	2041-2047	slides	Direct Opinion[57]	_	_	_	
10-7	2048-2049	!	_	_	_	_	
10-8	2051-2059	IMPLICIT	Direct Aspect[58]|Direct Aspect[59]	_	_	_	
10-9	2060-2064	They	Direct Opinion[60]	Performance#Comfort	Positive	10-8[59_60]	
10-10	2065-2068	are	Direct Opinion[60]	_	_	_	
10-11	2069-2074	super	Direct Opinion[60]	_	_	_	
10-12	2075-2086	comfortable	Direct Opinion[60]	_	_	_	
10-13	2087-2090	and	Direct Opinion[60]	_	_	_	
10-14	2091-2098	perfect	Direct Opinion[60]	_	_	_	
10-15	2099-2102	for	Direct Opinion[60]	_	_	_	
10-16	2103-2109	casual	Direct Opinion[60]	_	_	_	
10-17	2110-2114	wear	Direct Opinion[60]	_	_	_	
10-18	2115-2117	as	Direct Opinion[60]	_	_	_	
10-19	2118-2122	well	Direct Opinion[60]	_	_	_	
10-20	2123-2125	as	Direct Opinion[60]	_	_	_	
10-21	2126-2132	around	Direct Opinion[60]	_	_	_	
10-22	2133-2136	the	Direct Opinion[60]	_	_	_	
10-23	2137-2142	house	Direct Opinion[60]	_	_	_	
10-24	2143-2144	.	_	_	_	_	
10-25	2146-2154	IMPLICIT	Direct Aspect	_	_	_	
10-26	2155-2156	I	Direct Opinion[61]	Performance#Sizing/Fit	Positive	10-25[0_61]	
10-27	2157-2161	wish	Direct Opinion[61]	_	_	_	
10-28	2162-2166	they	Direct Opinion[61]	_	_	_	
10-29	2167-2171	were	Direct Opinion[61]	_	_	_	
10-30	2172-2173	a	Direct Opinion[61]	_	_	_	
10-31	2174-2180	little	Direct Opinion[61]	_	_	_	
10-32	2181-2184	bit	Direct Opinion[61]	_	_	_	
10-33	2185-2192	tighter	Direct Opinion[61]	_	_	_	
10-34	2193-2195	at	Direct Opinion[61]	_	_	_	
10-35	2196-2199	the	Direct Opinion[61]	_	_	_	
10-36	2200-2204	band	Direct Opinion[61]	_	_	_	
10-37	2205-2208	but	Direct Opinion[61]	_	_	_	
10-38	2209-2210	I	Direct Opinion[61]	_	_	_	
10-39	2211-2221	understand	Direct Opinion[61]	_	_	_	
10-40	2222-2227	Crocs	Direct Opinion[61]	_	_	_	
10-41	2228-2231	are	Direct Opinion[61]	_	_	_	
10-42	2232-2236	kind	Direct Opinion[61]	_	_	_	
10-43	2237-2239	of	Direct Opinion[61]	_	_	_	
10-44	2240-2243	one	Direct Opinion[61]	_	_	_	
10-45	2244-2249	width	Direct Opinion[61]	_	_	_	
10-46	2250-2254	fits	Direct Opinion[61]	_	_	_	
10-47	2255-2258	all	Direct Opinion[61]	_	_	_	
10-48	2259-2267	IMPLICIT	_	_	_	_	

#Text=Why did they put a tag on top of the insole !  ?  IMPLICIT Every step you're reminded of the tag .  IMPLICIT No it's not something stuck in your shoe, it's a stupid tag .  IMPLICIT SMH at designers .  IMPLICIT
11-1	2269-2272	Why	Direct Opinion[62]	Performance#General	Neutral	11-14[63_62]	
11-2	2273-2276	did	Direct Opinion[62]	_	_	_	
11-3	2277-2281	they	Direct Opinion[62]	_	_	_	
11-4	2282-2285	put	Direct Opinion[62]	_	_	_	
11-5	2286-2287	a	Direct Opinion[62]	_	_	_	
11-6	2288-2291	tag	Direct Opinion[62]	_	_	_	
11-7	2292-2294	on	Direct Opinion[62]	_	_	_	
11-8	2295-2298	top	Direct Opinion[62]	_	_	_	
11-9	2299-2301	of	Direct Opinion[62]	_	_	_	
11-10	2302-2305	the	Direct Opinion[62]	_	_	_	
11-11	2306-2312	insole	Direct Opinion[62]	_	_	_	
11-12	2313-2314	!	_	_	_	_	
11-13	2316-2317	?	_	_	_	_	
11-14	2319-2327	IMPLICIT	Direct Aspect[63]|Direct Aspect[64]	_	_	_	
11-15	2328-2333	Every	Direct Opinion[65]	Misc	Neutral	11-14[64_65]	
11-16	2334-2338	step	Direct Opinion[65]	_	_	_	
11-17	2339-2345	you're	Direct Opinion[65]	_	_	_	
11-18	2346-2354	reminded	Direct Opinion[65]	_	_	_	
11-19	2355-2357	of	Direct Opinion[65]	_	_	_	
11-20	2358-2361	the	Direct Opinion[65]	_	_	_	
11-21	2362-2365	tag	Direct Opinion[65]	_	_	_	
11-22	2366-2367	.	_	_	_	_	
11-23	2369-2377	IMPLICIT	Direct Aspect	_	_	_	
11-24	2378-2380	No	Direct Opinion[66]	Appearance#Shoe Component	Negative	11-23[0_66]	
11-25	2381-2385	it's	Direct Opinion[66]	_	_	_	
11-26	2386-2389	not	Direct Opinion[66]	_	_	_	
11-27	2390-2399	something	Direct Opinion[66]	_	_	_	
11-28	2400-2405	stuck	Direct Opinion[66]	_	_	_	
11-29	2406-2408	in	Direct Opinion[66]	_	_	_	
11-30	2409-2413	your	Direct Opinion[66]	_	_	_	
11-31	2414-2418	shoe	Direct Opinion[66]	_	_	_	
11-32	2418-2419	,	Direct Opinion[66]	_	_	_	
11-33	2420-2424	it's	Direct Opinion[66]	_	_	_	
11-34	2425-2426	a	Direct Opinion[66]	_	_	_	
11-35	2427-2433	stupid	Direct Opinion[66]	_	_	_	
11-36	2434-2437	tag	Direct Opinion[66]	_	_	_	
11-37	2438-2439	.	_	_	_	_	
11-38	2441-2449	IMPLICIT	Direct Aspect	_	_	_	
11-39	2450-2453	SMH	Direct Opinion[67]	Misc	Neutral	11-38[0_67]	
11-40	2454-2456	at	Direct Opinion[67]	_	_	_	
11-41	2457-2466	designers	Direct Opinion[67]	_	_	_	
11-42	2467-2468	.	_	_	_	_	
11-43	2470-2478	IMPLICIT	_	_	_	_	

#Text=Usually really like NB .  IMPLICIT This particular show has too small toe box .  IMPLICIT Orthotic will not fit !  IMPLICIT  !  IMPLICIT
12-1	2480-2487	Usually	Indirect Opinion[68]	Performance#General	Positive	12-4[69_68]	
12-2	2488-2494	really	Indirect Opinion[68]	_	_	_	
12-3	2495-2499	like	Indirect Opinion[68]	_	_	_	
12-4	2500-2502	NB	Indirect Opinion[68]|Direct Aspect[69]|Direct Aspect[70]	_	_	_	
12-5	2503-2504	.	_	_	_	_	
12-6	2506-2514	IMPLICIT	_	_	_	_	
12-7	2515-2519	This	Indirect Opinion[71]	Performance#Sizing/Fit	Negative	12-4[70_71]	
12-8	2520-2530	particular	Indirect Opinion[71]|Direct Aspect[72]	_	_	_	
12-9	2531-2535	show	Indirect Opinion[71]|Direct Aspect[72]	_	_	_	
12-10	2536-2539	has	Indirect Opinion[71]	_	_	_	
12-11	2540-2543	too	Indirect Opinion[71]	_	_	_	
12-12	2544-2549	small	Indirect Opinion[71]	_	_	_	
12-13	2550-2553	toe	Indirect Opinion[71]	_	_	_	
12-14	2554-2557	box	Indirect Opinion[71]	_	_	_	
12-15	2558-2559	.	_	_	_	_	
12-16	2561-2569	IMPLICIT	_	_	_	_	
12-17	2570-2578	Orthotic	Direct Opinion[73]	Performance#Sizing/Fit	Negative	12-8[72_73]	
12-18	2579-2583	will	Direct Opinion[73]	_	_	_	
12-19	2584-2587	not	Direct Opinion[73]	_	_	_	
12-20	2588-2591	fit	Direct Opinion[73]	_	_	_	
12-21	2592-2593	!	_	_	_	_	
12-22	2595-2603	IMPLICIT	_	_	_	_	
12-23	2605-2606	!	_	_	_	_	
12-24	2608-2616	IMPLICIT	_	_	_	_	

#Text=They we're uncomfortable for my feet .  IMPLICIT I have a wider food .  IMPLICIT Good looking shoe but I returned them !  IMPLICIT
13-1	2618-2622	They	Direct Opinion[74]	Performance#Comfort	Negative	13-8[75_74]	
13-2	2623-2628	we're	Direct Opinion[74]	_	_	_	
13-3	2629-2642	uncomfortable	Direct Opinion[74]	_	_	_	
13-4	2643-2646	for	Direct Opinion[74]	_	_	_	
13-5	2647-2649	my	Direct Opinion[74]	_	_	_	
13-6	2650-2654	feet	Direct Opinion[74]	_	_	_	
13-7	2655-2656	.	_	_	_	_	
13-8	2658-2666	IMPLICIT	Direct Aspect[75]|Direct Aspect[76]	_	_	_	
13-9	2667-2668	I	Direct Opinion[77]	Misc	Neutral	13-8[76_77]	
13-10	2669-2673	have	Direct Opinion[77]	_	_	_	
13-11	2674-2675	a	Direct Opinion[77]	_	_	_	
13-12	2676-2681	wider	Direct Opinion[77]	_	_	_	
13-13	2682-2686	food	Direct Opinion[77]	_	_	_	
13-14	2687-2688	.	Direct Opinion[77]	_	_	_	
13-15	2690-2698	IMPLICIT	Direct Aspect	_	_	_	
13-16	2699-2703	Good	Direct Opinion[78]	Style Choices	Positive	13-15[0_78]	
13-17	2704-2711	looking	Direct Opinion[78]	_	_	_	
13-18	2712-2716	shoe	Direct Opinion[78]	_	_	_	
13-19	2717-2720	but	Indirect Opinion[79]	ContextOfUse#Purchase\_Context	Negative	13-24[0_79]	
13-20	2721-2722	I	Indirect Opinion[79]	_	_	_	
13-21	2723-2731	returned	Indirect Opinion[79]	_	_	_	
13-22	2732-2736	them	Indirect Opinion[79]	_	_	_	
13-23	2737-2738	!	_	_	_	_	
13-24	2740-2748	IMPLICIT	Direct Aspect	_	_	_	

#Text=These were a big disappointment .  IMPLICIT Overall they felt chintzy, very light padding, not enough support, narrower than normal width .  IMPLICIT Felt like I was wearing keds from ages ago .  IMPLICIT
14-1	2750-2755	These	Direct Opinion[80]	Performance#General	Negative	14-7[81_80]	
14-2	2756-2760	were	Direct Opinion[80]	_	_	_	
14-3	2761-2762	a	Direct Opinion[80]	_	_	_	
14-4	2763-2766	big	Direct Opinion[80]	_	_	_	
14-5	2767-2781	disappointment	Direct Opinion[80]	_	_	_	
14-6	2782-2783	.	_	_	_	_	
14-7	2785-2793	IMPLICIT	Direct Aspect[81]|Direct Aspect[82]	_	_	_	
14-8	2794-2801	Overall	Direct Opinion[83]	Performance#Support/Stability	Negative	14-7[82_83]	
14-9	2802-2806	they	Direct Opinion[83]	_	_	_	
14-10	2807-2811	felt	Direct Opinion[83]	_	_	_	
14-11	2812-2819	chintzy	Direct Opinion[83]	_	_	_	
14-12	2819-2820	,	Direct Opinion[83]	_	_	_	
14-13	2821-2825	very	Direct Opinion[83]	_	_	_	
14-14	2826-2831	light	Direct Opinion[83]	_	_	_	
14-15	2832-2839	padding	Direct Opinion[83]	_	_	_	
14-16	2839-2840	,	Direct Opinion[83]	_	_	_	
14-17	2841-2844	not	Direct Opinion[83]	_	_	_	
14-18	2845-2851	enough	Direct Opinion[83]	_	_	_	
14-19	2852-2859	support	Direct Opinion[83]	_	_	_	
14-20	2859-2860	,	Direct Opinion[83]	_	_	_	
14-21	2861-2869	narrower	Direct Opinion[83]	_	_	_	
14-22	2870-2874	than	Direct Opinion[83]	_	_	_	
14-23	2875-2881	normal	Direct Opinion[83]	_	_	_	
14-24	2882-2887	width	Direct Opinion[83]	_	_	_	
14-25	2888-2889	.	_	_	_	_	
14-26	2891-2899	IMPLICIT	Direct Aspect	_	_	_	
14-27	2900-2904	Felt	Direct Opinion[84]	Performance#General	Negative	14-26[0_84]	
14-28	2905-2909	like	Direct Opinion[84]	_	_	_	
14-29	2910-2911	I	Direct Opinion[84]	_	_	_	
14-30	2912-2915	was	Direct Opinion[84]	_	_	_	
14-31	2916-2923	wearing	Direct Opinion[84]	_	_	_	
14-32	2924-2928	keds	Direct Opinion[84]	_	_	_	
14-33	2929-2933	from	Direct Opinion[84]	_	_	_	
14-34	2934-2938	ages	Direct Opinion[84]	_	_	_	
14-35	2939-2942	ago	Direct Opinion[84]	_	_	_	
14-36	2943-2944	.	_	_	_	_	
14-37	2946-2954	IMPLICIT	_	_	_	_	

#Text=I like the fit and cimfort .  IMPLICIT Not 100% satisfied with the style, ithe fabric sits loose across the top of the foot IMPLICIT
15-1	2956-2957	I	Direct Opinion[85]|Direct Opinion[86]	Performance#Comfort|Performance#Sizing/Fit	Positive|Positive	15-8[88_85]|15-8[87_86]	
15-2	2958-2962	like	Direct Opinion[85]|Direct Opinion[86]	_	_	_	
15-3	2963-2966	the	Direct Opinion[85]|Direct Opinion[86]	_	_	_	
15-4	2967-2970	fit	Direct Opinion[85]|Direct Opinion[86]	_	_	_	
15-5	2971-2974	and	Direct Opinion[85]	_	_	_	
15-6	2975-2982	cimfort	Direct Opinion[85]	_	_	_	
15-7	2983-2984	.	Direct Opinion[85]	_	_	_	
15-8	2986-2994	IMPLICIT	Direct Aspect[87]|Direct Aspect[88]|Direct Aspect[89]	_	_	_	
15-9	2995-2998	Not	Indirect Opinion[90]	Style Choices	Negative	15-8[89_90]	
15-10	2999-3003	100%	Indirect Opinion[90]	_	_	_	
15-11	3004-3013	satisfied	Indirect Opinion[90]	_	_	_	
15-12	3014-3018	with	Indirect Opinion[90]	_	_	_	
15-13	3019-3022	the	Indirect Opinion[90]	_	_	_	
15-14	3023-3028	style	Indirect Opinion[90]	_	_	_	
15-15	3028-3029	,	_	_	_	_	
15-16	3030-3034	ithe	Direct Opinion[91]	Performance#Support/Stability	Negative	15-26[0_91]	
15-17	3035-3041	fabric	Direct Opinion[91]	_	_	_	
15-18	3042-3046	sits	Direct Opinion[91]	_	_	_	
15-19	3047-3052	loose	Direct Opinion[91]	_	_	_	
15-20	3053-3059	across	Direct Opinion[91]	_	_	_	
15-21	3060-3063	the	Direct Opinion[91]	_	_	_	
15-22	3064-3067	top	Direct Opinion[91]	_	_	_	
15-23	3068-3070	of	Direct Opinion[91]	_	_	_	
15-24	3071-3074	the	Direct Opinion[91]	_	_	_	
15-25	3075-3079	foot	Direct Opinion[91]	_	_	_	
15-26	3080-3088	IMPLICIT	Direct Aspect	_	_	_	

#Text=This is my third 327 .  IMPLICIT This gonna be my best shoes ever :) I am big fan of 327, and if there are new colors, I definitely buy more shoes !  IMPLICIT
16-1	3090-3094	This	Direct Opinion[92]	ContextOfUse#Purchase\_Context	Positive	16-5[93_92]	
16-2	3095-3097	is	Direct Opinion[92]	_	_	_	
16-3	3098-3100	my	Direct Opinion[92]	_	_	_	
16-4	3101-3106	third	Direct Opinion[92]	_	_	_	
16-5	3107-3110	327	Direct Opinion[92]|Direct Aspect[93]|Direct Aspect[94]	_	_	_	
16-6	3111-3112	.	_	_	_	_	
16-7	3114-3122	IMPLICIT	_	_	_	_	
16-8	3123-3127	This	Direct Opinion[95]	Performance#General	Positive	16-5[94_95]	
16-9	3128-3133	gonna	Direct Opinion[95]	_	_	_	
16-10	3134-3136	be	Direct Opinion[95]	_	_	_	
16-11	3137-3139	my	Direct Opinion[95]	_	_	_	
16-12	3140-3144	best	Direct Opinion[95]	_	_	_	
16-13	3145-3150	shoes	Direct Opinion[95]	_	_	_	
16-14	3151-3155	ever	Direct Opinion[95]	_	_	_	
16-15	3156-3157	:	Direct Opinion[95]	_	_	_	
16-16	3157-3158	)	Direct Opinion[95]	_	_	_	
16-17	3159-3160	I	Direct Opinion[95]	_	_	_	
16-18	3161-3163	am	Direct Opinion[95]	_	_	_	
16-19	3164-3167	big	Direct Opinion[95]	_	_	_	
16-20	3168-3171	fan	Direct Opinion[95]	_	_	_	
16-21	3172-3174	of	Direct Opinion[95]	_	_	_	
16-22	3175-3178	327	Direct Opinion[95]|Direct Aspect[96]|Direct Aspect[97]	_	_	_	
16-23	3178-3179	,	Direct Aspect[96]|Direct Aspect[97]	_	_	_	
16-24	3180-3183	and	Direct Opinion[98]	Appearance#Color	Positive	16-22[96_98]	
16-25	3184-3186	if	Direct Opinion[98]	_	_	_	
16-26	3187-3192	there	Direct Opinion[98]	_	_	_	
16-27	3193-3196	are	Direct Opinion[98]	_	_	_	
16-28	3197-3200	new	Direct Opinion[98]	_	_	_	
16-29	3201-3207	colors	Direct Opinion[98]	_	_	_	
16-30	3207-3208	,	_	_	_	_	
16-31	3209-3210	I	Direct Opinion[99]	ContextOfUse#Purchase\_Context	Positive	16-22[97_99]	
16-32	3211-3221	definitely	Direct Opinion[99]	_	_	_	
16-33	3222-3225	buy	Direct Opinion[99]	_	_	_	
16-34	3226-3230	more	Direct Opinion[99]	_	_	_	
16-35	3231-3236	shoes	Direct Opinion[99]	_	_	_	
16-36	3237-3238	!	_	_	_	_	
16-37	3240-3248	IMPLICIT	_	_	_	_	

#Text=These are made about a half a size smaller .  IMPLICIT I wear a 7 but had to make another purchase for an 8 because there are no half sizes .  IMPLICIT
17-1	3250-3255	These	Direct Opinion[100]	Performance#Sizing/Fit	Negative	17-11[0_100]	
17-2	3256-3259	are	Direct Opinion[100]	_	_	_	
17-3	3260-3264	made	Direct Opinion[100]	_	_	_	
17-4	3265-3270	about	Direct Opinion[100]	_	_	_	
17-5	3271-3272	a	Direct Opinion[100]	_	_	_	
17-6	3273-3277	half	Direct Opinion[100]	_	_	_	
17-7	3278-3279	a	Direct Opinion[100]	_	_	_	
17-8	3280-3284	size	Direct Opinion[100]	_	_	_	
17-9	3285-3292	smaller	Direct Opinion[100]	_	_	_	
17-10	3293-3294	.	_	_	_	_	
17-11	3296-3304	IMPLICIT	Direct Aspect	_	_	_	
17-12	3305-3306	I	Direct Opinion[101]	ContextOfUse#Purchase\_Context	Negative	17-32[0_101]	
17-13	3307-3311	wear	Direct Opinion[101]	_	_	_	
17-14	3312-3313	a	Direct Opinion[101]	_	_	_	
17-15	3314-3315	7	Direct Opinion[101]	_	_	_	
17-16	3316-3319	but	Direct Opinion[101]	_	_	_	
17-17	3320-3323	had	Direct Opinion[101]	_	_	_	
17-18	3324-3326	to	Direct Opinion[101]	_	_	_	
17-19	3327-3331	make	Direct Opinion[101]	_	_	_	
17-20	3332-3339	another	Direct Opinion[101]	_	_	_	
17-21	3340-3348	purchase	Direct Opinion[101]	_	_	_	
17-22	3349-3352	for	Direct Opinion[101]	_	_	_	
17-23	3353-3355	an	Direct Opinion[101]	_	_	_	
17-24	3356-3357	8	Direct Opinion[101]	_	_	_	
17-25	3358-3365	because	Direct Opinion[101]	_	_	_	
17-26	3366-3371	there	Direct Opinion[101]	_	_	_	
17-27	3372-3375	are	Direct Opinion[101]	_	_	_	
17-28	3376-3378	no	Direct Opinion[101]	_	_	_	
17-29	3379-3383	half	Direct Opinion[101]	_	_	_	
17-30	3384-3389	sizes	Direct Opinion[101]	_	_	_	
17-31	3390-3391	.	_	_	_	_	
17-32	3393-3401	IMPLICIT	Direct Aspect	_	_	_	

#Text=I had sone Reebok some years back .  IMPLICIT And they were so comfortable .  IMPLICIT But these are not .  IMPLICIT
18-1	3403-3404	I	_	_	_	_	
18-2	3405-3408	had	_	_	_	_	
18-3	3409-3413	sone	_	_	_	_	
18-4	3414-3420	Reebok	Direct Opinion	Performance#Comfort	Positive	18-10[102_0]	
18-5	3421-3425	some	_	_	_	_	
18-6	3426-3431	years	_	_	_	_	
18-7	3432-3436	back	_	_	_	_	
18-8	3437-3438	.	_	_	_	_	
18-9	3440-3448	IMPLICIT	_	_	_	_	
18-10	3449-3452	And	Direct Opinion[102]	_	_	_	
18-11	3453-3457	they	Direct Opinion[102]	_	_	_	
18-12	3458-3462	were	Direct Opinion[102]	_	_	_	
18-13	3463-3465	so	Direct Opinion[102]	_	_	_	
18-14	3466-3477	comfortable	Direct Opinion[102]	_	_	_	
18-15	3478-3479	.	_	_	_	_	
18-16	3481-3489	IMPLICIT	_	_	_	_	
18-17	3490-3493	But	_	_	_	_	
18-18	3494-3499	these	Direct Aspect	_	_	_	
18-19	3500-3503	are	Indirect Opinion[103]	Performance#Comfort	Negative	18-18[0_103]	
18-20	3504-3507	not	Indirect Opinion[103]	_	_	_	
18-21	3508-3509	.	_	_	_	_	
18-22	3511-3519	IMPLICIT	_	_	_	_	

#Text=I like the elastic laces, and the top half .  IMPLICIT Inside rivets on these rub around ankles a bit .  IMPLICIT If that's fixed, I'd buy a newer color scheme, with less wheat colors .  IMPLICIT
19-1	3521-3522	I	Direct Opinion[104]	Appearance#Material	Positive	19-12[105_104]	
19-2	3523-3527	like	Direct Opinion[104]	_	_	_	
19-3	3528-3531	the	Direct Opinion[104]	_	_	_	
19-4	3532-3539	elastic	Direct Opinion[104]	_	_	_	
19-5	3540-3545	laces	Direct Opinion[104]	_	_	_	
19-6	3545-3546	,	Direct Opinion[104]	_	_	_	
19-7	3547-3550	and	Direct Opinion[104]	_	_	_	
19-8	3551-3554	the	Direct Opinion[104]	_	_	_	
19-9	3555-3558	top	Direct Opinion[104]	_	_	_	
19-10	3559-3563	half	Direct Opinion[104]	_	_	_	
19-11	3564-3565	.	_	_	_	_	
19-12	3567-3575	IMPLICIT	Direct Aspect[105]|Direct Aspect[106]	_	_	_	
19-13	3576-3582	Inside	Direct Opinion[107]	Performance#General	Neutral	19-12[106_107]	
19-14	3583-3589	rivets	Direct Opinion[107]	_	_	_	
19-15	3590-3592	on	Direct Opinion[107]	_	_	_	
19-16	3593-3598	these	Direct Opinion[107]	_	_	_	
19-17	3599-3602	rub	Direct Opinion[107]	_	_	_	
19-18	3603-3609	around	Direct Opinion[107]	_	_	_	
19-19	3610-3616	ankles	Direct Opinion[107]	_	_	_	
19-20	3617-3618	a	Direct Opinion[107]	_	_	_	
19-21	3619-3622	bit	Direct Opinion[107]	_	_	_	
19-22	3623-3624	.	_	_	_	_	
19-23	3626-3634	IMPLICIT	Direct Aspect	_	_	_	
19-24	3635-3637	If	Indirect Opinion[108]	Appearance#Color	Positive	19-23[0_108]	
19-25	3638-3644	that's	Indirect Opinion[108]	_	_	_	
19-26	3645-3650	fixed	Indirect Opinion[108]	_	_	_	
19-27	3650-3651	,	Indirect Opinion[108]	_	_	_	
19-28	3652-3655	I'd	Indirect Opinion[108]	_	_	_	
19-29	3656-3659	buy	Indirect Opinion[108]	_	_	_	
19-30	3660-3661	a	Indirect Opinion[108]	_	_	_	
19-31	3662-3667	newer	Indirect Opinion[108]	_	_	_	
19-32	3668-3673	color	Indirect Opinion[108]	_	_	_	
19-33	3674-3680	scheme	Indirect Opinion[108]	_	_	_	
19-34	3680-3681	,	Indirect Opinion[108]	_	_	_	
19-35	3682-3686	with	Indirect Opinion[108]	_	_	_	
19-36	3687-3691	less	Indirect Opinion[108]	_	_	_	
19-37	3692-3697	wheat	Indirect Opinion[108]	_	_	_	
19-38	3698-3704	colors	Indirect Opinion[108]	_	_	_	
19-39	3705-3706	.	Indirect Opinion[108]	_	_	_	
19-40	3708-3716	IMPLICIT	_	_	_	_	

#Text=Usually I'm very happy with my Brooks but these have given me blisters and hurt the top of my left foot no matter what I try .  IMPLICIT I'm a road jogger and typically go 5-6miles but can't even do one with these .  IMPLICIT I will go back to my last version .  IMPLICIT Very expensive disappointment .  IMPLICIT
20-1	3718-3725	Usually	Direct Opinion[109]	Performance#General	Positive	20-7[0_109]	
20-2	3726-3729	I'm	Direct Opinion[109]	_	_	_	
20-3	3730-3734	very	Direct Opinion[109]	_	_	_	
20-4	3735-3740	happy	Direct Opinion[109]	_	_	_	
20-5	3741-3745	with	Direct Opinion[109]	_	_	_	
20-6	3746-3748	my	Direct Opinion[109]	_	_	_	
20-7	3749-3755	Brooks	Direct Aspect	_	_	_	
20-8	3756-3759	but	_	_	_	_	
20-9	3760-3765	these	Direct Aspect	_	_	_	
20-10	3766-3770	have	Indirect Opinion[110]	Appearance#Material	Negative	20-9[0_110]	
20-11	3771-3776	given	Indirect Opinion[110]	_	_	_	
20-12	3777-3779	me	Indirect Opinion[110]	_	_	_	
20-13	3780-3788	blisters	Indirect Opinion[110]	_	_	_	
20-14	3789-3792	and	Indirect Opinion[110]	_	_	_	
20-15	3793-3797	hurt	Indirect Opinion[110]	_	_	_	
20-16	3798-3801	the	Indirect Opinion[110]	_	_	_	
20-17	3802-3805	top	Indirect Opinion[110]	_	_	_	
20-18	3806-3808	of	Indirect Opinion[110]	_	_	_	
20-19	3809-3811	my	Indirect Opinion[110]	_	_	_	
20-20	3812-3816	left	Indirect Opinion[110]	_	_	_	
20-21	3817-3821	foot	Indirect Opinion[110]	_	_	_	
20-22	3822-3824	no	Indirect Opinion[110]	_	_	_	
20-23	3825-3831	matter	Indirect Opinion[110]	_	_	_	
20-24	3832-3836	what	Indirect Opinion[110]	_	_	_	
20-25	3837-3838	I	Indirect Opinion[110]	_	_	_	
20-26	3839-3842	try	Indirect Opinion[110]	_	_	_	
20-27	3843-3844	.	_	_	_	_	
20-28	3846-3854	IMPLICIT	_	_	_	_	
20-29	3855-3858	I'm	Direct Opinion[111]	ContextOfUse#Use case	Negative	20-45[112_111]	
20-30	3859-3860	a	Direct Opinion[111]	_	_	_	
20-31	3861-3865	road	Direct Opinion[111]	_	_	_	
20-32	3866-3872	jogger	Direct Opinion[111]	_	_	_	
20-33	3873-3876	and	Direct Opinion[111]	_	_	_	
20-34	3877-3886	typically	Direct Opinion[111]	_	_	_	
20-35	3887-3889	go	Direct Opinion[111]	_	_	_	
20-36	3890-3891	5	Direct Opinion[111]	_	_	_	
20-37	3891-3892	-	Direct Opinion[111]	_	_	_	
20-38	3892-3898	6miles	Direct Opinion[111]	_	_	_	
20-39	3899-3902	but	Direct Opinion[111]	_	_	_	
20-40	3903-3908	can't	Direct Opinion[111]	_	_	_	
20-41	3909-3913	even	Direct Opinion[111]	_	_	_	
20-42	3914-3916	do	Direct Opinion[111]	_	_	_	
20-43	3917-3920	one	Direct Opinion[111]	_	_	_	
20-44	3921-3925	with	Direct Opinion[111]	_	_	_	
20-45	3926-3931	these	Direct Opinion[111]|Direct Aspect[112]	_	_	_	
20-46	3932-3933	.	_	_	_	_	
20-47	3935-3943	IMPLICIT	_	_	_	_	
20-48	3944-3945	I	Direct Opinion[113]	ContextOfUse#Purchase\_Context	Negative	20-54[114_113]	
20-49	3946-3950	will	Direct Opinion[113]	_	_	_	
20-50	3951-3953	go	Direct Opinion[113]	_	_	_	
20-51	3954-3958	back	Direct Opinion[113]	_	_	_	
20-52	3959-3961	to	Direct Opinion[113]	_	_	_	
20-53	3962-3964	my	Direct Opinion[113]	_	_	_	
20-54	3965-3969	last	Direct Opinion[113]|Direct Aspect[114]	_	_	_	
20-55	3970-3977	version	Direct Aspect[114]	_	_	_	
20-56	3978-3979	.	_	_	_	_	
20-57	3981-3989	IMPLICIT	Direct Aspect	_	_	_	
20-58	3990-3994	Very	Direct Opinion[115]	Cost/Value	Negative	20-57[0_115]	
20-59	3995-4004	expensive	Direct Opinion[115]	_	_	_	
20-60	4005-4019	disappointment	Direct Opinion[115]	_	_	_	
20-61	4020-4021	.	_	_	_	_	
20-62	4023-4031	IMPLICIT	_	_	_	_	

#Text=About what I've come to expect from Adidas .  IMPLICIT Very nice shoes .  IMPLICIT I'll be buying more .  IMPLICIT
21-1	4033-4038	About	Direct Opinion[116]	Performance#General	Positive	21-8[117_116]	
21-2	4039-4043	what	Direct Opinion[116]	_	_	_	
21-3	4044-4048	I've	Direct Opinion[116]	_	_	_	
21-4	4049-4053	come	Direct Opinion[116]	_	_	_	
21-5	4054-4056	to	Direct Opinion[116]	_	_	_	
21-6	4057-4063	expect	Direct Opinion[116]	_	_	_	
21-7	4064-4068	from	Direct Opinion[116]	_	_	_	
21-8	4069-4075	Adidas	Direct Opinion[116]|Direct Aspect[117]|Direct Aspect[118]	_	_	_	
21-9	4076-4077	.	_	_	_	_	
21-10	4079-4087	IMPLICIT	_	_	_	_	
21-11	4088-4092	Very	Direct Opinion[119]	Performance#General	Positive	21-8[118_119]	
21-12	4093-4097	nice	Direct Opinion[119]	_	_	_	
21-13	4098-4103	shoes	Direct Opinion[119]	_	_	_	
21-14	4104-4105	.	_	_	_	_	
21-15	4107-4115	IMPLICIT	Direct Aspect	_	_	_	
21-16	4116-4120	I'll	Direct Opinion[120]	ContextOfUse#Purchase\_Context	Positive	21-15[0_120]	
21-17	4121-4123	be	Direct Opinion[120]	_	_	_	
21-18	4124-4130	buying	Direct Opinion[120]	_	_	_	
21-19	4131-4135	more	Direct Opinion[120]	_	_	_	
21-20	4136-4137	.	_	_	_	_	
21-21	4139-4147	IMPLICIT	_	_	_	_	

#Text=I do a lot of hiking .  IMPLICIT Right out of the box this boots change my life .  IMPLICIT I am flat foot on my left foot, yet the 10 1/2 wide was adequate for my issue .  IMPLICIT I previously own timberland and expect my new purchase to perform just as well keeping my feet dry and comfortable .  IMPLICIT I like the styles and purchase the brown because the green timberland logo was so cool .  IMPLICIT Enjoy !  IMPLICIT
22-1	4149-4150	I	Direct Opinion[121]	Performance#Use Case Applicability	Positive	22-8[0_121]	
22-2	4151-4153	do	Direct Opinion[121]	_	_	_	
22-3	4154-4155	a	Direct Opinion[121]	_	_	_	
22-4	4156-4159	lot	Direct Opinion[121]	_	_	_	
22-5	4160-4162	of	Direct Opinion[121]	_	_	_	
22-6	4163-4169	hiking	Direct Opinion[121]	_	_	_	
22-7	4170-4171	.	_	_	_	_	
22-8	4173-4181	IMPLICIT	Direct Aspect	_	_	_	
22-9	4182-4187	Right	Direct Opinion[122]	Performance#General	Positive	22-15[123_122]	
22-10	4188-4191	out	Direct Opinion[122]	_	_	_	
22-11	4192-4194	of	Direct Opinion[122]	_	_	_	
22-12	4195-4198	the	Direct Opinion[122]	_	_	_	
22-13	4199-4202	box	Direct Opinion[122]	_	_	_	
22-14	4203-4207	this	Direct Opinion[122]	_	_	_	
22-15	4208-4213	boots	Direct Opinion[122]|Direct Aspect[123]|Direct Aspect[124]	_	_	_	
22-16	4214-4220	change	Direct Opinion[122]	_	_	_	
22-17	4221-4223	my	Direct Opinion[122]	_	_	_	
22-18	4224-4228	life	Direct Opinion[122]	_	_	_	
22-19	4229-4230	.	_	_	_	_	
22-20	4232-4240	IMPLICIT	_	_	_	_	
22-21	4241-4242	I	Direct Opinion[125]	Performance#Sizing/Fit	Positive	22-15[124_125]	
22-22	4243-4245	am	Direct Opinion[125]	_	_	_	
22-23	4246-4250	flat	Direct Opinion[125]	_	_	_	
22-24	4251-4255	foot	Direct Opinion[125]	_	_	_	
22-25	4256-4258	on	Direct Opinion[125]	_	_	_	
22-26	4259-4261	my	Direct Opinion[125]	_	_	_	
22-27	4262-4266	left	Direct Opinion[125]	_	_	_	
22-28	4267-4271	foot	Direct Opinion[125]	_	_	_	
22-29	4271-4272	,	Direct Opinion[125]	_	_	_	
22-30	4273-4276	yet	Direct Opinion[125]	_	_	_	
22-31	4277-4280	the	Direct Opinion[125]	_	_	_	
22-32	4281-4283	10	Direct Opinion[125]	_	_	_	
22-33	4284-4285	1	Direct Opinion[125]	_	_	_	
22-34	4285-4286	/	Direct Opinion[125]	_	_	_	
22-35	4286-4287	2	Direct Opinion[125]	_	_	_	
22-36	4288-4292	wide	Direct Opinion[125]	_	_	_	
22-37	4293-4296	was	Direct Opinion[125]	_	_	_	
22-38	4297-4305	adequate	Direct Opinion[125]	_	_	_	
22-39	4306-4309	for	Direct Opinion[125]	_	_	_	
22-40	4310-4312	my	Direct Opinion[125]	_	_	_	
22-41	4313-4318	issue	Direct Opinion[125]	_	_	_	
22-42	4319-4320	.	_	_	_	_	
22-43	4322-4330	IMPLICIT	_	_	_	_	
22-44	4331-4332	I	Direct Opinion[126]	ContextOfUse#Purchase\_Context	Positive	22-47[0_126]	
22-45	4333-4343	previously	Direct Opinion[126]	_	_	_	
22-46	4344-4347	own	Direct Opinion[126]	_	_	_	
22-47	4348-4358	timberland	Direct Aspect	_	_	_	
22-48	4359-4362	and	_	_	_	_	
22-49	4363-4369	expect	_	_	_	_	
22-50	4370-4372	my	_	_	_	_	
22-51	4373-4376	new	Direct Aspect[127]	_	_	_	
22-52	4377-4385	purchase	Direct Aspect[127]	_	_	_	
22-53	4386-4388	to	Direct Opinion[128]	Performance#Comfort	Positive	22-51[127_128]	
22-54	4389-4396	perform	Direct Opinion[128]	_	_	_	
22-55	4397-4401	just	Direct Opinion[128]	_	_	_	
22-56	4402-4404	as	Direct Opinion[128]	_	_	_	
22-57	4405-4409	well	Direct Opinion[128]	_	_	_	
22-58	4410-4417	keeping	Direct Opinion[128]	_	_	_	
22-59	4418-4420	my	Direct Opinion[128]	_	_	_	
22-60	4421-4425	feet	Direct Opinion[128]	_	_	_	
22-61	4426-4429	dry	Direct Opinion[128]	_	_	_	
22-62	4430-4433	and	Direct Opinion[128]	_	_	_	
22-63	4434-4445	comfortable	Direct Opinion[128]	_	_	_	
22-64	4446-4447	.	_	_	_	_	
22-65	4449-4457	IMPLICIT	Direct Aspect	_	_	_	
22-66	4458-4459	I	Direct Opinion[129]	Style Choices	Positive	22-65[0_129]	
22-67	4460-4464	like	Direct Opinion[129]	_	_	_	
22-68	4465-4468	the	Direct Opinion[129]	_	_	_	
22-69	4469-4475	styles	Direct Opinion[129]	_	_	_	
22-70	4476-4479	and	_	_	_	_	
22-71	4480-4488	purchase	Direct Opinion[130]	Appearance#Color	Positive	22-83[131_130]	
22-72	4489-4492	the	Direct Opinion[130]	_	_	_	
22-73	4493-4498	brown	Direct Opinion[130]	_	_	_	
22-74	4499-4506	because	Direct Opinion[130]	_	_	_	
22-75	4507-4510	the	Direct Opinion[130]	_	_	_	
22-76	4511-4516	green	Direct Opinion[130]	_	_	_	
22-77	4517-4527	timberland	Direct Opinion[130]	_	_	_	
22-78	4528-4532	logo	Direct Opinion[130]	_	_	_	
22-79	4533-4536	was	Direct Opinion[130]	_	_	_	
22-80	4537-4539	so	Direct Opinion[130]	_	_	_	
22-81	4540-4544	cool	Direct Opinion[130]	_	_	_	
22-82	4545-4546	.	_	_	_	_	
22-83	4548-4556	IMPLICIT	Direct Aspect[131]|Direct Aspect[132]	_	_	_	
22-84	4557-4562	Enjoy	Direct Opinion[133]	Performance#General	Positive	22-83[132_133]	
22-85	4563-4564	!	Direct Opinion[133]	_	_	_	
22-86	4566-4574	IMPLICIT	_	_	_	_	

#Text=I'm really enjoying this shoe .  IMPLICIT They fit SNUG .  IMPLICIT I think it's just a matter of breaking them in some .  IMPLICIT Definitely going to order another pair soon .  IMPLICIT
23-1	4576-4579	I'm	Direct Opinion[134]	Performance#General	Positive	23-5[135_134]	
23-2	4580-4586	really	Direct Opinion[134]	_	_	_	
23-3	4587-4595	enjoying	Direct Opinion[134]	_	_	_	
23-4	4596-4600	this	_	_	_	_	
23-5	4601-4605	shoe	Direct Aspect[135]|Direct Aspect[136]	_	_	_	
23-6	4606-4607	.	_	_	_	_	
23-7	4609-4617	IMPLICIT	_	_	_	_	
23-8	4618-4622	They	Direct Opinion[137]	Performance#Sizing/Fit	Positive	23-5[136_137]	
23-9	4623-4626	fit	Direct Opinion[137]	_	_	_	
23-10	4627-4631	SNUG	Direct Opinion[137]	_	_	_	
23-11	4632-4633	.	_	_	_	_	
23-12	4635-4643	IMPLICIT	Direct Aspect	_	_	_	
23-13	4644-4645	I	Direct Opinion[138]	Performance#Misc	Positive	23-12[0_138]	
23-14	4646-4651	think	Direct Opinion[138]	_	_	_	
23-15	4652-4656	it's	Direct Opinion[138]	_	_	_	
23-16	4657-4661	just	Direct Opinion[138]	_	_	_	
23-17	4662-4663	a	Direct Opinion[138]	_	_	_	
23-18	4664-4670	matter	Direct Opinion[138]	_	_	_	
23-19	4671-4673	of	Direct Opinion[138]	_	_	_	
23-20	4674-4682	breaking	Direct Opinion[138]	_	_	_	
23-21	4683-4687	them	Direct Opinion[138]	_	_	_	
23-22	4688-4690	in	Direct Opinion[138]	_	_	_	
23-23	4691-4695	some	Direct Opinion[138]	_	_	_	
23-24	4696-4697	.	_	_	_	_	
23-25	4699-4707	IMPLICIT	Direct Aspect	_	_	_	
23-26	4708-4718	Definitely	Direct Opinion[139]	ContextOfUse#Purchase\_Context	Positive	23-25[0_139]	
23-27	4719-4724	going	Direct Opinion[139]	_	_	_	
23-28	4725-4727	to	Direct Opinion[139]	_	_	_	
23-29	4728-4733	order	Direct Opinion[139]	_	_	_	
23-30	4734-4741	another	Direct Opinion[139]	_	_	_	
23-31	4742-4746	pair	Direct Opinion[139]	_	_	_	
23-32	4747-4751	soon	Direct Opinion[139]	_	_	_	
23-33	4752-4753	.	_	_	_	_	
23-34	4755-4763	IMPLICIT	_	_	_	_	

#Text=I have worn these shoes after replacing both of my knees and recently after having surgery from a ruptured Achilles tendon .  IMPLICIT I love the support they provide .  IMPLICIT
24-1	4765-4766	I	Direct Opinion[140]	Performance#Use Case Applicability	Positive	24-5[141_140]	
24-2	4767-4771	have	Direct Opinion[140]	_	_	_	
24-3	4772-4776	worn	Direct Opinion[140]	_	_	_	
24-4	4777-4782	these	Direct Opinion[140]	_	_	_	
24-5	4783-4788	shoes	Direct Opinion[140]|Direct Aspect[141]|Direct Aspect[142]	_	_	_	
24-6	4789-4794	after	Direct Opinion[140]	_	_	_	
24-7	4795-4804	replacing	Direct Opinion[140]	_	_	_	
24-8	4805-4809	both	Direct Opinion[140]	_	_	_	
24-9	4810-4812	of	Direct Opinion[140]	_	_	_	
24-10	4813-4815	my	Direct Opinion[140]	_	_	_	
24-11	4816-4821	knees	Direct Opinion[140]	_	_	_	
24-12	4822-4825	and	Direct Opinion[140]	_	_	_	
24-13	4826-4834	recently	Direct Opinion[140]	_	_	_	
24-14	4835-4840	after	Direct Opinion[140]	_	_	_	
24-15	4841-4847	having	Direct Opinion[140]	_	_	_	
24-16	4848-4855	surgery	Direct Opinion[140]	_	_	_	
24-17	4856-4860	from	Direct Opinion[140]	_	_	_	
24-18	4861-4862	a	Direct Opinion[140]	_	_	_	
24-19	4863-4871	ruptured	Direct Opinion[140]	_	_	_	
24-20	4872-4880	Achilles	Direct Opinion[140]	_	_	_	
24-21	4881-4887	tendon	Direct Opinion[140]	_	_	_	
24-22	4888-4889	.	_	_	_	_	
24-23	4891-4899	IMPLICIT	_	_	_	_	
24-24	4900-4901	I	Direct Opinion[143]	Performance#Support/Stability	Positive	24-5[142_143]	
24-25	4902-4906	love	Direct Opinion[143]	_	_	_	
24-26	4907-4910	the	Direct Opinion[143]	_	_	_	
24-27	4911-4918	support	Direct Opinion[143]	_	_	_	
24-28	4919-4923	they	Direct Opinion[143]	_	_	_	
24-29	4924-4931	provide	Direct Opinion[143]	_	_	_	
24-30	4932-4933	.	_	_	_	_	
24-31	4935-4943	IMPLICIT	_	_	_	_	

#Text=I purchased this shoe style a couple of years ago .  IMPLICIT I order a replacement pair in 2021 and noticed that they are considerably narrower than the previous pair that I own .  IMPLICIT I used the tape measure to measure both and compare .  IMPLICIT Hopefully, they will make their upcoming version wider, because my previous pair was awesome .  IMPLICIT
25-1	4945-4946	I	Direct Opinion[144]	ContextOfUse#Purchase\_Context	Neutral	25-4[145_144]	
25-2	4947-4956	purchased	Direct Opinion[144]	_	_	_	
25-3	4957-4961	this	Direct Opinion[144]	_	_	_	
25-4	4962-4966	shoe	Direct Opinion[144]|Direct Aspect[145]|Direct Aspect[146]	_	_	_	
25-5	4967-4972	style	Direct Opinion[144]	_	_	_	
25-6	4973-4974	a	Direct Opinion[144]	_	_	_	
25-7	4975-4981	couple	Direct Opinion[144]	_	_	_	
25-8	4982-4984	of	Direct Opinion[144]	_	_	_	
25-9	4985-4990	years	Direct Opinion[144]	_	_	_	
25-10	4991-4994	ago	Direct Opinion[144]	_	_	_	
25-11	4995-4996	.	_	_	_	_	
25-12	4998-5006	IMPLICIT	_	_	_	_	
25-13	5007-5008	I	Indirect Opinion[147]	Performance#Sizing/Fit	Negative	25-4[146_147]	
25-14	5009-5014	order	Indirect Opinion[147]	_	_	_	
25-15	5015-5016	a	Indirect Opinion[147]	_	_	_	
25-16	5017-5028	replacement	Indirect Opinion[147]	_	_	_	
25-17	5029-5033	pair	Indirect Opinion[147]	_	_	_	
25-18	5034-5036	in	Indirect Opinion[147]	_	_	_	
25-19	5037-5041	2021	Indirect Opinion[147]	_	_	_	
25-20	5042-5045	and	Indirect Opinion[147]	_	_	_	
25-21	5046-5053	noticed	Indirect Opinion[147]	_	_	_	
25-22	5054-5058	that	Indirect Opinion[147]	_	_	_	
25-23	5059-5063	they	Indirect Opinion[147]	_	_	_	
25-24	5064-5067	are	Indirect Opinion[147]	_	_	_	
25-25	5068-5080	considerably	Indirect Opinion[147]	_	_	_	
25-26	5081-5089	narrower	Indirect Opinion[147]	_	_	_	
25-27	5090-5094	than	Indirect Opinion[147]	_	_	_	
25-28	5095-5098	the	Indirect Opinion[147]	_	_	_	
25-29	5099-5107	previous	Indirect Opinion[147]	_	_	_	
25-30	5108-5112	pair	Indirect Opinion[147]	_	_	_	
25-31	5113-5117	that	Indirect Opinion[147]	_	_	_	
25-32	5118-5119	I	Indirect Opinion[147]	_	_	_	
25-33	5120-5123	own	Indirect Opinion[147]	_	_	_	
25-34	5124-5125	.	_	_	_	_	
25-35	5127-5135	IMPLICIT	_	_	_	_	
25-36	5136-5137	I	_	_	_	_	
25-37	5138-5142	used	_	_	_	_	
25-38	5143-5146	the	_	_	_	_	
25-39	5147-5151	tape	_	_	_	_	
25-40	5152-5159	measure	_	_	_	_	
25-41	5160-5162	to	_	_	_	_	
25-42	5163-5170	measure	_	_	_	_	
25-43	5171-5175	both	_	_	_	_	
25-44	5176-5179	and	_	_	_	_	
25-45	5180-5187	compare	_	_	_	_	
25-46	5188-5189	.	_	_	_	_	
25-47	5191-5199	IMPLICIT	Direct Aspect	_	_	_	
25-48	5200-5209	Hopefully	Indirect Opinion[148]	ContextOfUse#Purchase\_Context	Positive	25-47[0_148]	
25-49	5209-5210	,	Indirect Opinion[148]	_	_	_	
25-50	5211-5215	they	Indirect Opinion[148]	_	_	_	
25-51	5216-5220	will	Indirect Opinion[148]	_	_	_	
25-52	5221-5225	make	Indirect Opinion[148]	_	_	_	
25-53	5226-5231	their	Indirect Opinion[148]	_	_	_	
25-54	5232-5240	upcoming	Indirect Opinion[148]	_	_	_	
25-55	5241-5248	version	Indirect Opinion[148]	_	_	_	
25-56	5249-5254	wider	Indirect Opinion[148]	_	_	_	
25-57	5254-5255	,	Indirect Opinion[148]	_	_	_	
25-58	5256-5263	because	Indirect Opinion[148]	_	_	_	
25-59	5264-5266	my	Indirect Opinion[148]	_	_	_	
25-60	5267-5275	previous	Indirect Opinion[148]	_	_	_	
25-61	5276-5280	pair	Indirect Opinion[148]	_	_	_	
25-62	5281-5284	was	Indirect Opinion[148]	_	_	_	
25-63	5285-5292	awesome	Indirect Opinion[148]	_	_	_	
25-64	5293-5294	.	_	_	_	_	
25-65	5296-5304	IMPLICIT	_	_	_	_	
