#FORMAT=WebAnno TSV 3.3
#T_SP=webanno.custom.Aspect|MentionType
#T_RL=webanno.custom.Sentiment|Category|Polarity|BT_webanno.custom.Aspect


#Text=I wore them one day and the creases were so noticeable .  IMPLICIT They look old and I just got them .  IMPLICIT Was really disappointed .  IMPLICIT
1-1	0-1	I	_	_	_	_	
1-2	2-6	wore	Indirect Opinion[1]	Performance#Durability	Negative	1-14[0_1]	
1-3	7-11	them	Indirect Opinion[1]	_	_	_	
1-4	12-15	one	Indirect Opinion[1]	_	_	_	
1-5	16-19	day	Indirect Opinion[1]	_	_	_	
1-6	20-23	and	Indirect Opinion[1]	_	_	_	
1-7	24-27	the	Indirect Opinion[1]	_	_	_	
1-8	28-35	creases	Indirect Opinion[1]	_	_	_	
1-9	36-40	were	Indirect Opinion[1]	_	_	_	
1-10	41-43	so	Indirect Opinion[1]	_	_	_	
1-11	44-54	noticeable	Indirect Opinion[1]	_	_	_	
1-12	55-56	.	_	_	_	_	
1-13	58-66	IMPLICIT	_	_	_	_	
1-14	67-71	They	Direct Aspect	_	_	_	
1-15	72-76	look	Indirect Opinion[2]	Appearance#Misc	Negative	1-14[0_2]	
1-16	77-80	old	Indirect Opinion[2]	_	_	_	
1-17	81-84	and	_	_	_	_	
1-18	85-86	I	_	_	_	_	
1-19	87-91	just	_	_	_	_	
1-20	92-95	got	_	_	_	_	
1-21	96-100	them	_	_	_	_	
1-22	101-102	.	_	_	_	_	
1-23	104-112	IMPLICIT	_	_	_	_	
1-24	113-116	Was	_	_	_	_	
1-25	117-123	really	_	_	_	_	
1-26	124-136	disappointed	Direct Opinion	Misc	Negative	1-14	
1-27	137-138	.	_	_	_	_	
1-28	140-148	IMPLICIT	_	_	_	_	

#Text=Have worn New Balance for many years .  IMPLICIT Have always worn same size and width (13-4E) .  IMPLICIT Last ones of same size were too short and too narrow .  IMPLICIT Went up to 14 4E, almost too long and felt almost like a medium width .  IMPLICIT Have purchased my last pair of New Balance .  IMPLICIT
2-1	150-154	Have	_	_	_	_	
2-2	155-159	worn	Indirect Opinion[3]	Misc	Positive	2-3[4_3]	
2-3	160-163	New	Indirect Opinion[3]|Direct Aspect[4]	_	_	_	
2-4	164-171	Balance	Indirect Opinion[3]|Direct Aspect[4]	_	_	_	
2-5	172-175	for	Indirect Opinion[3]	_	_	_	
2-6	176-180	many	Indirect Opinion[3]	_	_	_	
2-7	181-186	years	Indirect Opinion[3]	_	_	_	
2-8	187-188	.	_	_	_	_	
2-9	190-198	IMPLICIT	_	_	_	_	
2-10	199-203	Have	_	_	_	_	
2-11	204-210	always	Indirect Opinion[5]	Performance#Sizing/Fit	Neutral	2-3[4_5]	
2-12	211-215	worn	Indirect Opinion[5]	_	_	_	
2-13	216-220	same	Indirect Opinion[5]	_	_	_	
2-14	221-225	size	Indirect Opinion[5]	_	_	_	
2-15	226-229	and	Indirect Opinion[5]	_	_	_	
2-16	230-235	width	Indirect Opinion[5]	_	_	_	
2-17	236-237	(	_	_	_	_	
2-18	237-239	13	_	_	_	_	
2-19	239-240	-	_	_	_	_	
2-20	240-242	4E	_	_	_	_	
2-21	242-243	)	_	_	_	_	
2-22	244-245	.	_	_	_	_	
2-23	247-255	IMPLICIT	_	_	_	_	
2-24	256-260	Last	Indirect Opinion[6]	Performance#Sizing/Fit	Negative	2-3[4_6]	
2-25	261-265	ones	Indirect Opinion[6]	_	_	_	
2-26	266-268	of	Indirect Opinion[6]	_	_	_	
2-27	269-273	same	Indirect Opinion[6]	_	_	_	
2-28	274-278	size	Indirect Opinion[6]	_	_	_	
2-29	279-283	were	Indirect Opinion[6]	_	_	_	
2-30	284-287	too	Indirect Opinion[6]	_	_	_	
2-31	288-293	short	Indirect Opinion[6]	_	_	_	
2-32	294-297	and	Indirect Opinion[6]	_	_	_	
2-33	298-301	too	Indirect Opinion[6]	_	_	_	
2-34	302-308	narrow	Indirect Opinion[6]	_	_	_	
2-35	309-310	.	_	_	_	_	
2-36	312-320	IMPLICIT	_	_	_	_	
2-37	321-325	Went	Indirect Opinion[7]	Performance#Sizing/Fit	Negative	2-3[4_7]	
2-38	326-328	up	Indirect Opinion[7]	_	_	_	
2-39	329-331	to	Indirect Opinion[7]	_	_	_	
2-40	332-334	14	Indirect Opinion[7]	_	_	_	
2-41	335-337	4E	Indirect Opinion[7]	_	_	_	
2-42	337-338	,	Indirect Opinion[7]	_	_	_	
2-43	339-345	almost	Indirect Opinion[7]	_	_	_	
2-44	346-349	too	Indirect Opinion[7]	_	_	_	
2-45	350-354	long	Indirect Opinion[7]	_	_	_	
2-46	355-358	and	Indirect Opinion[7]	_	_	_	
2-47	359-363	felt	Indirect Opinion[7]	_	_	_	
2-48	364-370	almost	Indirect Opinion[7]	_	_	_	
2-49	371-375	like	Indirect Opinion[7]	_	_	_	
2-50	376-377	a	Indirect Opinion[7]	_	_	_	
2-51	378-384	medium	Indirect Opinion[7]	_	_	_	
2-52	385-390	width	Indirect Opinion[7]	_	_	_	
2-53	391-392	.	_	_	_	_	
2-54	394-402	IMPLICIT	_	_	_	_	
2-55	403-407	Have	Indirect Opinion[8]	Misc	Negative	2-3[4_8]	
2-56	408-417	purchased	Indirect Opinion[8]	_	_	_	
2-57	418-420	my	Indirect Opinion[8]	_	_	_	
2-58	421-425	last	Indirect Opinion[8]	_	_	_	
2-59	426-430	pair	Indirect Opinion[8]	_	_	_	
2-60	431-433	of	Indirect Opinion[8]	_	_	_	
2-61	434-437	New	Indirect Opinion[8]	_	_	_	
2-62	438-445	Balance	Indirect Opinion[8]	_	_	_	
2-63	446-447	.	_	_	_	_	
2-64	449-457	IMPLICIT	_	_	_	_	

#Text=It's a great shoes but need different size .  IMPLICIT I recommend it IMPLICIT
3-1	459-463	It's	_	_	_	_	
3-2	464-465	a	_	_	_	_	
3-3	466-471	great	Direct Opinion	Misc	Positive	3-4	
3-4	472-477	shoes	Direct Aspect	_	_	_	
3-5	478-481	but	_	_	_	_	
3-6	482-486	need	Indirect Opinion[9]	Performance#Sizing/Fit	Negative	3-4[0_9]	
3-7	487-496	different	Indirect Opinion[9]	_	_	_	
3-8	497-501	size	Indirect Opinion[9]	_	_	_	
3-9	502-503	.	_	_	_	_	
3-10	505-513	IMPLICIT	_	_	_	_	
3-11	514-515	I	_	_	_	_	
3-12	516-525	recommend	Indirect Opinion[10]	Misc	Positive	3-4[0_10]	
3-13	526-528	it	Indirect Opinion[10]	_	_	_	
3-14	529-537	IMPLICIT	_	_	_	_	

#Text=I wear a size 7 in all other brands .  IMPLICIT This shoe could not even get my foot into so saying size too small and width too narrow I have not clue becaue I could get my foot in .  IMPLICIT
4-1	539-540	I	_	_	_	_	
4-2	541-545	wear	_	_	_	_	
4-3	546-547	a	_	_	_	_	
4-4	548-552	size	_	_	_	_	
4-5	553-554	7	_	_	_	_	
4-6	555-557	in	_	_	_	_	
4-7	558-561	all	_	_	_	_	
4-8	562-567	other	_	_	_	_	
4-9	568-574	brands	_	_	_	_	
4-10	575-576	.	_	_	_	_	
4-11	578-586	IMPLICIT	_	_	_	_	
4-12	587-591	This	_	_	_	_	
4-13	592-596	shoe	Direct Aspect	_	_	_	
4-14	597-602	could	Indirect Opinion[11]	Performance#Sizing/Fit	Negative	4-13[0_11]	
4-15	603-606	not	Indirect Opinion[11]	_	_	_	
4-16	607-611	even	Indirect Opinion[11]	_	_	_	
4-17	612-615	get	Indirect Opinion[11]	_	_	_	
4-18	616-618	my	Indirect Opinion[11]	_	_	_	
4-19	619-623	foot	Indirect Opinion[11]	_	_	_	
4-20	624-628	into	Indirect Opinion[11]	_	_	_	
4-21	629-631	so	Indirect Opinion[11]	_	_	_	
4-22	632-638	saying	Indirect Opinion[11]	_	_	_	
4-23	639-643	size	Indirect Opinion[11]	_	_	_	
4-24	644-647	too	Indirect Opinion[11]	_	_	_	
4-25	648-653	small	Indirect Opinion[11]	_	_	_	
4-26	654-657	and	Indirect Opinion[11]	_	_	_	
4-27	658-663	width	Indirect Opinion[11]	_	_	_	
4-28	664-667	too	Indirect Opinion[11]	_	_	_	
4-29	668-674	narrow	Indirect Opinion[11]	_	_	_	
4-30	675-676	I	_	_	_	_	
4-31	677-681	have	_	_	_	_	
4-32	682-685	not	_	_	_	_	
4-33	686-690	clue	_	_	_	_	
4-34	691-697	becaue	_	_	_	_	
4-35	698-699	I	_	_	_	_	
4-36	700-705	could	_	_	_	_	
4-37	706-709	get	_	_	_	_	
4-38	710-712	my	_	_	_	_	
4-39	713-717	foot	_	_	_	_	
4-40	718-720	in	_	_	_	_	
4-41	721-722	.	_	_	_	_	
4-42	724-732	IMPLICIT	_	_	_	_	

#Text=Not comfortable .  IMPLICIT Size was too big and the fit was not what I expect from New Balance IMPLICIT
5-1	734-737	Not	Indirect Opinion[12]	Performance#Comfort	Negative	5-18[15_12]	
5-2	738-749	comfortable	Indirect Opinion[12]	_	_	_	
5-3	750-751	.	_	_	_	_	
5-4	753-761	IMPLICIT	_	_	_	_	
5-5	762-766	Size	Indirect Opinion[13]	Performance#Sizing/Fit	Negative	5-18[15_13]	
5-6	767-770	was	Indirect Opinion[13]	_	_	_	
5-7	771-774	too	Indirect Opinion[13]	_	_	_	
5-8	775-778	big	Indirect Opinion[13]	_	_	_	
5-9	779-782	and	_	_	_	_	
5-10	783-786	the	_	_	_	_	
5-11	787-790	fit	Indirect Opinion[14]	Performance#Sizing/Fit	Negative	5-18[15_14]	
5-12	791-794	was	Indirect Opinion[14]	_	_	_	
5-13	795-798	not	Indirect Opinion[14]	_	_	_	
5-14	799-803	what	Indirect Opinion[14]	_	_	_	
5-15	804-805	I	Indirect Opinion[14]	_	_	_	
5-16	806-812	expect	Indirect Opinion[14]	_	_	_	
5-17	813-817	from	_	_	_	_	
5-18	818-821	New	Direct Aspect[15]	_	_	_	
5-19	822-829	Balance	Direct Aspect[15]	_	_	_	
5-20	830-838	IMPLICIT	_	_	_	_	

#Text=Very comfortable !  IMPLICIT I could exercise in them and wear them fashionably as well .  IMPLICIT
6-1	840-844	Very	Indirect Opinion[16]	Performance#Comfort	Positive	6-9[0_16]	
6-2	845-856	comfortable	Indirect Opinion[16]	_	_	_	
6-3	857-858	!	_	_	_	_	
6-4	860-868	IMPLICIT	_	_	_	_	
6-5	869-870	I	_	_	_	_	
6-6	871-876	could	_	_	_	_	
6-7	877-885	exercise	Indirect Opinion	Performance#Use Case Applicability	Positive	6-9	
6-8	886-888	in	_	_	_	_	
6-9	889-893	them	Direct Aspect	_	_	_	
6-10	894-897	and	_	_	_	_	
6-11	898-902	wear	Indirect Opinion[17]	Style Choices	Positive	6-9[0_17]	
6-12	903-907	them	Indirect Opinion[17]	_	_	_	
6-13	908-919	fashionably	Indirect Opinion[17]	_	_	_	
6-14	920-922	as	_	_	_	_	
6-15	923-927	well	_	_	_	_	
6-16	928-929	.	_	_	_	_	
6-17	931-939	IMPLICIT	_	_	_	_	

#Text=Only 1 pair of wide width shoe in the ENTIRE store .  IMPLICIT I returned my mail order to closest Finish Line store .  IMPLICIT I will NEVER order again .  IMPLICIT
7-1	941-945	Only	Indirect Opinion[18]	ContextOfUse#Purchase\_Context	Negative	7-7[19_18]	
7-2	946-947	1	Indirect Opinion[18]	_	_	_	
7-3	948-952	pair	Indirect Opinion[18]	_	_	_	
7-4	953-955	of	Indirect Opinion[18]	_	_	_	
7-5	956-960	wide	Indirect Opinion[18]	_	_	_	
7-6	961-966	width	Indirect Opinion[18]	_	_	_	
7-7	967-971	shoe	Indirect Opinion[18]|Direct Aspect[19]	_	_	_	
7-8	972-974	in	Indirect Opinion[18]	_	_	_	
7-9	975-978	the	Indirect Opinion[18]	_	_	_	
7-10	979-985	ENTIRE	Indirect Opinion[18]	_	_	_	
7-11	986-991	store	Indirect Opinion[18]	_	_	_	
7-12	992-993	.	_	_	_	_	
7-13	995-1003	IMPLICIT	_	_	_	_	
7-14	1004-1005	I	_	_	_	_	
7-15	1006-1014	returned	Indirect Opinion[20]	ContextOfUse#Purchase\_Context	Negative	7-7[19_20]	
7-16	1015-1017	my	Indirect Opinion[20]	_	_	_	
7-17	1018-1022	mail	Indirect Opinion[20]	_	_	_	
7-18	1023-1028	order	Indirect Opinion[20]	_	_	_	
7-19	1029-1031	to	Indirect Opinion[20]	_	_	_	
7-20	1032-1039	closest	Indirect Opinion[20]	_	_	_	
7-21	1040-1046	Finish	Indirect Opinion[20]	_	_	_	
7-22	1047-1051	Line	Indirect Opinion[20]	_	_	_	
7-23	1052-1057	store	Indirect Opinion[20]	_	_	_	
7-24	1058-1059	.	_	_	_	_	
7-25	1061-1069	IMPLICIT	_	_	_	_	
7-26	1070-1071	I	_	_	_	_	
7-27	1072-1076	will	_	_	_	_	
7-28	1077-1082	NEVER	Indirect Opinion[21]	Misc	Negative	7-7[19_21]	
7-29	1083-1088	order	Indirect Opinion[21]	_	_	_	
7-30	1089-1094	again	Indirect Opinion[21]	_	_	_	
7-31	1095-1096	.	_	_	_	_	
7-32	1098-1106	IMPLICIT	_	_	_	_	

#Text=Great price even better product .  IMPLICIT I've already recommended this item .  IMPLICIT
8-1	1108-1113	Great	Indirect Opinion[22]	Cost/Value	Positive	8-5[0_22]	
8-2	1114-1119	price	Indirect Opinion[22]	_	_	_	
8-3	1120-1124	even	_	_	_	_	
8-4	1125-1131	better	Indirect Opinion	Misc	Positive	8-5	
8-5	1132-1139	product	Direct Aspect	_	_	_	
8-6	1140-1141	.	_	_	_	_	
8-7	1143-1151	IMPLICIT	_	_	_	_	
8-8	1152-1156	I've	_	_	_	_	
8-9	1157-1164	already	Indirect Opinion[23]	Misc	Positive	8-5[0_23]	
8-10	1165-1176	recommended	Indirect Opinion[23]	_	_	_	
8-11	1177-1181	this	_	_	_	_	
8-12	1182-1186	item	_	_	_	_	
8-13	1187-1188	.	_	_	_	_	
8-14	1190-1198	IMPLICIT	_	_	_	_	

#Text=Good for around the house .  IMPLICIT If your looking to exercise in these, I would recommend something else .  IMPLICIT Not too supportive and the sole is thin and flat .  IMPLICIT Not much of an arch either .  IMPLICIT They are not slip on and go, you have to have strong fingers to wrangle on the heel !  IMPLICIT
9-1	1200-1204	Good	Indirect Opinion[24]	Performance#Use Case Applicability	Positive	9-14[26_24]	
9-2	1205-1208	for	Indirect Opinion[24]	_	_	_	
9-3	1209-1215	around	Indirect Opinion[24]	_	_	_	
9-4	1216-1219	the	Indirect Opinion[24]	_	_	_	
9-5	1220-1225	house	Indirect Opinion[24]	_	_	_	
9-6	1226-1227	.	_	_	_	_	
9-7	1229-1237	IMPLICIT	_	_	_	_	
9-8	1238-1240	If	Indirect Opinion[25]	Performance#Use Case Applicability	Negative	9-14[26_25]	
9-9	1241-1245	your	Indirect Opinion[25]	_	_	_	
9-10	1246-1253	looking	Indirect Opinion[25]	_	_	_	
9-11	1254-1256	to	Indirect Opinion[25]	_	_	_	
9-12	1257-1265	exercise	Indirect Opinion[25]	_	_	_	
9-13	1266-1268	in	Indirect Opinion[25]	_	_	_	
9-14	1269-1274	these	Indirect Opinion[25]|Direct Aspect[26]	_	_	_	
9-15	1274-1275	,	Indirect Opinion[25]	_	_	_	
9-16	1276-1277	I	Indirect Opinion[25]	_	_	_	
9-17	1278-1283	would	Indirect Opinion[25]	_	_	_	
9-18	1284-1293	recommend	Indirect Opinion[25]	_	_	_	
9-19	1294-1303	something	Indirect Opinion[25]	_	_	_	
9-20	1304-1308	else	Indirect Opinion[25]	_	_	_	
9-21	1309-1310	.	_	_	_	_	
9-22	1312-1320	IMPLICIT	_	_	_	_	
9-23	1321-1324	Not	Indirect Opinion[27]	Performance#Support/Stability	Negative	9-14[26_27]	
9-24	1325-1328	too	Indirect Opinion[27]	_	_	_	
9-25	1329-1339	supportive	Indirect Opinion[27]	_	_	_	
9-26	1340-1343	and	_	_	_	_	
9-27	1344-1347	the	Indirect Opinion[28]	Appearance#Shoe Component	Negative	9-14[26_28]	
9-28	1348-1352	sole	Indirect Opinion[28]	_	_	_	
9-29	1353-1355	is	Indirect Opinion[28]	_	_	_	
9-30	1356-1360	thin	Indirect Opinion[28]	_	_	_	
9-31	1361-1364	and	Indirect Opinion[28]	_	_	_	
9-32	1365-1369	flat	Indirect Opinion[28]	_	_	_	
9-33	1370-1371	.	_	_	_	_	
9-34	1373-1381	IMPLICIT	_	_	_	_	
9-35	1382-1385	Not	Indirect Opinion[29]	Appearance#Shoe Component	Negative	9-14[26_29]	
9-36	1386-1390	much	Indirect Opinion[29]	_	_	_	
9-37	1391-1393	of	Indirect Opinion[29]	_	_	_	
9-38	1394-1396	an	Indirect Opinion[29]	_	_	_	
9-39	1397-1401	arch	Indirect Opinion[29]	_	_	_	
9-40	1402-1408	either	_	_	_	_	
9-41	1409-1410	.	_	_	_	_	
9-42	1412-1420	IMPLICIT	_	_	_	_	
9-43	1421-1425	They	Direct Aspect	_	_	_	
9-44	1426-1429	are	_	_	_	_	
9-45	1430-1433	not	Indirect Opinion[30]	Performance#Sizing/Fit	Positive	9-43[0_30]	
9-46	1434-1438	slip	Indirect Opinion[30]	_	_	_	
9-47	1439-1441	on	Indirect Opinion[30]	_	_	_	
9-48	1442-1445	and	Indirect Opinion[30]	_	_	_	
9-49	1446-1448	go	Indirect Opinion[30]	_	_	_	
9-50	1448-1449	,	_	_	_	_	
9-51	1450-1453	you	_	_	_	_	
9-52	1454-1458	have	Indirect Opinion[31]	ContextOfUse#Use case	Negative	9-43[0_31]	
9-53	1459-1461	to	Indirect Opinion[31]	_	_	_	
9-54	1462-1466	have	Indirect Opinion[31]	_	_	_	
9-55	1467-1473	strong	Indirect Opinion[31]	_	_	_	
9-56	1474-1481	fingers	Indirect Opinion[31]	_	_	_	
9-57	1482-1484	to	Indirect Opinion[31]	_	_	_	
9-58	1485-1492	wrangle	Indirect Opinion[31]	_	_	_	
9-59	1493-1495	on	Indirect Opinion[31]	_	_	_	
9-60	1496-1499	the	Indirect Opinion[31]	_	_	_	
9-61	1500-1504	heel	Indirect Opinion[31]	_	_	_	
9-62	1505-1506	!	_	_	_	_	
9-63	1508-1516	IMPLICIT	_	_	_	_	

#Text=I have them in black and white .  IMPLICIT The most comfortable shoes I have .  IMPLICIT
10-1	1518-1519	I	_	_	_	_	
10-2	1520-1524	have	_	_	_	_	
10-3	1525-1529	them	_	_	_	_	
10-4	1530-1532	in	_	_	_	_	
10-5	1533-1538	black	_	_	_	_	
10-6	1539-1542	and	_	_	_	_	
10-7	1543-1548	white	_	_	_	_	
10-8	1549-1550	.	_	_	_	_	
10-9	1552-1560	IMPLICIT	_	_	_	_	
10-10	1561-1564	The	_	_	_	_	
10-11	1565-1569	most	Indirect Opinion[32]	Performance#Comfort	Positive	10-13[0_32]	
10-12	1570-1581	comfortable	Indirect Opinion[32]	_	_	_	
10-13	1582-1587	shoes	Direct Aspect	_	_	_	
10-14	1588-1589	I	_	_	_	_	
10-15	1590-1594	have	_	_	_	_	
10-16	1595-1596	.	_	_	_	_	
10-17	1598-1606	IMPLICIT	_	_	_	_	

#Text=I ran in the v2 and I am thrilled with the v3 !  IMPLICIT Definitely a much better fit and feel overall .  IMPLICIT Felt like I was flying .  IMPLICIT First run back post-partum, and I am highly impressed .  IMPLICIT I will definitely need another pair .  IMPLICIT
11-1	1608-1609	I	_	_	_	_	
11-2	1610-1613	ran	Indirect Opinion	ContextOfUse#Use case	Positive	11-5	
11-3	1614-1616	in	_	_	_	_	
11-4	1617-1620	the	_	_	_	_	
11-5	1621-1623	v2	Direct Aspect	_	_	_	
11-6	1624-1627	and	_	_	_	_	
11-7	1628-1629	I	_	_	_	_	
11-8	1630-1632	am	_	_	_	_	
11-9	1633-1641	thrilled	_	_	_	_	
11-10	1642-1646	with	_	_	_	_	
11-11	1647-1650	the	_	_	_	_	
11-12	1651-1653	v3	Direct Aspect	_	_	_	
11-13	1654-1655	!	_	_	_	_	
11-14	1657-1665	IMPLICIT	_	_	_	_	
11-15	1666-1676	Definitely	_	_	_	_	
11-16	1677-1678	a	_	_	_	_	
11-17	1679-1683	much	_	_	_	_	
11-18	1684-1690	better	Indirect Opinion[33]	Performance#Sizing/Fit	Positive	11-12[0_33]	
11-19	1691-1694	fit	Indirect Opinion[33]	_	_	_	
11-20	1695-1698	and	Indirect Opinion[33]	_	_	_	
11-21	1699-1703	feel	Indirect Opinion[33]	_	_	_	
11-22	1704-1711	overall	_	_	_	_	
11-23	1712-1713	.	_	_	_	_	
11-24	1715-1723	IMPLICIT	_	_	_	_	
11-25	1724-1728	Felt	Indirect Opinion[34]	Performance#Misc	Positive	11-12[0_34]	
11-26	1729-1733	like	Indirect Opinion[34]	_	_	_	
11-27	1734-1735	I	Indirect Opinion[34]	_	_	_	
11-28	1736-1739	was	Indirect Opinion[34]	_	_	_	
11-29	1740-1746	flying	Indirect Opinion[34]	_	_	_	
11-30	1747-1748	.	_	_	_	_	
11-31	1750-1758	IMPLICIT	_	_	_	_	
11-32	1759-1764	First	Indirect Opinion[35]	Performance#Use Case Applicability	Positive	11-12[0_35]	
11-33	1765-1768	run	Indirect Opinion[35]	_	_	_	
11-34	1769-1773	back	Indirect Opinion[35]	_	_	_	
11-35	1774-1785	post-partum	Indirect Opinion[35]	_	_	_	
11-36	1785-1786	,	Indirect Opinion[35]	_	_	_	
11-37	1787-1790	and	Indirect Opinion[35]	_	_	_	
11-38	1791-1792	I	Indirect Opinion[35]	_	_	_	
11-39	1793-1795	am	Indirect Opinion[35]	_	_	_	
11-40	1796-1802	highly	Indirect Opinion[35]	_	_	_	
11-41	1803-1812	impressed	Indirect Opinion[35]	_	_	_	
11-42	1813-1814	.	_	_	_	_	
11-43	1816-1824	IMPLICIT	_	_	_	_	
11-44	1825-1826	I	_	_	_	_	
11-45	1827-1831	will	_	_	_	_	
11-46	1832-1842	definitely	Indirect Opinion[36]	ContextOfUse#Purchase\_Context	Positive	11-12[0_36]	
11-47	1843-1847	need	Indirect Opinion[36]	_	_	_	
11-48	1848-1855	another	Indirect Opinion[36]	_	_	_	
11-49	1856-1860	pair	Indirect Opinion[36]	_	_	_	
11-50	1861-1862	.	_	_	_	_	
11-51	1864-1872	IMPLICIT	_	_	_	_	

#Text=So cute and comfortable !  IMPLICIT They run a little bit bigger than my regular size but I think I can get by with using a thicker sock .  IMPLICIT
12-1	1874-1876	So	_	_	_	_	
12-2	1877-1881	cute	Direct Aspect	Style Choices	Positive	12-7	
12-3	1882-1885	and	_	_	_	_	
12-4	1886-1897	comfortable	Indirect Opinion	Performance#Comfort	Positive	12-7	
12-5	1898-1899	!	_	_	_	_	
12-6	1901-1909	IMPLICIT	_	_	_	_	
12-7	1910-1914	They	Direct Aspect	_	_	_	
12-8	1915-1918	run	Indirect Opinion[37]	Performance#Sizing/Fit	Positive	12-7[0_37]	
12-9	1919-1920	a	Indirect Opinion[37]	_	_	_	
12-10	1921-1927	little	Indirect Opinion[37]	_	_	_	
12-11	1928-1931	bit	Indirect Opinion[37]	_	_	_	
12-12	1932-1938	bigger	Indirect Opinion[37]	_	_	_	
12-13	1939-1943	than	Indirect Opinion[37]	_	_	_	
12-14	1944-1946	my	Indirect Opinion[37]	_	_	_	
12-15	1947-1954	regular	Indirect Opinion[37]	_	_	_	
12-16	1955-1959	size	Indirect Opinion[37]	_	_	_	
12-17	1960-1963	but	_	_	_	_	
12-18	1964-1965	I	Indirect Opinion[38]	Performance#Sizing/Fit	Neutral	12-7[0_38]	
12-19	1966-1971	think	Indirect Opinion[38]	_	_	_	
12-20	1972-1973	I	Indirect Opinion[38]	_	_	_	
12-21	1974-1977	can	Indirect Opinion[38]	_	_	_	
12-22	1978-1981	get	Indirect Opinion[38]	_	_	_	
12-23	1982-1984	by	Indirect Opinion[38]	_	_	_	
12-24	1985-1989	with	Indirect Opinion[38]	_	_	_	
12-25	1990-1995	using	Indirect Opinion[38]	_	_	_	
12-26	1996-1997	a	Indirect Opinion[38]	_	_	_	
12-27	1998-2005	thicker	Indirect Opinion[38]	_	_	_	
12-28	2006-2010	sock	Indirect Opinion[38]	_	_	_	
12-29	2011-2012	.	_	_	_	_	
12-30	2014-2022	IMPLICIT	_	_	_	_	

#Text=only for wearing for short periods of time .  IMPLICIT shoe becomes uncomfortable .  IMPLICIT
13-1	2024-2028	only	Indirect Opinion[39]	ContextOfUse#Usage frequency	Negative	13-11[0_39]	
13-2	2029-2032	for	Indirect Opinion[39]	_	_	_	
13-3	2033-2040	wearing	Indirect Opinion[39]	_	_	_	
13-4	2041-2044	for	Indirect Opinion[39]	_	_	_	
13-5	2045-2050	short	Indirect Opinion[39]	_	_	_	
13-6	2051-2058	periods	Indirect Opinion[39]	_	_	_	
13-7	2059-2061	of	_	_	_	_	
13-8	2062-2066	time	_	_	_	_	
13-9	2067-2068	.	_	_	_	_	
13-10	2070-2078	IMPLICIT	_	_	_	_	
13-11	2079-2083	shoe	Direct Aspect	_	_	_	
13-12	2084-2091	becomes	_	_	_	_	
13-13	2092-2105	uncomfortable	Indirect Opinion	Performance#Comfort	Negative	13-11	
13-14	2106-2107	.	_	_	_	_	
13-15	2109-2117	IMPLICIT	_	_	_	_	

#Text=I like it a bit snug but they cool .  IMPLICIT My feet a lil fat  lol think I just have to break them in .  IMPLICIT
14-1	2119-2120	I	_	_	_	_	
14-2	2121-2125	like	Direct Opinion	Misc	Positive	14-3	
14-3	2126-2128	it	Direct Aspect	_	_	_	
14-4	2129-2130	a	_	_	_	_	
14-5	2131-2134	bit	_	_	_	_	
14-6	2135-2139	snug	Indirect Opinion	Performance#Sizing/Fit	Negative	14-3	
14-7	2140-2143	but	_	_	_	_	
14-8	2144-2148	they	_	_	_	_	
14-9	2149-2153	cool	Direct Opinion	Style Choices	Positive	14-3	
14-10	2154-2155	.	_	_	_	_	
14-11	2157-2165	IMPLICIT	_	_	_	_	
14-12	2166-2168	My	Indirect Opinion[40]	ContextOfUse#Use case	Neutral	14-3[0_40]	
14-13	2169-2173	feet	Indirect Opinion[40]	_	_	_	
14-14	2174-2175	a	Indirect Opinion[40]	_	_	_	
14-15	2176-2179	lil	Indirect Opinion[40]	_	_	_	
14-16	2180-2183	fat	Indirect Opinion[40]	_	_	_	
14-17	2185-2188	lol	Indirect Opinion[40]	_	_	_	
14-18	2189-2194	think	Indirect Opinion[40]	_	_	_	
14-19	2195-2196	I	Indirect Opinion[40]	_	_	_	
14-20	2197-2201	just	Indirect Opinion[40]	_	_	_	
14-21	2202-2206	have	Indirect Opinion[40]	_	_	_	
14-22	2207-2209	to	Indirect Opinion[40]	_	_	_	
14-23	2210-2215	break	Indirect Opinion[40]	_	_	_	
14-24	2216-2220	them	Indirect Opinion[40]	_	_	_	
14-25	2221-2223	in	Indirect Opinion[40]	_	_	_	
14-26	2224-2225	.	_	_	_	_	
14-27	2227-2235	IMPLICIT	_	_	_	_	

#Text=I was upset I purchased these shoes in women's sizes and had to drive 30 minutes to a store to exchange them .  IMPLICIT While I was there my son seen a different color he would rather have but they didn't have it in his size .  IMPLICIT I was also upset I couldn't get them in half sizes either IMPLICIT
15-1	2237-2238	I	_	_	_	_	
15-2	2239-2242	was	_	_	_	_	
15-3	2243-2248	upset	Direct Opinion	Misc	Negative	15-7[42_0]	
15-4	2249-2250	I	_	_	_	_	
15-5	2251-2260	purchased	Indirect Opinion[41]	ContextOfUse#Purchase\_Context	Negative	15-7[42_41]	
15-6	2261-2266	these	Indirect Opinion[41]	_	_	_	
15-7	2267-2272	shoes	Indirect Opinion[41]|Direct Aspect[42]	_	_	_	
15-8	2273-2275	in	Indirect Opinion[41]	_	_	_	
15-9	2276-2283	women's	Indirect Opinion[41]	_	_	_	
15-10	2284-2289	sizes	Indirect Opinion[41]	_	_	_	
15-11	2290-2293	and	_	_	_	_	
15-12	2294-2297	had	Indirect Opinion[43]	ContextOfUse#Purchase\_Context	Negative	15-7[42_43]	
15-13	2298-2300	to	Indirect Opinion[43]	_	_	_	
15-14	2301-2306	drive	Indirect Opinion[43]	_	_	_	
15-15	2307-2309	30	Indirect Opinion[43]	_	_	_	
15-16	2310-2317	minutes	Indirect Opinion[43]	_	_	_	
15-17	2318-2320	to	Indirect Opinion[43]	_	_	_	
15-18	2321-2322	a	Indirect Opinion[43]	_	_	_	
15-19	2323-2328	store	Indirect Opinion[43]	_	_	_	
15-20	2329-2331	to	Indirect Opinion[43]	_	_	_	
15-21	2332-2340	exchange	Indirect Opinion[43]	_	_	_	
15-22	2341-2345	them	Indirect Opinion[43]	_	_	_	
15-23	2346-2347	.	_	_	_	_	
15-24	2349-2357	IMPLICIT	_	_	_	_	
15-25	2358-2363	While	Indirect Opinion[44]	Performance#Sizing/Fit	Negative	15-7[42_44]	
15-26	2364-2365	I	Indirect Opinion[44]	_	_	_	
15-27	2366-2369	was	Indirect Opinion[44]	_	_	_	
15-28	2370-2375	there	Indirect Opinion[44]	_	_	_	
15-29	2376-2378	my	Indirect Opinion[44]	_	_	_	
15-30	2379-2382	son	Indirect Opinion[44]	_	_	_	
15-31	2383-2387	seen	Indirect Opinion[44]	_	_	_	
15-32	2388-2389	a	Indirect Opinion[44]	_	_	_	
15-33	2390-2399	different	Indirect Opinion[44]	_	_	_	
15-34	2400-2405	color	Indirect Opinion[44]	_	_	_	
15-35	2406-2408	he	Indirect Opinion[44]	_	_	_	
15-36	2409-2414	would	Indirect Opinion[44]	_	_	_	
15-37	2415-2421	rather	Indirect Opinion[44]	_	_	_	
15-38	2422-2426	have	Indirect Opinion[44]	_	_	_	
15-39	2427-2430	but	Indirect Opinion[44]	_	_	_	
15-40	2431-2435	they	Indirect Opinion[44]	_	_	_	
15-41	2436-2442	didn't	Indirect Opinion[44]	_	_	_	
15-42	2443-2447	have	Indirect Opinion[44]	_	_	_	
15-43	2448-2450	it	Indirect Opinion[44]	_	_	_	
15-44	2451-2453	in	Indirect Opinion[44]	_	_	_	
15-45	2454-2457	his	Indirect Opinion[44]	_	_	_	
15-46	2458-2462	size	Indirect Opinion[44]	_	_	_	
15-47	2463-2464	.	_	_	_	_	
15-48	2466-2474	IMPLICIT	_	_	_	_	
15-49	2475-2476	I	_	_	_	_	
15-50	2477-2480	was	_	_	_	_	
15-51	2481-2485	also	_	_	_	_	
15-52	2486-2491	upset	Direct Opinion	Misc	Negative	15-56[46_0]	
15-53	2492-2493	I	Indirect Opinion[45]	ContextOfUse#Purchase\_Context	Negative	15-56[46_45]	
15-54	2494-2502	couldn't	Indirect Opinion[45]	_	_	_	
15-55	2503-2506	get	Indirect Opinion[45]	_	_	_	
15-56	2507-2511	them	Indirect Opinion[45]|Direct Aspect[46]	_	_	_	
15-57	2512-2514	in	Indirect Opinion[45]	_	_	_	
15-58	2515-2519	half	Indirect Opinion[45]	_	_	_	
15-59	2520-2525	sizes	Indirect Opinion[45]	_	_	_	
15-60	2526-2532	either	Indirect Opinion[45]	_	_	_	
15-61	2533-2541	IMPLICIT	_	_	_	_	

#Text=The design is timeless .  IMPLICIT I really like the leather material because I can dress down or dress up with it .  IMPLICIT The white can gets easily dirty but because is the leather material, you can easily clean it .  IMPLICIT I Really recommend this product .  IMPLICIT
16-1	2543-2546	The	_	_	_	_	
16-2	2547-2553	design	Indirect Opinion[47]	_	_	_	
16-3	2554-2556	is	Indirect Opinion[47]	_	_	_	
16-4	2557-2565	timeless	Indirect Opinion[47]	_	_	_	
16-5	2566-2567	.	_	_	_	_	
16-6	2569-2577	IMPLICIT	_	_	_	_	
16-7	2578-2579	I	_	_	_	_	
16-8	2580-2586	really	_	_	_	_	
16-9	2587-2591	like	Indirect Opinion[48]	Appearance#Material	Positive	16-49[0_48]	
16-10	2592-2595	the	Indirect Opinion[48]	_	_	_	
16-11	2596-2603	leather	Indirect Opinion[48]	_	_	_	
16-12	2604-2612	material	Indirect Opinion[48]	_	_	_	
16-13	2613-2620	because	Indirect Opinion[49]	ContextOfUse#Use case	Positive	16-49[0_49]	
16-14	2621-2622	I	Indirect Opinion[49]	_	_	_	
16-15	2623-2626	can	Indirect Opinion[49]	_	_	_	
16-16	2627-2632	dress	Indirect Opinion[49]	_	_	_	
16-17	2633-2637	down	Indirect Opinion[49]	_	_	_	
16-18	2638-2640	or	Indirect Opinion[49]	_	_	_	
16-19	2641-2646	dress	Indirect Opinion[49]	_	_	_	
16-20	2647-2649	up	Indirect Opinion[49]	_	_	_	
16-21	2650-2654	with	Indirect Opinion[49]	_	_	_	
16-22	2655-2657	it	Indirect Opinion[49]	_	_	_	
16-23	2658-2659	.	_	_	_	_	
16-24	2661-2669	IMPLICIT	_	_	_	_	
16-25	2670-2673	The	_	_	_	_	
16-26	2674-2679	white	Indirect Opinion[50]	Appearance#Material	Positive	16-49[0_50]	
16-27	2680-2683	can	Indirect Opinion[50]	_	_	_	
16-28	2684-2688	gets	Indirect Opinion[50]	_	_	_	
16-29	2689-2695	easily	Indirect Opinion[50]	_	_	_	
16-30	2696-2701	dirty	Indirect Opinion[50]	_	_	_	
16-31	2702-2705	but	Indirect Opinion[50]	_	_	_	
16-32	2706-2713	because	Indirect Opinion[50]	_	_	_	
16-33	2714-2716	is	Indirect Opinion[50]	_	_	_	
16-34	2717-2720	the	Indirect Opinion[50]	_	_	_	
16-35	2721-2728	leather	Indirect Opinion[50]	_	_	_	
16-36	2729-2737	material	Indirect Opinion[50]	_	_	_	
16-37	2737-2738	,	Indirect Opinion[50]	_	_	_	
16-38	2739-2742	you	Indirect Opinion[50]	_	_	_	
16-39	2743-2746	can	Indirect Opinion[50]	_	_	_	
16-40	2747-2753	easily	Indirect Opinion[50]	_	_	_	
16-41	2754-2759	clean	Indirect Opinion[50]	_	_	_	
16-42	2760-2762	it	Indirect Opinion[50]	_	_	_	
16-43	2763-2764	.	_	_	_	_	
16-44	2766-2774	IMPLICIT	_	_	_	_	
16-45	2775-2776	I	_	_	_	_	
16-46	2777-2783	Really	_	_	_	_	
16-47	2784-2793	recommend	Indirect Opinion	Misc	Positive	16-49	
16-48	2794-2798	this	_	_	_	_	
16-49	2799-2806	product	Direct Aspect	Style Choices	Positive	16-2[47_0]	
16-50	2807-2808	.	_	_	_	_	
16-51	2810-2818	IMPLICIT	_	_	_	_	

#Text=So I love the look of this shoe and the color is fire but the heel is too big and there's something that presses on top of my foot and by the end of the day my feet are sore .  IMPLICIT I don't know what it is !  IMPLICIT Maybe a seam .  IMPLICIT But whatever it is, it's on the outer edge on top .  IMPLICIT Maybe I got a bad batch IMPLICIT
17-1	2820-2822	So	_	_	_	_	
17-2	2823-2824	I	_	_	_	_	
17-3	2825-2829	love	Indirect Opinion[51]	Appearance#Misc	Positive	17-8[0_51]	
17-4	2830-2833	the	Indirect Opinion[51]	_	_	_	
17-5	2834-2838	look	Indirect Opinion[51]	_	_	_	
17-6	2839-2841	of	_	_	_	_	
17-7	2842-2846	this	_	_	_	_	
17-8	2847-2851	shoe	Direct Aspect	_	_	_	
17-9	2852-2855	and	_	_	_	_	
17-10	2856-2859	the	Indirect Opinion[52]	Appearance#Color	Positive	17-8[0_52]	
17-11	2860-2865	color	Indirect Opinion[52]	_	_	_	
17-12	2866-2868	is	Indirect Opinion[52]	_	_	_	
17-13	2869-2873	fire	Indirect Opinion[52]	_	_	_	
17-14	2874-2877	but	_	_	_	_	
17-15	2878-2881	the	_	_	_	_	
17-16	2882-2886	heel	Indirect Opinion[53]	Appearance#Shoe Component	Negative	17-8[0_53]	
17-17	2887-2889	is	Indirect Opinion[53]	_	_	_	
17-18	2890-2893	too	Indirect Opinion[53]	_	_	_	
17-19	2894-2897	big	Indirect Opinion[53]	_	_	_	
17-20	2898-2901	and	_	_	_	_	
17-21	2902-2909	there's	Indirect Opinion[54]	Performance#Comfort	Negative	17-8[0_54]	
17-22	2910-2919	something	Indirect Opinion[54]	_	_	_	
17-23	2920-2924	that	Indirect Opinion[54]	_	_	_	
17-24	2925-2932	presses	Indirect Opinion[54]	_	_	_	
17-25	2933-2935	on	Indirect Opinion[54]	_	_	_	
17-26	2936-2939	top	Indirect Opinion[54]	_	_	_	
17-27	2940-2942	of	Indirect Opinion[54]	_	_	_	
17-28	2943-2945	my	Indirect Opinion[54]	_	_	_	
17-29	2946-2950	foot	Indirect Opinion[54]	_	_	_	
17-30	2951-2954	and	_	_	_	_	
17-31	2955-2957	by	Indirect Opinion[55]	ContextOfUse#Use case	Negative	17-8[0_55]	
17-32	2958-2961	the	Indirect Opinion[55]	_	_	_	
17-33	2962-2965	end	Indirect Opinion[55]	_	_	_	
17-34	2966-2968	of	Indirect Opinion[55]	_	_	_	
17-35	2969-2972	the	Indirect Opinion[55]	_	_	_	
17-36	2973-2976	day	Indirect Opinion[55]	_	_	_	
17-37	2977-2979	my	Indirect Opinion[55]	_	_	_	
17-38	2980-2984	feet	Indirect Opinion[55]	_	_	_	
17-39	2985-2988	are	Indirect Opinion[55]	_	_	_	
17-40	2989-2993	sore	Indirect Opinion[55]	_	_	_	
17-41	2994-2995	.	_	_	_	_	
17-42	2997-3005	IMPLICIT	_	_	_	_	
17-43	3006-3007	I	_	_	_	_	
17-44	3008-3013	don't	_	_	_	_	
17-45	3014-3018	know	_	_	_	_	
17-46	3019-3023	what	_	_	_	_	
17-47	3024-3026	it	_	_	_	_	
17-48	3027-3029	is	_	_	_	_	
17-49	3030-3031	!	_	_	_	_	
17-50	3033-3041	IMPLICIT	_	_	_	_	
17-51	3042-3047	Maybe	_	_	_	_	
17-52	3048-3049	a	Indirect Opinion[56]	Appearance#Shoe Component	Negative	17-8[0_56]	
17-53	3050-3054	seam	Indirect Opinion[56]	_	_	_	
17-54	3055-3056	.	_	_	_	_	
17-55	3058-3066	IMPLICIT	_	_	_	_	
17-56	3067-3070	But	_	_	_	_	
17-57	3071-3079	whatever	_	_	_	_	
17-58	3080-3082	it	_	_	_	_	
17-59	3083-3085	is	_	_	_	_	
17-60	3085-3086	,	_	_	_	_	
17-61	3087-3091	it's	_	_	_	_	
17-62	3092-3094	on	Indirect Opinion[57]	Appearance#Shoe Component	Negative	17-8[0_57]	
17-63	3095-3098	the	Indirect Opinion[57]	_	_	_	
17-64	3099-3104	outer	Indirect Opinion[57]	_	_	_	
17-65	3105-3109	edge	Indirect Opinion[57]	_	_	_	
17-66	3110-3112	on	Indirect Opinion[57]	_	_	_	
17-67	3113-3116	top	Indirect Opinion[57]	_	_	_	
17-68	3117-3118	.	_	_	_	_	
17-69	3120-3128	IMPLICIT	_	_	_	_	
17-70	3129-3134	Maybe	_	_	_	_	
17-71	3135-3136	I	_	_	_	_	
17-72	3137-3140	got	Indirect Opinion[58]	Misc	Negative	17-8[0_58]	
17-73	3141-3142	a	Indirect Opinion[58]	_	_	_	
17-74	3143-3146	bad	Indirect Opinion[58]	_	_	_	
17-75	3147-3152	batch	Indirect Opinion[58]	_	_	_	
17-76	3153-3161	IMPLICIT	_	_	_	_	

#Text=I just wish the shoes had a better traction and grip on the bottom of the shoe .  IMPLICIT The shoes tend to be slippery .  IMPLICIT However, overall purchase semi decent .  IMPLICIT
18-1	3163-3164	I	_	_	_	_	
18-2	3165-3169	just	_	_	_	_	
18-3	3170-3174	wish	Indirect Opinion[59]	Performance#General	Negative	18-5[60_59]	
18-4	3175-3178	the	Indirect Opinion[59]	_	_	_	
18-5	3179-3184	shoes	Indirect Opinion[59]|Direct Aspect[60]	_	_	_	
18-6	3185-3188	had	Indirect Opinion[59]	_	_	_	
18-7	3189-3190	a	Indirect Opinion[59]	_	_	_	
18-8	3191-3197	better	Indirect Opinion[59]	_	_	_	
18-9	3198-3206	traction	Indirect Opinion[59]	_	_	_	
18-10	3207-3210	and	Indirect Opinion[59]	_	_	_	
18-11	3211-3215	grip	Indirect Opinion[59]	_	_	_	
18-12	3216-3218	on	_	_	_	_	
18-13	3219-3222	the	_	_	_	_	
18-14	3223-3229	bottom	_	_	_	_	
18-15	3230-3232	of	_	_	_	_	
18-16	3233-3236	the	_	_	_	_	
18-17	3237-3241	shoe	_	_	_	_	
18-18	3242-3243	.	_	_	_	_	
18-19	3245-3253	IMPLICIT	_	_	_	_	
18-20	3254-3257	The	_	_	_	_	
18-21	3258-3263	shoes	_	_	_	_	
18-22	3264-3268	tend	_	_	_	_	
18-23	3269-3271	to	_	_	_	_	
18-24	3272-3274	be	_	_	_	_	
18-25	3275-3283	slippery	Indirect Opinion	Performance#General	Negative	18-5[60_0]	
18-26	3284-3285	.	_	_	_	_	
18-27	3287-3295	IMPLICIT	_	_	_	_	
18-28	3296-3303	However	_	_	_	_	
18-29	3303-3304	,	_	_	_	_	
18-30	3305-3312	overall	Indirect Opinion[61]	ContextOfUse#Purchase\_Context	Positive	18-5[60_61]	
18-31	3313-3321	purchase	Indirect Opinion[61]	_	_	_	
18-32	3322-3326	semi	Indirect Opinion[61]	_	_	_	
18-33	3327-3333	decent	Indirect Opinion[61]	_	_	_	
18-34	3334-3335	.	_	_	_	_	
18-35	3337-3345	IMPLICIT	_	_	_	_	

#Text=I bought a pair of the red-all leather variety and they are my favs to date .  IMPLICIT Still wear them all the time after over a year of almost daily use .  IMPLICIT
19-1	3347-3348	I	_	_	_	_	
19-2	3349-3355	bought	_	_	_	_	
19-3	3356-3357	a	_	_	_	_	
19-4	3358-3362	pair	_	_	_	_	
19-5	3363-3365	of	_	_	_	_	
19-6	3366-3369	the	_	_	_	_	
19-7	3370-3377	red-all	Direct Aspect[62]	_	_	_	
19-8	3378-3385	leather	Direct Aspect[62]	_	_	_	
19-9	3386-3393	variety	Direct Aspect[62]	_	_	_	
19-10	3394-3397	and	_	_	_	_	
19-11	3398-3402	they	_	_	_	_	
19-12	3403-3406	are	_	_	_	_	
19-13	3407-3409	my	_	_	_	_	
19-14	3410-3414	favs	Indirect Opinion[63]	Misc	Positive	19-7[62_63]	
19-15	3415-3417	to	Indirect Opinion[63]	_	_	_	
19-16	3418-3422	date	Indirect Opinion[63]	_	_	_	
19-17	3423-3424	.	_	_	_	_	
19-18	3426-3434	IMPLICIT	_	_	_	_	
19-19	3435-3440	Still	Indirect Opinion[64]	ContextOfUse#Usage frequency	Positive	19-7[62_64]	
19-20	3441-3445	wear	Indirect Opinion[64]	_	_	_	
19-21	3446-3450	them	Indirect Opinion[64]	_	_	_	
19-22	3451-3454	all	Indirect Opinion[64]	_	_	_	
19-23	3455-3458	the	Indirect Opinion[64]	_	_	_	
19-24	3459-3463	time	Indirect Opinion[64]	_	_	_	
19-25	3464-3469	after	Indirect Opinion[64]	_	_	_	
19-26	3470-3474	over	Indirect Opinion[64]	_	_	_	
19-27	3475-3476	a	Indirect Opinion[64]	_	_	_	
19-28	3477-3481	year	Indirect Opinion[64]	_	_	_	
19-29	3482-3484	of	Indirect Opinion[64]	_	_	_	
19-30	3485-3491	almost	Indirect Opinion[64]	_	_	_	
19-31	3492-3497	daily	Indirect Opinion[64]	_	_	_	
19-32	3498-3501	use	Indirect Opinion[64]	_	_	_	
19-33	3502-3503	.	_	_	_	_	
19-34	3505-3513	IMPLICIT	_	_	_	_	

#Text=Comfy sneaker .  IMPLICIT Would order a half size bigger  .  IMPLICIT Already purchased another pair  !  IMPLICIT
20-1	3515-3520	Comfy	Indirect Opinion	Performance#Comfort	Positive	20-2	
20-2	3521-3528	sneaker	Direct Aspect	_	_	_	
20-3	3529-3530	.	_	_	_	_	
20-4	3532-3540	IMPLICIT	_	_	_	_	
20-5	3541-3546	Would	Indirect Opinion[65]	Performance#Sizing/Fit	Positive	20-2[0_65]	
20-6	3547-3552	order	Indirect Opinion[65]	_	_	_	
20-7	3553-3554	a	Indirect Opinion[65]	_	_	_	
20-8	3555-3559	half	Indirect Opinion[65]	_	_	_	
20-9	3560-3564	size	Indirect Opinion[65]	_	_	_	
20-10	3565-3571	bigger	Indirect Opinion[65]	_	_	_	
20-11	3573-3574	.	_	_	_	_	
20-12	3576-3584	IMPLICIT	_	_	_	_	
20-13	3585-3592	Already	Indirect Opinion[66]	ContextOfUse#Purchase\_Context	Positive	20-2[0_66]	
20-14	3593-3602	purchased	Indirect Opinion[66]	_	_	_	
20-15	3603-3610	another	Indirect Opinion[66]	_	_	_	
20-16	3611-3615	pair	Indirect Opinion[66]	_	_	_	
20-17	3617-3618	!	_	_	_	_	
20-18	3620-3628	IMPLICIT	_	_	_	_	

#Text=I wear an 81/2 .  IMPLICIT Your size 81/2 is too small for my foot .  IMPLICIT
21-1	3630-3631	I	_	_	_	_	
21-2	3632-3636	wear	_	_	_	_	
21-3	3637-3639	an	_	_	_	_	
21-4	3640-3642	81	_	_	_	_	
21-5	3642-3643	/	_	_	_	_	
21-6	3643-3644	2	_	_	_	_	
21-7	3645-3646	.	_	_	_	_	
21-8	3648-3656	IMPLICIT	_	_	_	_	
21-9	3657-3661	Your	_	_	_	_	
21-10	3662-3666	size	_	_	_	_	
21-11	3667-3669	81	Direct Aspect[67]	_	_	_	
21-12	3669-3670	/	Direct Aspect[67]	_	_	_	
21-13	3670-3671	2	Direct Aspect[67]	_	_	_	
21-14	3672-3674	is	_	_	_	_	
21-15	3675-3678	too	Indirect Opinion[68]	Performance#Sizing/Fit	Negative	21-11[67_68]	
21-16	3679-3684	small	Indirect Opinion[68]	_	_	_	
21-17	3685-3688	for	_	_	_	_	
21-18	3689-3691	my	_	_	_	_	
21-19	3692-3696	foot	_	_	_	_	
21-20	3697-3698	.	_	_	_	_	
21-21	3700-3708	IMPLICIT	_	_	_	_	

#Text=Fit is great .  IMPLICIT Nice looking .  IMPLICIT I walk for exercise and these fit the bill .  IMPLICIT I've worn New Balance for years .  IMPLICIT
22-1	3710-3713	Fit	Indirect Opinion[69]	Performance#Sizing/Fit	Positive	22-23[73_69]	
22-2	3714-3716	is	Indirect Opinion[69]	_	_	_	
22-3	3717-3722	great	Indirect Opinion[69]	_	_	_	
22-4	3723-3724	.	_	_	_	_	
22-5	3726-3734	IMPLICIT	_	_	_	_	
22-6	3735-3739	Nice	Indirect Opinion[70]	Style Choices	Positive	22-23[73_70]	
22-7	3740-3747	looking	Indirect Opinion[70]	_	_	_	
22-8	3748-3749	.	_	_	_	_	
22-9	3751-3759	IMPLICIT	_	_	_	_	
22-10	3760-3761	I	Indirect Opinion[71]	ContextOfUse#Use case	Positive	22-23[73_71]	
22-11	3762-3766	walk	Indirect Opinion[71]	_	_	_	
22-12	3767-3770	for	Indirect Opinion[71]	_	_	_	
22-13	3771-3779	exercise	Indirect Opinion[71]	_	_	_	
22-14	3780-3783	and	_	_	_	_	
22-15	3784-3789	these	Indirect Opinion[72]	Cost/Value	Positive	22-23[73_72]	
22-16	3790-3793	fit	Indirect Opinion[72]	_	_	_	
22-17	3794-3797	the	Indirect Opinion[72]	_	_	_	
22-18	3798-3802	bill	Indirect Opinion[72]	_	_	_	
22-19	3803-3804	.	_	_	_	_	
22-20	3806-3814	IMPLICIT	_	_	_	_	
22-21	3815-3819	I've	_	_	_	_	
22-22	3820-3824	worn	_	_	_	_	
22-23	3825-3828	New	Direct Aspect[73]	_	_	_	
22-24	3829-3836	Balance	Direct Aspect[73]	_	_	_	
22-25	3837-3840	for	_	_	_	_	
22-26	3841-3846	years	_	_	_	_	
22-27	3847-3848	.	_	_	_	_	
22-28	3850-3858	IMPLICIT	_	_	_	_	

#Text=Just bought most expensive shoes in my life .  IMPLICIT Comfortable, but light grey "suede" around bottom shows every ding or soil .  IMPLICIT Silver fabric over fronts show every hint of soil .  IMPLICIT Have had to attempt to clean several times already .  IMPLICIT Long-time New Balance customer .  IMPLICIT Previous pairs leather upper and rubber around base .  IMPLICIT Really unhappy .  IMPLICIT
23-1	3860-3864	Just	_	_	_	_	
23-2	3865-3871	bought	_	_	_	_	
23-3	3872-3876	most	_	_	_	_	
23-4	3877-3886	expensive	Indirect Opinion	Cost/Value	Negative	23-5	
23-5	3887-3892	shoes	Direct Aspect	_	_	_	
23-6	3893-3895	in	_	_	_	_	
23-7	3896-3898	my	_	_	_	_	
23-8	3899-3903	life	_	_	_	_	
23-9	3904-3905	.	_	_	_	_	
23-10	3907-3915	IMPLICIT	_	_	_	_	
23-11	3916-3927	Comfortable	Indirect Opinion	Performance#Comfort	Positive	23-5	
23-12	3927-3928	,	_	_	_	_	
23-13	3929-3932	but	_	_	_	_	
23-14	3933-3938	light	Indirect Opinion[74]	Style Choices	Negative	23-5[0_74]	
23-15	3939-3943	grey	Indirect Opinion[74]	_	_	_	
23-16	3944-3945	"	Indirect Opinion[74]	_	_	_	
23-17	3945-3950	suede	Indirect Opinion[74]	_	_	_	
23-18	3950-3951	"	Indirect Opinion[74]	_	_	_	
23-19	3952-3958	around	Indirect Opinion[74]	_	_	_	
23-20	3959-3965	bottom	Indirect Opinion[74]	_	_	_	
23-21	3966-3971	shows	Indirect Opinion[74]	_	_	_	
23-22	3972-3977	every	Indirect Opinion[74]	_	_	_	
23-23	3978-3982	ding	Indirect Opinion[74]	_	_	_	
23-24	3983-3985	or	Indirect Opinion[74]	_	_	_	
23-25	3986-3990	soil	Indirect Opinion[74]	_	_	_	
23-26	3991-3992	.	_	_	_	_	
23-27	3994-4002	IMPLICIT	_	_	_	_	
23-28	4003-4009	Silver	Indirect Opinion[75]	Appearance#Shoe Component	Negative	23-5[0_75]	
23-29	4010-4016	fabric	Indirect Opinion[75]	_	_	_	
23-30	4017-4021	over	Indirect Opinion[75]	_	_	_	
23-31	4022-4028	fronts	Indirect Opinion[75]	_	_	_	
23-32	4029-4033	show	Indirect Opinion[75]	_	_	_	
23-33	4034-4039	every	Indirect Opinion[75]	_	_	_	
23-34	4040-4044	hint	Indirect Opinion[75]	_	_	_	
23-35	4045-4047	of	Indirect Opinion[75]	_	_	_	
23-36	4048-4052	soil	Indirect Opinion[75]	_	_	_	
23-37	4053-4054	.	_	_	_	_	
23-38	4056-4064	IMPLICIT	_	_	_	_	
23-39	4065-4069	Have	_	_	_	_	
23-40	4070-4073	had	Indirect Opinion[76]	Misc	Negative	23-5[0_76]	
23-41	4074-4076	to	Indirect Opinion[76]	_	_	_	
23-42	4077-4084	attempt	Indirect Opinion[76]	_	_	_	
23-43	4085-4087	to	Indirect Opinion[76]	_	_	_	
23-44	4088-4093	clean	Indirect Opinion[76]	_	_	_	
23-45	4094-4101	several	Indirect Opinion[76]	_	_	_	
23-46	4102-4107	times	Indirect Opinion[76]	_	_	_	
23-47	4108-4115	already	_	_	_	_	
23-48	4116-4117	.	_	_	_	_	
23-49	4119-4127	IMPLICIT	_	_	_	_	
23-50	4128-4137	Long-time	Indirect Opinion[77]	Misc	Neutral	23-5[0_77]	
23-51	4138-4141	New	Indirect Opinion[77]	_	_	_	
23-52	4142-4149	Balance	Indirect Opinion[77]	_	_	_	
23-53	4150-4158	customer	Indirect Opinion[77]	_	_	_	
23-54	4159-4160	.	_	_	_	_	
23-55	4162-4170	IMPLICIT	_	_	_	_	
23-56	4171-4179	Previous	_	_	_	_	
23-57	4180-4185	pairs	_	_	_	_	
23-58	4186-4193	leather	_	_	_	_	
23-59	4194-4199	upper	_	_	_	_	
23-60	4200-4203	and	_	_	_	_	
23-61	4204-4210	rubber	_	_	_	_	
23-62	4211-4217	around	_	_	_	_	
23-63	4218-4222	base	_	_	_	_	
23-64	4223-4224	.	_	_	_	_	
23-65	4226-4234	IMPLICIT	_	_	_	_	
23-66	4235-4241	Really	_	_	_	_	
23-67	4242-4249	unhappy	Indirect Opinion	Misc	Negative	23-5	
23-68	4250-4251	.	_	_	_	_	
23-69	4253-4261	IMPLICIT	_	_	_	_	

#Text=I purchase these and specified the same size as my NB walking shoes .  IMPLICIT They were way too big .  IMPLICIT The sandals I have are NB but had a velcro adjustment for the top of the foot .  IMPLICIT I can not find any that match that style .  .  . I wish they still were available IMPLICIT
24-1	4263-4264	I	_	_	_	_	
24-2	4265-4273	purchase	_	_	_	_	
24-3	4274-4279	these	_	_	_	_	
24-4	4280-4283	and	_	_	_	_	
24-5	4284-4293	specified	_	_	_	_	
24-6	4294-4297	the	_	_	_	_	
24-7	4298-4302	same	_	_	_	_	
24-8	4303-4307	size	_	_	_	_	
24-9	4308-4310	as	_	_	_	_	
24-10	4311-4313	my	_	_	_	_	
24-11	4314-4316	NB	Direct Aspect[78]	_	_	_	
24-12	4317-4324	walking	Direct Aspect[78]	_	_	_	
24-13	4325-4330	shoes	Direct Aspect[78]	_	_	_	
24-14	4331-4332	.	_	_	_	_	
24-15	4334-4342	IMPLICIT	_	_	_	_	
24-16	4343-4347	They	_	_	_	_	
24-17	4348-4352	were	_	_	_	_	
24-18	4353-4356	way	Indirect Opinion[79]	Performance#Sizing/Fit	Negative	24-11[78_79]	
24-19	4357-4360	too	Indirect Opinion[79]	_	_	_	
24-20	4361-4364	big	Indirect Opinion[79]	_	_	_	
24-21	4365-4366	.	_	_	_	_	
24-22	4368-4376	IMPLICIT	_	_	_	_	
24-23	4377-4380	The	_	_	_	_	
24-24	4381-4388	sandals	_	_	_	_	
24-25	4389-4390	I	_	_	_	_	
24-26	4391-4395	have	_	_	_	_	
24-27	4396-4399	are	_	_	_	_	
24-28	4400-4402	NB	_	_	_	_	
24-29	4403-4406	but	_	_	_	_	
24-30	4407-4410	had	Indirect Opinion[80]	Performance#Sizing/Fit	Negative	24-11[78_80]	
24-31	4411-4412	a	Indirect Opinion[80]	_	_	_	
24-32	4413-4419	velcro	Indirect Opinion[80]	_	_	_	
24-33	4420-4430	adjustment	Indirect Opinion[80]	_	_	_	
24-34	4431-4434	for	Indirect Opinion[80]	_	_	_	
24-35	4435-4438	the	Indirect Opinion[80]	_	_	_	
24-36	4439-4442	top	Indirect Opinion[80]	_	_	_	
24-37	4443-4445	of	Indirect Opinion[80]	_	_	_	
24-38	4446-4449	the	Indirect Opinion[80]	_	_	_	
24-39	4450-4454	foot	Indirect Opinion[80]	_	_	_	
24-40	4455-4456	.	_	_	_	_	
24-41	4458-4466	IMPLICIT	_	_	_	_	
24-42	4467-4468	I	_	_	_	_	
24-43	4469-4472	can	Indirect Opinion[81]	Style Choices	Negative	24-11[78_81]	
24-44	4473-4476	not	Indirect Opinion[81]	_	_	_	
24-45	4477-4481	find	Indirect Opinion[81]	_	_	_	
24-46	4482-4485	any	Indirect Opinion[81]	_	_	_	
24-47	4486-4490	that	Indirect Opinion[81]	_	_	_	
24-48	4491-4496	match	Indirect Opinion[81]	_	_	_	
24-49	4497-4501	that	Indirect Opinion[81]	_	_	_	
24-50	4502-4507	style	Indirect Opinion[81]	_	_	_	
24-51	4508-4509	.	_	_	_	_	
24-52	4511-4512	.	_	_	_	_	
24-53	4514-4515	.	_	_	_	_	
24-54	4516-4517	I	_	_	_	_	
24-55	4518-4522	wish	_	_	_	_	
24-56	4523-4527	they	_	_	_	_	
24-57	4528-4533	still	_	_	_	_	
24-58	4534-4538	were	_	_	_	_	
24-59	4539-4548	available	_	_	_	_	
24-60	4549-4557	IMPLICIT	_	_	_	_	

#Text=The shoes work great on hard court .  IMPLICIT The fit is a alot tighter at the toes that others shoes I tried on at the New Balance store .  IMPLICIT I bought these from New Balance website as they were not available in store .  IMPLICIT I am hoping they will stretch out some with use as they are uncomfortable now .  IMPLICIT
25-1	4559-4562	The	_	_	_	_	
25-2	4563-4568	shoes	Direct Aspect	_	_	_	
25-3	4569-4573	work	Indirect Opinion[82]	Performance#Use Case Applicability	Positive	25-2[0_82]	
25-4	4574-4579	great	Indirect Opinion[82]	_	_	_	
25-5	4580-4582	on	Indirect Opinion[82]	_	_	_	
25-6	4583-4587	hard	Indirect Opinion[82]	_	_	_	
25-7	4588-4593	court	Indirect Opinion[82]	_	_	_	
25-8	4594-4595	.	_	_	_	_	
25-9	4597-4605	IMPLICIT	_	_	_	_	
25-10	4606-4609	The	_	_	_	_	
25-11	4610-4613	fit	Indirect Opinion[83]	Performance#Sizing/Fit	Negative	25-2[0_83]	
25-12	4614-4616	is	Indirect Opinion[83]	_	_	_	
25-13	4617-4618	a	Indirect Opinion[83]	_	_	_	
25-14	4619-4623	alot	Indirect Opinion[83]	_	_	_	
25-15	4624-4631	tighter	Indirect Opinion[83]	_	_	_	
25-16	4632-4634	at	Indirect Opinion[83]	_	_	_	
25-17	4635-4638	the	Indirect Opinion[83]	_	_	_	
25-18	4639-4643	toes	Indirect Opinion[83]	_	_	_	
25-19	4644-4648	that	_	_	_	_	
25-20	4649-4655	others	_	_	_	_	
25-21	4656-4661	shoes	_	_	_	_	
25-22	4662-4663	I	_	_	_	_	
25-23	4664-4669	tried	_	_	_	_	
25-24	4670-4672	on	_	_	_	_	
25-25	4673-4675	at	_	_	_	_	
25-26	4676-4679	the	_	_	_	_	
25-27	4680-4683	New	_	_	_	_	
25-28	4684-4691	Balance	_	_	_	_	
25-29	4692-4697	store	_	_	_	_	
25-30	4698-4699	.	_	_	_	_	
25-31	4701-4709	IMPLICIT	_	_	_	_	
25-32	4710-4711	I	_	_	_	_	
25-33	4712-4718	bought	_	_	_	_	
25-34	4719-4724	these	_	_	_	_	
25-35	4725-4729	from	_	_	_	_	
25-36	4730-4733	New	_	_	_	_	
25-37	4734-4741	Balance	_	_	_	_	
25-38	4742-4749	website	_	_	_	_	
25-39	4750-4752	as	_	_	_	_	
25-40	4753-4757	they	_	_	_	_	
25-41	4758-4762	were	_	_	_	_	
25-42	4763-4766	not	_	_	_	_	
25-43	4767-4776	available	_	_	_	_	
25-44	4777-4779	in	_	_	_	_	
25-45	4780-4785	store	_	_	_	_	
25-46	4786-4787	.	_	_	_	_	
25-47	4789-4797	IMPLICIT	_	_	_	_	
25-48	4798-4799	I	_	_	_	_	
25-49	4800-4802	am	_	_	_	_	
25-50	4803-4809	hoping	Indirect Opinion[84]	Performance#Comfort	Negative	25-2[0_84]	
25-51	4810-4814	they	Indirect Opinion[84]	_	_	_	
25-52	4815-4819	will	Indirect Opinion[84]	_	_	_	
25-53	4820-4827	stretch	Indirect Opinion[84]	_	_	_	
25-54	4828-4831	out	Indirect Opinion[84]	_	_	_	
25-55	4832-4836	some	Indirect Opinion[84]	_	_	_	
25-56	4837-4841	with	Indirect Opinion[84]	_	_	_	
25-57	4842-4845	use	Indirect Opinion[84]	_	_	_	
25-58	4846-4848	as	Indirect Opinion[84]	_	_	_	
25-59	4849-4853	they	Indirect Opinion[84]	_	_	_	
25-60	4854-4857	are	Indirect Opinion[84]	_	_	_	
25-61	4858-4871	uncomfortable	Indirect Opinion[84]	_	_	_	
25-62	4872-4875	now	Indirect Opinion[84]	_	_	_	
25-63	4876-4877	.	_	_	_	_	
25-64	4879-4887	IMPLICIT	_	_	_	_	
