#FORMAT=WebAnno TSV 3.3
#T_SP=webanno.custom.Aspect|MentionType
#T_RL=webanno.custom.Sentiment|Category|Polarity|BT_webanno.custom.Aspect


#Text=Personally having been diagnosed with small fiber peripheral neuropathy 10 years ago, the New Balance 850 series was ONLY shoe that provided me any degree of normal mobility without too much pain .  IMPLICIT Sadly, that now is gone .  IMPLICIT Clearly, the only reasons for these changes had to be based on saving money .  IMPLICIT
1-1	0-10	Personally	_	_	_	_	
1-2	11-17	having	_	_	_	_	
1-3	18-22	been	_	_	_	_	
1-4	23-32	diagnosed	_	_	_	_	
1-5	33-37	with	_	_	_	_	
1-6	38-43	small	_	_	_	_	
1-7	44-49	fiber	_	_	_	_	
1-8	50-60	peripheral	_	_	_	_	
1-9	61-71	neuropathy	_	_	_	_	
1-10	72-74	10	_	_	_	_	
1-11	75-80	years	_	_	_	_	
1-12	81-84	ago	_	_	_	_	
1-13	84-85	,	_	_	_	_	
1-14	86-89	the	_	_	_	_	
1-15	90-93	New	Direct Aspect[1]	_	_	_	
1-16	94-101	Balance	Direct Aspect[1]	_	_	_	
1-17	102-105	850	Direct Aspect[1]	_	_	_	
1-18	106-112	series	_	_	_	_	
1-19	113-116	was	_	_	_	_	
1-20	117-121	ONLY	_	_	_	_	
1-21	122-126	shoe	_	_	_	_	
1-22	127-131	that	_	_	_	_	
1-23	132-140	provided	_	_	_	_	
1-24	141-143	me	_	_	_	_	
1-25	144-147	any	_	_	_	_	
1-26	148-154	degree	_	_	_	_	
1-27	155-157	of	_	_	_	_	
1-28	158-164	normal	Indirect Opinion[2]	Performance#Comfort	Positive	1-15[1_2]	
1-29	165-173	mobility	Indirect Opinion[2]	_	_	_	
1-30	174-181	without	Indirect Opinion[2]	_	_	_	
1-31	182-185	too	Indirect Opinion[2]	_	_	_	
1-32	186-190	much	Indirect Opinion[2]	_	_	_	
1-33	191-195	pain	Indirect Opinion[2]	_	_	_	
1-34	196-197	.	_	_	_	_	
1-35	199-207	IMPLICIT	_	_	_	_	
1-36	208-213	Sadly	Indirect Opinion[3]	Performance#Comfort	Negative	1-15[1_3]	
1-37	213-214	,	Indirect Opinion[3]	_	_	_	
1-38	215-219	that	Indirect Opinion[3]	_	_	_	
1-39	220-223	now	Indirect Opinion[3]	_	_	_	
1-40	224-226	is	Indirect Opinion[3]	_	_	_	
1-41	227-231	gone	Indirect Opinion[3]	_	_	_	
1-42	232-233	.	Indirect Opinion[3]	_	_	_	
1-43	235-243	IMPLICIT	_	_	_	_	
1-44	244-251	Clearly	_	_	_	_	
1-45	251-252	,	_	_	_	_	
1-46	253-256	the	_	_	_	_	
1-47	257-261	only	_	_	_	_	
1-48	262-269	reasons	_	_	_	_	
1-49	270-273	for	_	_	_	_	
1-50	274-279	these	_	_	_	_	
1-51	280-287	changes	_	_	_	_	
1-52	288-291	had	_	_	_	_	
1-53	292-294	to	_	_	_	_	
1-54	295-297	be	_	_	_	_	
1-55	298-303	based	_	_	_	_	
1-56	304-306	on	_	_	_	_	
1-57	307-313	saving	_	_	_	_	
1-58	314-319	money	_	_	_	_	
1-59	320-321	.	_	_	_	_	
1-60	323-331	IMPLICIT	_	_	_	_	

#Text=As a huge fan of the little mermaid, I love these !  IMPLICIT They are super cute, and I have found them easy to clean .  IMPLICIT Although I have worn them a few times already, I still don't find them as comfortable or fully broken in yet .  IMPLICIT
2-1	333-335	As	_	_	_	_	
2-2	336-337	a	_	_	_	_	
2-3	338-342	huge	_	_	_	_	
2-4	343-346	fan	_	_	_	_	
2-5	347-349	of	_	_	_	_	
2-6	350-353	the	_	_	_	_	
2-7	354-360	little	_	_	_	_	
2-8	361-368	mermaid	_	_	_	_	
2-9	368-369	,	_	_	_	_	
2-10	370-371	I	_	_	_	_	
2-11	372-376	love	_	_	_	_	
2-12	377-382	these	_	_	_	_	
2-13	383-384	!	_	_	_	_	
2-14	386-394	IMPLICIT	_	_	_	_	
2-15	395-399	They	_	_	_	_	
2-16	400-403	are	_	_	_	_	
2-17	404-409	super	_	_	_	_	
2-18	410-414	cute	_	_	_	_	
2-19	414-415	,	_	_	_	_	
2-20	416-419	and	_	_	_	_	
2-21	420-421	I	_	_	_	_	
2-22	422-426	have	_	_	_	_	
2-23	427-432	found	_	_	_	_	
2-24	433-437	them	_	_	_	_	
2-25	438-442	easy	_	_	_	_	
2-26	443-445	to	_	_	_	_	
2-27	446-451	clean	_	_	_	_	
2-28	452-453	.	_	_	_	_	
2-29	455-463	IMPLICIT	_	_	_	_	
2-30	464-472	Although	_	_	_	_	
2-31	473-474	I	_	_	_	_	
2-32	475-479	have	_	_	_	_	
2-33	480-484	worn	_	_	_	_	
2-34	485-489	them	_	_	_	_	
2-35	490-491	a	_	_	_	_	
2-36	492-495	few	_	_	_	_	
2-37	496-501	times	_	_	_	_	
2-38	502-509	already	_	_	_	_	
2-39	509-510	,	_	_	_	_	
2-40	511-512	I	_	_	_	_	
2-41	513-518	still	_	_	_	_	
2-42	519-524	don't	_	_	_	_	
2-43	525-529	find	_	_	_	_	
2-44	530-534	them	_	_	_	_	
2-45	535-537	as	_	_	_	_	
2-46	538-549	comfortable	_	_	_	_	
2-47	550-552	or	_	_	_	_	
2-48	553-558	fully	_	_	_	_	
2-49	559-565	broken	_	_	_	_	
2-50	566-568	in	_	_	_	_	
2-51	569-572	yet	_	_	_	_	
2-52	573-574	.	_	_	_	_	
2-53	576-584	IMPLICIT	_	_	_	_	

#Text=I always wear an 8 but these seem a tad bit too small for me .  IMPLICIT I m going to keep them because they are comfortable and great on the treadmill but will order another size to see if they fit better and I can use them for work IMPLICIT
3-1	586-587	I	_	_	_	_	
3-2	588-594	always	_	_	_	_	
3-3	595-599	wear	_	_	_	_	
3-4	600-602	an	_	_	_	_	
3-5	603-604	8	_	_	_	_	
3-6	605-608	but	_	_	_	_	
3-7	609-614	these	_	_	_	_	
3-8	615-619	seem	_	_	_	_	
3-9	620-621	a	_	_	_	_	
3-10	622-625	tad	_	_	_	_	
3-11	626-629	bit	_	_	_	_	
3-12	630-633	too	_	_	_	_	
3-13	634-639	small	_	_	_	_	
3-14	640-643	for	_	_	_	_	
3-15	644-646	me	_	_	_	_	
3-16	647-648	.	_	_	_	_	
3-17	650-658	IMPLICIT	_	_	_	_	
3-18	659-660	I	_	_	_	_	
3-19	661-662	m	_	_	_	_	
3-20	663-668	going	_	_	_	_	
3-21	669-671	to	_	_	_	_	
3-22	672-676	keep	_	_	_	_	
3-23	677-681	them	_	_	_	_	
3-24	682-689	because	_	_	_	_	
3-25	690-694	they	_	_	_	_	
3-26	695-698	are	_	_	_	_	
3-27	699-710	comfortable	_	_	_	_	
3-28	711-714	and	_	_	_	_	
3-29	715-720	great	_	_	_	_	
3-30	721-723	on	_	_	_	_	
3-31	724-727	the	_	_	_	_	
3-32	728-737	treadmill	_	_	_	_	
3-33	738-741	but	_	_	_	_	
3-34	742-746	will	_	_	_	_	
3-35	747-752	order	_	_	_	_	
3-36	753-760	another	_	_	_	_	
3-37	761-765	size	_	_	_	_	
3-38	766-768	to	_	_	_	_	
3-39	769-772	see	_	_	_	_	
3-40	773-775	if	_	_	_	_	
3-41	776-780	they	_	_	_	_	
3-42	781-784	fit	_	_	_	_	
3-43	785-791	better	_	_	_	_	
3-44	792-795	and	_	_	_	_	
3-45	796-797	I	_	_	_	_	
3-46	798-801	can	_	_	_	_	
3-47	802-805	use	_	_	_	_	
3-48	806-810	them	_	_	_	_	
3-49	811-814	for	_	_	_	_	
3-50	815-819	work	_	_	_	_	
3-51	820-828	IMPLICIT	_	_	_	_	

#Text=in real life the shoes are really wide !  IMPLICIT if you like wide shes these would be for you but otherwise I'd pick a different one .  IMPLICIT
4-1	830-832	in	_	_	_	_	
4-2	833-837	real	_	_	_	_	
4-3	838-842	life	_	_	_	_	
4-4	843-846	the	_	_	_	_	
4-5	847-852	shoes	_	_	_	_	
4-6	853-856	are	_	_	_	_	
4-7	857-863	really	_	_	_	_	
4-8	864-868	wide	_	_	_	_	
4-9	869-870	!	_	_	_	_	
4-10	872-880	IMPLICIT	_	_	_	_	
4-11	881-883	if	_	_	_	_	
4-12	884-887	you	_	_	_	_	
4-13	888-892	like	_	_	_	_	
4-14	893-897	wide	_	_	_	_	
4-15	898-902	shes	_	_	_	_	
4-16	903-908	these	_	_	_	_	
4-17	909-914	would	_	_	_	_	
4-18	915-917	be	_	_	_	_	
4-19	918-921	for	_	_	_	_	
4-20	922-925	you	_	_	_	_	
4-21	926-929	but	_	_	_	_	
4-22	930-939	otherwise	_	_	_	_	
4-23	940-943	I'd	_	_	_	_	
4-24	944-948	pick	_	_	_	_	
4-25	949-950	a	_	_	_	_	
4-26	951-960	different	_	_	_	_	
4-27	961-964	one	_	_	_	_	
4-28	965-966	.	_	_	_	_	
4-29	968-976	IMPLICIT	_	_	_	_	

#Text=The shoes that I got had a small stain on it but I think it's fine .  IMPLICIT But anyways, I read a lot of reviews so I bought half size smaller and it fit me perfectly .  IMPLICIT I'm 17 yrs old and I usually wear size 7 . 5 in women but for this shoes I got size 7 .  IMPLICIT
5-1	978-981	The	_	_	_	_	
5-2	982-987	shoes	_	_	_	_	
5-3	988-992	that	_	_	_	_	
5-4	993-994	I	_	_	_	_	
5-5	995-998	got	_	_	_	_	
5-6	999-1002	had	_	_	_	_	
5-7	1003-1004	a	_	_	_	_	
5-8	1005-1010	small	_	_	_	_	
5-9	1011-1016	stain	_	_	_	_	
5-10	1017-1019	on	_	_	_	_	
5-11	1020-1022	it	_	_	_	_	
5-12	1023-1026	but	_	_	_	_	
5-13	1027-1028	I	_	_	_	_	
5-14	1029-1034	think	_	_	_	_	
5-15	1035-1039	it's	_	_	_	_	
5-16	1040-1044	fine	_	_	_	_	
5-17	1045-1046	.	_	_	_	_	
5-18	1048-1056	IMPLICIT	_	_	_	_	
5-19	1057-1060	But	_	_	_	_	
5-20	1061-1068	anyways	_	_	_	_	
5-21	1068-1069	,	_	_	_	_	
5-22	1070-1071	I	_	_	_	_	
5-23	1072-1076	read	_	_	_	_	
5-24	1077-1078	a	_	_	_	_	
5-25	1079-1082	lot	_	_	_	_	
5-26	1083-1085	of	_	_	_	_	
5-27	1086-1093	reviews	_	_	_	_	
5-28	1094-1096	so	_	_	_	_	
5-29	1097-1098	I	_	_	_	_	
5-30	1099-1105	bought	_	_	_	_	
5-31	1106-1110	half	_	_	_	_	
5-32	1111-1115	size	_	_	_	_	
5-33	1116-1123	smaller	_	_	_	_	
5-34	1124-1127	and	_	_	_	_	
5-35	1128-1130	it	_	_	_	_	
5-36	1131-1134	fit	_	_	_	_	
5-37	1135-1137	me	_	_	_	_	
5-38	1138-1147	perfectly	_	_	_	_	
5-39	1148-1149	.	_	_	_	_	
5-40	1151-1159	IMPLICIT	_	_	_	_	
5-41	1160-1163	I'm	_	_	_	_	
5-42	1164-1166	17	_	_	_	_	
5-43	1167-1170	yrs	_	_	_	_	
5-44	1171-1174	old	_	_	_	_	
5-45	1175-1178	and	_	_	_	_	
5-46	1179-1180	I	_	_	_	_	
5-47	1181-1188	usually	_	_	_	_	
5-48	1189-1193	wear	_	_	_	_	
5-49	1194-1198	size	_	_	_	_	
5-50	1199-1200	7	_	_	_	_	
5-51	1201-1202	.	_	_	_	_	
5-52	1203-1204	5	_	_	_	_	
5-53	1205-1207	in	_	_	_	_	
5-54	1208-1213	women	_	_	_	_	
5-55	1214-1217	but	_	_	_	_	
5-56	1218-1221	for	_	_	_	_	
5-57	1222-1226	this	_	_	_	_	
5-58	1227-1232	shoes	_	_	_	_	
5-59	1233-1234	I	_	_	_	_	
5-60	1235-1238	got	_	_	_	_	
5-61	1239-1243	size	_	_	_	_	
5-62	1244-1245	7	_	_	_	_	
5-63	1246-1247	.	_	_	_	_	
5-64	1249-1257	IMPLICIT	_	_	_	_	

#Text=These shoes were definitely used and worn .  IMPLICIT gummy substance on the bottom of both shoes with straw or grass stuck to it .  IMPLICIT I DID NOT buy used shoes .  IMPLICIT
6-1	1259-1264	These	_	_	_	_	
6-2	1265-1270	shoes	_	_	_	_	
6-3	1271-1275	were	_	_	_	_	
6-4	1276-1286	definitely	_	_	_	_	
6-5	1287-1291	used	_	_	_	_	
6-6	1292-1295	and	_	_	_	_	
6-7	1296-1300	worn	_	_	_	_	
6-8	1301-1302	.	_	_	_	_	
6-9	1304-1312	IMPLICIT	_	_	_	_	
6-10	1313-1318	gummy	_	_	_	_	
6-11	1319-1328	substance	_	_	_	_	
6-12	1329-1331	on	_	_	_	_	
6-13	1332-1335	the	_	_	_	_	
6-14	1336-1342	bottom	_	_	_	_	
6-15	1343-1345	of	_	_	_	_	
6-16	1346-1350	both	_	_	_	_	
6-17	1351-1356	shoes	_	_	_	_	
6-18	1357-1361	with	_	_	_	_	
6-19	1362-1367	straw	_	_	_	_	
6-20	1368-1370	or	_	_	_	_	
6-21	1371-1376	grass	_	_	_	_	
6-22	1377-1382	stuck	_	_	_	_	
6-23	1383-1385	to	_	_	_	_	
6-24	1386-1388	it	_	_	_	_	
6-25	1389-1390	.	_	_	_	_	
6-26	1392-1400	IMPLICIT	_	_	_	_	
6-27	1401-1402	I	_	_	_	_	
6-28	1403-1406	DID	_	_	_	_	
6-29	1407-1410	NOT	_	_	_	_	
6-30	1411-1414	buy	_	_	_	_	
6-31	1415-1419	used	_	_	_	_	
6-32	1420-1425	shoes	_	_	_	_	
6-33	1426-1427	.	_	_	_	_	
6-34	1429-1437	IMPLICIT	_	_	_	_	

#Text=I like the look of the shoe and the comfort of the foot bed .  IMPLICIT There is little to no ankle support because the back material is stretch and the laces are so far forward .  IMPLICIT I sent back my first order for a wide because the plastic brand on top made it really tight across the top of my foot .  IMPLICIT
7-1	1439-1440	I	_	_	_	_	
7-2	1441-1445	like	_	_	_	_	
7-3	1446-1449	the	_	_	_	_	
7-4	1450-1454	look	_	_	_	_	
7-5	1455-1457	of	_	_	_	_	
7-6	1458-1461	the	_	_	_	_	
7-7	1462-1466	shoe	_	_	_	_	
7-8	1467-1470	and	_	_	_	_	
7-9	1471-1474	the	_	_	_	_	
7-10	1475-1482	comfort	_	_	_	_	
7-11	1483-1485	of	_	_	_	_	
7-12	1486-1489	the	_	_	_	_	
7-13	1490-1494	foot	_	_	_	_	
7-14	1495-1498	bed	_	_	_	_	
7-15	1499-1500	.	_	_	_	_	
7-16	1502-1510	IMPLICIT	_	_	_	_	
7-17	1511-1516	There	_	_	_	_	
7-18	1517-1519	is	_	_	_	_	
7-19	1520-1526	little	_	_	_	_	
7-20	1527-1529	to	_	_	_	_	
7-21	1530-1532	no	_	_	_	_	
7-22	1533-1538	ankle	_	_	_	_	
7-23	1539-1546	support	_	_	_	_	
7-24	1547-1554	because	_	_	_	_	
7-25	1555-1558	the	_	_	_	_	
7-26	1559-1563	back	_	_	_	_	
7-27	1564-1572	material	_	_	_	_	
7-28	1573-1575	is	_	_	_	_	
7-29	1576-1583	stretch	_	_	_	_	
7-30	1584-1587	and	_	_	_	_	
7-31	1588-1591	the	_	_	_	_	
7-32	1592-1597	laces	_	_	_	_	
7-33	1598-1601	are	_	_	_	_	
7-34	1602-1604	so	_	_	_	_	
7-35	1605-1608	far	_	_	_	_	
7-36	1609-1616	forward	_	_	_	_	
7-37	1617-1618	.	_	_	_	_	
7-38	1620-1628	IMPLICIT	_	_	_	_	
7-39	1629-1630	I	_	_	_	_	
7-40	1631-1635	sent	_	_	_	_	
7-41	1636-1640	back	_	_	_	_	
7-42	1641-1643	my	_	_	_	_	
7-43	1644-1649	first	_	_	_	_	
7-44	1650-1655	order	_	_	_	_	
7-45	1656-1659	for	_	_	_	_	
7-46	1660-1661	a	_	_	_	_	
7-47	1662-1666	wide	_	_	_	_	
7-48	1667-1674	because	_	_	_	_	
7-49	1675-1678	the	_	_	_	_	
7-50	1679-1686	plastic	_	_	_	_	
7-51	1687-1692	brand	_	_	_	_	
7-52	1693-1695	on	_	_	_	_	
7-53	1696-1699	top	_	_	_	_	
7-54	1700-1704	made	_	_	_	_	
7-55	1705-1707	it	_	_	_	_	
7-56	1708-1714	really	_	_	_	_	
7-57	1715-1720	tight	_	_	_	_	
7-58	1721-1727	across	_	_	_	_	
7-59	1728-1731	the	_	_	_	_	
7-60	1732-1735	top	_	_	_	_	
7-61	1736-1738	of	_	_	_	_	
7-62	1739-1741	my	_	_	_	_	
7-63	1742-1746	foot	_	_	_	_	
7-64	1747-1748	.	_	_	_	_	
7-65	1750-1758	IMPLICIT	_	_	_	_	

#Text=Easy wear and comfortable .  IMPLICIT Would purchase other colors once they become available .  IMPLICIT
8-1	1760-1764	Easy	_	_	_	_	
8-2	1765-1769	wear	_	_	_	_	
8-3	1770-1773	and	_	_	_	_	
8-4	1774-1785	comfortable	_	_	_	_	
8-5	1786-1787	.	_	_	_	_	
8-6	1789-1797	IMPLICIT	_	_	_	_	
8-7	1798-1803	Would	_	_	_	_	
8-8	1804-1812	purchase	_	_	_	_	
8-9	1813-1818	other	_	_	_	_	
8-10	1819-1825	colors	_	_	_	_	
8-11	1826-1830	once	_	_	_	_	
8-12	1831-1835	they	_	_	_	_	
8-13	1836-1842	become	_	_	_	_	
8-14	1843-1852	available	_	_	_	_	
8-15	1853-1854	.	_	_	_	_	
8-16	1856-1864	IMPLICIT	_	_	_	_	

#Text=Thought these were for Stan Lee, it turned out to be a different Stan and that's on me Adidas .  IMPLICIT Decent shoe tho IMPLICIT
9-1	1866-1873	Thought	_	_	_	_	
9-2	1874-1879	these	_	_	_	_	
9-3	1880-1884	were	_	_	_	_	
9-4	1885-1888	for	_	_	_	_	
9-5	1889-1893	Stan	_	_	_	_	
9-6	1894-1897	Lee	_	_	_	_	
9-7	1897-1898	,	_	_	_	_	
9-8	1899-1901	it	_	_	_	_	
9-9	1902-1908	turned	_	_	_	_	
9-10	1909-1912	out	_	_	_	_	
9-11	1913-1915	to	_	_	_	_	
9-12	1916-1918	be	_	_	_	_	
9-13	1919-1920	a	_	_	_	_	
9-14	1921-1930	different	_	_	_	_	
9-15	1931-1935	Stan	_	_	_	_	
9-16	1936-1939	and	_	_	_	_	
9-17	1940-1946	that's	_	_	_	_	
9-18	1947-1949	on	_	_	_	_	
9-19	1950-1952	me	_	_	_	_	
9-20	1953-1959	Adidas	_	_	_	_	
9-21	1960-1961	.	_	_	_	_	
9-22	1963-1971	IMPLICIT	_	_	_	_	
9-23	1972-1978	Decent	_	_	_	_	
9-24	1979-1983	shoe	_	_	_	_	
9-25	1984-1987	tho	_	_	_	_	
9-26	1988-1996	IMPLICIT	_	_	_	_	

#Text=I love the shoes, the color is beautiful, but this pair is too small .  IMPLICIT I will be returning this pair .  IMPLICIT
10-1	1998-1999	I	_	_	_	_	
10-2	2000-2004	love	_	_	_	_	
10-3	2005-2008	the	_	_	_	_	
10-4	2009-2014	shoes	_	_	_	_	
10-5	2014-2015	,	_	_	_	_	
10-6	2016-2019	the	_	_	_	_	
10-7	2020-2025	color	_	_	_	_	
10-8	2026-2028	is	_	_	_	_	
10-9	2029-2038	beautiful	_	_	_	_	
10-10	2038-2039	,	_	_	_	_	
10-11	2040-2043	but	_	_	_	_	
10-12	2044-2048	this	_	_	_	_	
10-13	2049-2053	pair	_	_	_	_	
10-14	2054-2056	is	_	_	_	_	
10-15	2057-2060	too	_	_	_	_	
10-16	2061-2066	small	_	_	_	_	
10-17	2067-2068	.	_	_	_	_	
10-18	2070-2078	IMPLICIT	_	_	_	_	
10-19	2079-2080	I	_	_	_	_	
10-20	2081-2085	will	_	_	_	_	
10-21	2086-2088	be	_	_	_	_	
10-22	2089-2098	returning	_	_	_	_	
10-23	2099-2103	this	_	_	_	_	
10-24	2104-2108	pair	_	_	_	_	
10-25	2109-2110	.	_	_	_	_	
10-26	2112-2120	IMPLICIT	_	_	_	_	

#Text=The shoes are very nice looking .  IMPLICIT But they're not made for people with bigger feet .  IMPLICIT
11-1	2122-2125	The	_	_	_	_	
11-2	2126-2131	shoes	_	_	_	_	
11-3	2132-2135	are	_	_	_	_	
11-4	2136-2140	very	_	_	_	_	
11-5	2141-2145	nice	_	_	_	_	
11-6	2146-2153	looking	_	_	_	_	
11-7	2154-2155	.	_	_	_	_	
11-8	2157-2165	IMPLICIT	_	_	_	_	
11-9	2166-2169	But	_	_	_	_	
11-10	2170-2177	they're	_	_	_	_	
11-11	2178-2181	not	_	_	_	_	
11-12	2182-2186	made	_	_	_	_	
11-13	2187-2190	for	_	_	_	_	
11-14	2191-2197	people	_	_	_	_	
11-15	2198-2202	with	_	_	_	_	
11-16	2203-2209	bigger	_	_	_	_	
11-17	2210-2214	feet	_	_	_	_	
11-18	2215-2216	.	_	_	_	_	
11-19	2218-2226	IMPLICIT	_	_	_	_	

#Text=I have always order this shoe for the past 20 years or more .  IMPLICIT When I got my shoes I tried them on and the backs were too low and my heel walked right of the shoe and my toes were too tight .  IMPLICIT The bottoms were plastic type of material .  IMPLICIT Not comfortable so I had to send them back .  IMPLICIT Looking elsewhere or for another brand .  IMPLICIT
12-1	2228-2229	I	_	_	_	_	
12-2	2230-2234	have	_	_	_	_	
12-3	2235-2241	always	_	_	_	_	
12-4	2242-2247	order	_	_	_	_	
12-5	2248-2252	this	_	_	_	_	
12-6	2253-2257	shoe	_	_	_	_	
12-7	2258-2261	for	_	_	_	_	
12-8	2262-2265	the	_	_	_	_	
12-9	2266-2270	past	_	_	_	_	
12-10	2271-2273	20	_	_	_	_	
12-11	2274-2279	years	_	_	_	_	
12-12	2280-2282	or	_	_	_	_	
12-13	2283-2287	more	_	_	_	_	
12-14	2288-2289	.	_	_	_	_	
12-15	2291-2299	IMPLICIT	_	_	_	_	
12-16	2300-2304	When	_	_	_	_	
12-17	2305-2306	I	_	_	_	_	
12-18	2307-2310	got	_	_	_	_	
12-19	2311-2313	my	_	_	_	_	
12-20	2314-2319	shoes	_	_	_	_	
12-21	2320-2321	I	_	_	_	_	
12-22	2322-2327	tried	_	_	_	_	
12-23	2328-2332	them	_	_	_	_	
12-24	2333-2335	on	_	_	_	_	
12-25	2336-2339	and	_	_	_	_	
12-26	2340-2343	the	_	_	_	_	
12-27	2344-2349	backs	_	_	_	_	
12-28	2350-2354	were	_	_	_	_	
12-29	2355-2358	too	_	_	_	_	
12-30	2359-2362	low	_	_	_	_	
12-31	2363-2366	and	_	_	_	_	
12-32	2367-2369	my	_	_	_	_	
12-33	2370-2374	heel	_	_	_	_	
12-34	2375-2381	walked	_	_	_	_	
12-35	2382-2387	right	_	_	_	_	
12-36	2388-2390	of	_	_	_	_	
12-37	2391-2394	the	_	_	_	_	
12-38	2395-2399	shoe	_	_	_	_	
12-39	2400-2403	and	_	_	_	_	
12-40	2404-2406	my	_	_	_	_	
12-41	2407-2411	toes	_	_	_	_	
12-42	2412-2416	were	_	_	_	_	
12-43	2417-2420	too	_	_	_	_	
12-44	2421-2426	tight	_	_	_	_	
12-45	2427-2428	.	_	_	_	_	
12-46	2430-2438	IMPLICIT	_	_	_	_	
12-47	2439-2442	The	_	_	_	_	
12-48	2443-2450	bottoms	_	_	_	_	
12-49	2451-2455	were	_	_	_	_	
12-50	2456-2463	plastic	_	_	_	_	
12-51	2464-2468	type	_	_	_	_	
12-52	2469-2471	of	_	_	_	_	
12-53	2472-2480	material	_	_	_	_	
12-54	2481-2482	.	_	_	_	_	
12-55	2484-2492	IMPLICIT	_	_	_	_	
12-56	2493-2496	Not	_	_	_	_	
12-57	2497-2508	comfortable	_	_	_	_	
12-58	2509-2511	so	_	_	_	_	
12-59	2512-2513	I	_	_	_	_	
12-60	2514-2517	had	_	_	_	_	
12-61	2518-2520	to	_	_	_	_	
12-62	2521-2525	send	_	_	_	_	
12-63	2526-2530	them	_	_	_	_	
12-64	2531-2535	back	_	_	_	_	
12-65	2536-2537	.	_	_	_	_	
12-66	2539-2547	IMPLICIT	_	_	_	_	
12-67	2548-2555	Looking	_	_	_	_	
12-68	2556-2565	elsewhere	_	_	_	_	
12-69	2566-2568	or	_	_	_	_	
12-70	2569-2572	for	_	_	_	_	
12-71	2573-2580	another	_	_	_	_	
12-72	2581-2586	brand	_	_	_	_	
12-73	2587-2588	.	_	_	_	_	
12-74	2590-2598	IMPLICIT	_	_	_	_	

#Text=I bought for my mom . She liked it just find width is little narrow .  IMPLICIT
13-1	2600-2601	I	_	_	_	_	
13-2	2602-2608	bought	_	_	_	_	
13-3	2609-2612	for	_	_	_	_	
13-4	2613-2615	my	_	_	_	_	
13-5	2616-2619	mom	_	_	_	_	
13-6	2620-2621	.	_	_	_	_	
13-7	2622-2625	She	_	_	_	_	
13-8	2626-2631	liked	_	_	_	_	
13-9	2632-2634	it	_	_	_	_	
13-10	2635-2639	just	_	_	_	_	
13-11	2640-2644	find	_	_	_	_	
13-12	2645-2650	width	_	_	_	_	
13-13	2651-2653	is	_	_	_	_	
13-14	2654-2660	little	_	_	_	_	
13-15	2661-2667	narrow	_	_	_	_	
13-16	2668-2669	.	_	_	_	_	
13-17	2671-2679	IMPLICIT	_	_	_	_	

#Text=I have been wearing NB exclusively for over a decade .  IMPLICIT I always order the same exact size and width and it's always spot on .  IMPLICIT These however were much narrower than their other shoes that are the same size .  IMPLICIT So narrow that my toes went numb after about 30 minutes .  IMPLICIT I love the design but I also love being able to have circulation in my feet .  IMPLICIT
14-1	2681-2682	I	_	_	_	_	
14-2	2683-2687	have	_	_	_	_	
14-3	2688-2692	been	_	_	_	_	
14-4	2693-2700	wearing	_	_	_	_	
14-5	2701-2703	NB	_	_	_	_	
14-6	2704-2715	exclusively	_	_	_	_	
14-7	2716-2719	for	_	_	_	_	
14-8	2720-2724	over	_	_	_	_	
14-9	2725-2726	a	_	_	_	_	
14-10	2727-2733	decade	_	_	_	_	
14-11	2734-2735	.	_	_	_	_	
14-12	2737-2745	IMPLICIT	_	_	_	_	
14-13	2746-2747	I	_	_	_	_	
14-14	2748-2754	always	_	_	_	_	
14-15	2755-2760	order	_	_	_	_	
14-16	2761-2764	the	_	_	_	_	
14-17	2765-2769	same	_	_	_	_	
14-18	2770-2775	exact	_	_	_	_	
14-19	2776-2780	size	_	_	_	_	
14-20	2781-2784	and	_	_	_	_	
14-21	2785-2790	width	_	_	_	_	
14-22	2791-2794	and	_	_	_	_	
14-23	2795-2799	it's	_	_	_	_	
14-24	2800-2806	always	_	_	_	_	
14-25	2807-2811	spot	_	_	_	_	
14-26	2812-2814	on	_	_	_	_	
14-27	2815-2816	.	_	_	_	_	
14-28	2818-2826	IMPLICIT	_	_	_	_	
14-29	2827-2832	These	_	_	_	_	
14-30	2833-2840	however	_	_	_	_	
14-31	2841-2845	were	_	_	_	_	
14-32	2846-2850	much	_	_	_	_	
14-33	2851-2859	narrower	_	_	_	_	
14-34	2860-2864	than	_	_	_	_	
14-35	2865-2870	their	_	_	_	_	
14-36	2871-2876	other	_	_	_	_	
14-37	2877-2882	shoes	_	_	_	_	
14-38	2883-2887	that	_	_	_	_	
14-39	2888-2891	are	_	_	_	_	
14-40	2892-2895	the	_	_	_	_	
14-41	2896-2900	same	_	_	_	_	
14-42	2901-2905	size	_	_	_	_	
14-43	2906-2907	.	_	_	_	_	
14-44	2909-2917	IMPLICIT	_	_	_	_	
14-45	2918-2920	So	_	_	_	_	
14-46	2921-2927	narrow	_	_	_	_	
14-47	2928-2932	that	_	_	_	_	
14-48	2933-2935	my	_	_	_	_	
14-49	2936-2940	toes	_	_	_	_	
14-50	2941-2945	went	_	_	_	_	
14-51	2946-2950	numb	_	_	_	_	
14-52	2951-2956	after	_	_	_	_	
14-53	2957-2962	about	_	_	_	_	
14-54	2963-2965	30	_	_	_	_	
14-55	2966-2973	minutes	_	_	_	_	
14-56	2974-2975	.	_	_	_	_	
14-57	2977-2985	IMPLICIT	_	_	_	_	
14-58	2986-2987	I	_	_	_	_	
14-59	2988-2992	love	_	_	_	_	
14-60	2993-2996	the	_	_	_	_	
14-61	2997-3003	design	_	_	_	_	
14-62	3004-3007	but	_	_	_	_	
14-63	3008-3009	I	_	_	_	_	
14-64	3010-3014	also	_	_	_	_	
14-65	3015-3019	love	_	_	_	_	
14-66	3020-3025	being	_	_	_	_	
14-67	3026-3030	able	_	_	_	_	
14-68	3031-3033	to	_	_	_	_	
14-69	3034-3038	have	_	_	_	_	
14-70	3039-3050	circulation	_	_	_	_	
14-71	3051-3053	in	_	_	_	_	
14-72	3054-3056	my	_	_	_	_	
14-73	3057-3061	feet	_	_	_	_	
14-74	3062-3063	.	_	_	_	_	
14-75	3065-3073	IMPLICIT	_	_	_	_	

#Text=Had to return these .  .  .  IMPLICIT I could have gone a half size bigger but they just felt too stiff and bulky .  IMPLICIT Even the tongue was sticking into my ankle .  IMPLICIT They look good, though .  IMPLICIT
15-1	3075-3078	Had	_	_	_	_	
15-2	3079-3081	to	_	_	_	_	
15-3	3082-3088	return	_	_	_	_	
15-4	3089-3094	these	_	_	_	_	
15-5	3095-3096	.	_	_	_	_	
15-6	3098-3099	.	_	_	_	_	
15-7	3101-3102	.	_	_	_	_	
15-8	3104-3112	IMPLICIT	_	_	_	_	
15-9	3113-3114	I	_	_	_	_	
15-10	3115-3120	could	_	_	_	_	
15-11	3121-3125	have	_	_	_	_	
15-12	3126-3130	gone	_	_	_	_	
15-13	3131-3132	a	_	_	_	_	
15-14	3133-3137	half	_	_	_	_	
15-15	3138-3142	size	_	_	_	_	
15-16	3143-3149	bigger	_	_	_	_	
15-17	3150-3153	but	_	_	_	_	
15-18	3154-3158	they	_	_	_	_	
15-19	3159-3163	just	_	_	_	_	
15-20	3164-3168	felt	_	_	_	_	
15-21	3169-3172	too	_	_	_	_	
15-22	3173-3178	stiff	_	_	_	_	
15-23	3179-3182	and	_	_	_	_	
15-24	3183-3188	bulky	_	_	_	_	
15-25	3189-3190	.	_	_	_	_	
15-26	3192-3200	IMPLICIT	_	_	_	_	
15-27	3201-3205	Even	_	_	_	_	
15-28	3206-3209	the	_	_	_	_	
15-29	3210-3216	tongue	_	_	_	_	
15-30	3217-3220	was	_	_	_	_	
15-31	3221-3229	sticking	_	_	_	_	
15-32	3230-3234	into	_	_	_	_	
15-33	3235-3237	my	_	_	_	_	
15-34	3238-3243	ankle	_	_	_	_	
15-35	3244-3245	.	_	_	_	_	
15-36	3247-3255	IMPLICIT	_	_	_	_	
15-37	3256-3260	They	_	_	_	_	
15-38	3261-3265	look	_	_	_	_	
15-39	3266-3270	good	_	_	_	_	
15-40	3270-3271	,	_	_	_	_	
15-41	3272-3278	though	_	_	_	_	
15-42	3279-3280	.	_	_	_	_	
15-43	3282-3290	IMPLICIT	_	_	_	_	

#Text=I have these along with the famed NMD R1S and these perform better than them .  IMPLICIT Took them for a full day to Disneyland and was comfortable all-day long .  IMPLICIT The NMDs failed a workday .  IMPLICIT Plus these are a fraction of the cost .  IMPLICIT
16-1	3292-3293	I	_	_	_	_	
16-2	3294-3298	have	_	_	_	_	
16-3	3299-3304	these	_	_	_	_	
16-4	3305-3310	along	_	_	_	_	
16-5	3311-3315	with	_	_	_	_	
16-6	3316-3319	the	_	_	_	_	
16-7	3320-3325	famed	_	_	_	_	
16-8	3326-3329	NMD	_	_	_	_	
16-9	3330-3333	R1S	_	_	_	_	
16-10	3334-3337	and	_	_	_	_	
16-11	3338-3343	these	_	_	_	_	
16-12	3344-3351	perform	_	_	_	_	
16-13	3352-3358	better	_	_	_	_	
16-14	3359-3363	than	_	_	_	_	
16-15	3364-3368	them	_	_	_	_	
16-16	3369-3370	.	_	_	_	_	
16-17	3372-3380	IMPLICIT	_	_	_	_	
16-18	3381-3385	Took	_	_	_	_	
16-19	3386-3390	them	_	_	_	_	
16-20	3391-3394	for	_	_	_	_	
16-21	3395-3396	a	_	_	_	_	
16-22	3397-3401	full	_	_	_	_	
16-23	3402-3405	day	_	_	_	_	
16-24	3406-3408	to	_	_	_	_	
16-25	3409-3419	Disneyland	_	_	_	_	
16-26	3420-3423	and	_	_	_	_	
16-27	3424-3427	was	_	_	_	_	
16-28	3428-3439	comfortable	_	_	_	_	
16-29	3440-3447	all-day	_	_	_	_	
16-30	3448-3452	long	_	_	_	_	
16-31	3453-3454	.	_	_	_	_	
16-32	3456-3464	IMPLICIT	_	_	_	_	
16-33	3465-3468	The	_	_	_	_	
16-34	3469-3473	NMDs	_	_	_	_	
16-35	3474-3480	failed	_	_	_	_	
16-36	3481-3482	a	_	_	_	_	
16-37	3483-3490	workday	_	_	_	_	
16-38	3491-3492	.	_	_	_	_	
16-39	3494-3502	IMPLICIT	_	_	_	_	
16-40	3503-3507	Plus	_	_	_	_	
16-41	3508-3513	these	_	_	_	_	
16-42	3514-3517	are	_	_	_	_	
16-43	3518-3519	a	_	_	_	_	
16-44	3520-3528	fraction	_	_	_	_	
16-45	3529-3531	of	_	_	_	_	
16-46	3532-3535	the	_	_	_	_	
16-47	3536-3540	cost	_	_	_	_	
16-48	3541-3542	.	_	_	_	_	
16-49	3544-3552	IMPLICIT	_	_	_	_	

#Text=I bought this sneakers for my son, they fit perfectly .  IMPLICIT 5 star quality, i will surely be buying more .  IMPLICIT
17-1	3554-3555	I	_	_	_	_	
17-2	3556-3562	bought	_	_	_	_	
17-3	3563-3567	this	_	_	_	_	
17-4	3568-3576	sneakers	_	_	_	_	
17-5	3577-3580	for	_	_	_	_	
17-6	3581-3583	my	_	_	_	_	
17-7	3584-3587	son	_	_	_	_	
17-8	3587-3588	,	_	_	_	_	
17-9	3589-3593	they	_	_	_	_	
17-10	3594-3597	fit	_	_	_	_	
17-11	3598-3607	perfectly	_	_	_	_	
17-12	3608-3609	.	_	_	_	_	
17-13	3611-3619	IMPLICIT	_	_	_	_	
17-14	3620-3621	5	_	_	_	_	
17-15	3622-3626	star	_	_	_	_	
17-16	3627-3634	quality	_	_	_	_	
17-17	3634-3635	,	_	_	_	_	
17-18	3636-3637	i	_	_	_	_	
17-19	3638-3642	will	_	_	_	_	
17-20	3643-3649	surely	_	_	_	_	
17-21	3650-3652	be	_	_	_	_	
17-22	3653-3659	buying	_	_	_	_	
17-23	3660-3664	more	_	_	_	_	
17-24	3665-3666	.	_	_	_	_	
17-25	3668-3676	IMPLICIT	_	_	_	_	

#Text=I've worn several new balance models over the years so I figured these should be the same as my regular options .  IMPLICIT I ordered a 10 1/2 and they are way too small and way too narrow .  IMPLICIT Every pair of new balance shoes I've ordered a 10 1/2 .  IMPLICIT So odd .  .  .  IMPLICIT
18-1	3678-3682	I've	_	_	_	_	
18-2	3683-3687	worn	_	_	_	_	
18-3	3688-3695	several	_	_	_	_	
18-4	3696-3699	new	_	_	_	_	
18-5	3700-3707	balance	_	_	_	_	
18-6	3708-3714	models	_	_	_	_	
18-7	3715-3719	over	_	_	_	_	
18-8	3720-3723	the	_	_	_	_	
18-9	3724-3729	years	_	_	_	_	
18-10	3730-3732	so	_	_	_	_	
18-11	3733-3734	I	_	_	_	_	
18-12	3735-3742	figured	_	_	_	_	
18-13	3743-3748	these	_	_	_	_	
18-14	3749-3755	should	_	_	_	_	
18-15	3756-3758	be	_	_	_	_	
18-16	3759-3762	the	_	_	_	_	
18-17	3763-3767	same	_	_	_	_	
18-18	3768-3770	as	_	_	_	_	
18-19	3771-3773	my	_	_	_	_	
18-20	3774-3781	regular	_	_	_	_	
18-21	3782-3789	options	_	_	_	_	
18-22	3790-3791	.	_	_	_	_	
18-23	3793-3801	IMPLICIT	_	_	_	_	
18-24	3802-3803	I	_	_	_	_	
18-25	3804-3811	ordered	_	_	_	_	
18-26	3812-3813	a	_	_	_	_	
18-27	3814-3816	10	_	_	_	_	
18-28	3817-3818	1	_	_	_	_	
18-29	3818-3819	/	_	_	_	_	
18-30	3819-3820	2	_	_	_	_	
18-31	3821-3824	and	_	_	_	_	
18-32	3825-3829	they	_	_	_	_	
18-33	3830-3833	are	_	_	_	_	
18-34	3834-3837	way	_	_	_	_	
18-35	3838-3841	too	_	_	_	_	
18-36	3842-3847	small	_	_	_	_	
18-37	3848-3851	and	_	_	_	_	
18-38	3852-3855	way	_	_	_	_	
18-39	3856-3859	too	_	_	_	_	
18-40	3860-3866	narrow	_	_	_	_	
18-41	3867-3868	.	_	_	_	_	
18-42	3870-3878	IMPLICIT	_	_	_	_	
18-43	3879-3884	Every	_	_	_	_	
18-44	3885-3889	pair	_	_	_	_	
18-45	3890-3892	of	_	_	_	_	
18-46	3893-3896	new	_	_	_	_	
18-47	3897-3904	balance	_	_	_	_	
18-48	3905-3910	shoes	_	_	_	_	
18-49	3911-3915	I've	_	_	_	_	
18-50	3916-3923	ordered	_	_	_	_	
18-51	3924-3925	a	_	_	_	_	
18-52	3926-3928	10	_	_	_	_	
18-53	3929-3930	1	_	_	_	_	
18-54	3930-3931	/	_	_	_	_	
18-55	3931-3932	2	_	_	_	_	
18-56	3933-3934	.	_	_	_	_	
18-57	3936-3944	IMPLICIT	_	_	_	_	
18-58	3945-3947	So	_	_	_	_	
18-59	3948-3951	odd	_	_	_	_	
18-60	3952-3953	.	_	_	_	_	
18-61	3955-3956	.	_	_	_	_	
18-62	3958-3959	.	_	_	_	_	
18-63	3961-3969	IMPLICIT	_	_	_	_	

#Text=I have several pairs of the NMD .  IMPLICIT Not sure what happened with this paid .  IMPLICIT I went in a walk and the Heel cut into my heel and gave me blisters on both feet .  IMPLICIT Wish they would make it lower or softer .  IMPLICIT Loved my NMD that were Sock style .  IMPLICIT My favorite pair ever .  IMPLICIT
19-1	3971-3972	I	_	_	_	_	
19-2	3973-3977	have	_	_	_	_	
19-3	3978-3985	several	_	_	_	_	
19-4	3986-3991	pairs	_	_	_	_	
19-5	3992-3994	of	_	_	_	_	
19-6	3995-3998	the	_	_	_	_	
19-7	3999-4002	NMD	_	_	_	_	
19-8	4003-4004	.	_	_	_	_	
19-9	4006-4014	IMPLICIT	_	_	_	_	
19-10	4015-4018	Not	_	_	_	_	
19-11	4019-4023	sure	_	_	_	_	
19-12	4024-4028	what	_	_	_	_	
19-13	4029-4037	happened	_	_	_	_	
19-14	4038-4042	with	_	_	_	_	
19-15	4043-4047	this	_	_	_	_	
19-16	4048-4052	paid	_	_	_	_	
19-17	4053-4054	.	_	_	_	_	
19-18	4056-4064	IMPLICIT	_	_	_	_	
19-19	4065-4066	I	_	_	_	_	
19-20	4067-4071	went	_	_	_	_	
19-21	4072-4074	in	_	_	_	_	
19-22	4075-4076	a	_	_	_	_	
19-23	4077-4081	walk	_	_	_	_	
19-24	4082-4085	and	_	_	_	_	
19-25	4086-4089	the	_	_	_	_	
19-26	4090-4094	Heel	_	_	_	_	
19-27	4095-4098	cut	_	_	_	_	
19-28	4099-4103	into	_	_	_	_	
19-29	4104-4106	my	_	_	_	_	
19-30	4107-4111	heel	_	_	_	_	
19-31	4112-4115	and	_	_	_	_	
19-32	4116-4120	gave	_	_	_	_	
19-33	4121-4123	me	_	_	_	_	
19-34	4124-4132	blisters	_	_	_	_	
19-35	4133-4135	on	_	_	_	_	
19-36	4136-4140	both	_	_	_	_	
19-37	4141-4145	feet	_	_	_	_	
19-38	4146-4147	.	_	_	_	_	
19-39	4149-4157	IMPLICIT	_	_	_	_	
19-40	4158-4162	Wish	_	_	_	_	
19-41	4163-4167	they	_	_	_	_	
19-42	4168-4173	would	_	_	_	_	
19-43	4174-4178	make	_	_	_	_	
19-44	4179-4181	it	_	_	_	_	
19-45	4182-4187	lower	_	_	_	_	
19-46	4188-4190	or	_	_	_	_	
19-47	4191-4197	softer	_	_	_	_	
19-48	4198-4199	.	_	_	_	_	
19-49	4201-4209	IMPLICIT	_	_	_	_	
19-50	4210-4215	Loved	_	_	_	_	
19-51	4216-4218	my	_	_	_	_	
19-52	4219-4222	NMD	_	_	_	_	
19-53	4223-4227	that	_	_	_	_	
19-54	4228-4232	were	_	_	_	_	
19-55	4233-4237	Sock	_	_	_	_	
19-56	4238-4243	style	_	_	_	_	
19-57	4244-4245	.	_	_	_	_	
19-58	4247-4255	IMPLICIT	_	_	_	_	
19-59	4256-4258	My	_	_	_	_	
19-60	4259-4267	favorite	_	_	_	_	
19-61	4268-4272	pair	_	_	_	_	
19-62	4273-4277	ever	_	_	_	_	
19-63	4278-4279	.	_	_	_	_	
19-64	4281-4289	IMPLICIT	_	_	_	_	

#Text=Great shoes fit true too size .  IMPLICIT Very comfortable .  IMPLICIT They look great With all outfits .  IMPLICIT
20-1	4291-4296	Great	_	_	_	_	
20-2	4297-4302	shoes	_	_	_	_	
20-3	4303-4306	fit	_	_	_	_	
20-4	4307-4311	true	_	_	_	_	
20-5	4312-4315	too	_	_	_	_	
20-6	4316-4320	size	_	_	_	_	
20-7	4321-4322	.	_	_	_	_	
20-8	4324-4332	IMPLICIT	_	_	_	_	
20-9	4333-4337	Very	_	_	_	_	
20-10	4338-4349	comfortable	_	_	_	_	
20-11	4350-4351	.	_	_	_	_	
20-12	4353-4361	IMPLICIT	_	_	_	_	
20-13	4362-4366	They	_	_	_	_	
20-14	4367-4371	look	_	_	_	_	
20-15	4372-4377	great	_	_	_	_	
20-16	4378-4382	With	_	_	_	_	
20-17	4383-4386	all	_	_	_	_	
20-18	4387-4394	outfits	_	_	_	_	
20-19	4395-4396	.	_	_	_	_	
20-20	4398-4406	IMPLICIT	_	_	_	_	

#Text=The sneaker is very nice looking but the first time I tied the shoulders the hole ripped .  IMPLICIT Then I tried to exchange but they are all sold out in my size .  IMPLICIT
21-1	4408-4411	The	_	_	_	_	
21-2	4412-4419	sneaker	_	_	_	_	
21-3	4420-4422	is	_	_	_	_	
21-4	4423-4427	very	_	_	_	_	
21-5	4428-4432	nice	_	_	_	_	
21-6	4433-4440	looking	_	_	_	_	
21-7	4441-4444	but	_	_	_	_	
21-8	4445-4448	the	_	_	_	_	
21-9	4449-4454	first	_	_	_	_	
21-10	4455-4459	time	_	_	_	_	
21-11	4460-4461	I	_	_	_	_	
21-12	4462-4466	tied	_	_	_	_	
21-13	4467-4470	the	_	_	_	_	
21-14	4471-4480	shoulders	_	_	_	_	
21-15	4481-4484	the	_	_	_	_	
21-16	4485-4489	hole	_	_	_	_	
21-17	4490-4496	ripped	_	_	_	_	
21-18	4497-4498	.	_	_	_	_	
21-19	4500-4508	IMPLICIT	_	_	_	_	
21-20	4509-4513	Then	_	_	_	_	
21-21	4514-4515	I	_	_	_	_	
21-22	4516-4521	tried	_	_	_	_	
21-23	4522-4524	to	_	_	_	_	
21-24	4525-4533	exchange	_	_	_	_	
21-25	4534-4537	but	_	_	_	_	
21-26	4538-4542	they	_	_	_	_	
21-27	4543-4546	are	_	_	_	_	
21-28	4547-4550	all	_	_	_	_	
21-29	4551-4555	sold	_	_	_	_	
21-30	4556-4559	out	_	_	_	_	
21-31	4560-4562	in	_	_	_	_	
21-32	4563-4565	my	_	_	_	_	
21-33	4566-4570	size	_	_	_	_	
21-34	4571-4572	.	_	_	_	_	
21-35	4574-4582	IMPLICIT	_	_	_	_	

#Text=Too narrow for the 4E model .  IMPLICIT I've been wearing New Balance "tennis" for years after my double knee replacement .  IMPLICIT This is the first time they have not fit .  IMPLICIT I've been very satisfied with all others I've ordered .  IMPLICIT I really liked this season's color .  IMPLICIT I am hoping this is not a trend with all the other 4E "tennis" models being produced in the future .  IMPLICIT
22-1	4584-4587	Too	_	_	_	_	
22-2	4588-4594	narrow	_	_	_	_	
22-3	4595-4598	for	_	_	_	_	
22-4	4599-4602	the	_	_	_	_	
22-5	4603-4605	4E	_	_	_	_	
22-6	4606-4611	model	_	_	_	_	
22-7	4612-4613	.	_	_	_	_	
22-8	4615-4623	IMPLICIT	_	_	_	_	
22-9	4624-4628	I've	_	_	_	_	
22-10	4629-4633	been	_	_	_	_	
22-11	4634-4641	wearing	_	_	_	_	
22-12	4642-4645	New	_	_	_	_	
22-13	4646-4653	Balance	_	_	_	_	
22-14	4654-4655	"	_	_	_	_	
22-15	4655-4661	tennis	_	_	_	_	
22-16	4661-4662	"	_	_	_	_	
22-17	4663-4666	for	_	_	_	_	
22-18	4667-4672	years	_	_	_	_	
22-19	4673-4678	after	_	_	_	_	
22-20	4679-4681	my	_	_	_	_	
22-21	4682-4688	double	_	_	_	_	
22-22	4689-4693	knee	_	_	_	_	
22-23	4694-4705	replacement	_	_	_	_	
22-24	4706-4707	.	_	_	_	_	
22-25	4709-4717	IMPLICIT	_	_	_	_	
22-26	4718-4722	This	_	_	_	_	
22-27	4723-4725	is	_	_	_	_	
22-28	4726-4729	the	_	_	_	_	
22-29	4730-4735	first	_	_	_	_	
22-30	4736-4740	time	_	_	_	_	
22-31	4741-4745	they	_	_	_	_	
22-32	4746-4750	have	_	_	_	_	
22-33	4751-4754	not	_	_	_	_	
22-34	4755-4758	fit	_	_	_	_	
22-35	4759-4760	.	_	_	_	_	
22-36	4762-4770	IMPLICIT	_	_	_	_	
22-37	4771-4775	I've	_	_	_	_	
22-38	4776-4780	been	_	_	_	_	
22-39	4781-4785	very	_	_	_	_	
22-40	4786-4795	satisfied	_	_	_	_	
22-41	4796-4800	with	_	_	_	_	
22-42	4801-4804	all	_	_	_	_	
22-43	4805-4811	others	_	_	_	_	
22-44	4812-4816	I've	_	_	_	_	
22-45	4817-4824	ordered	_	_	_	_	
22-46	4825-4826	.	_	_	_	_	
22-47	4828-4836	IMPLICIT	_	_	_	_	
22-48	4837-4838	I	_	_	_	_	
22-49	4839-4845	really	_	_	_	_	
22-50	4846-4851	liked	_	_	_	_	
22-51	4852-4856	this	_	_	_	_	
22-52	4857-4865	season's	_	_	_	_	
22-53	4866-4871	color	_	_	_	_	
22-54	4872-4873	.	_	_	_	_	
22-55	4875-4883	IMPLICIT	_	_	_	_	
22-56	4884-4885	I	_	_	_	_	
22-57	4886-4888	am	_	_	_	_	
22-58	4889-4895	hoping	_	_	_	_	
22-59	4896-4900	this	_	_	_	_	
22-60	4901-4903	is	_	_	_	_	
22-61	4904-4907	not	_	_	_	_	
22-62	4908-4909	a	_	_	_	_	
22-63	4910-4915	trend	_	_	_	_	
22-64	4916-4920	with	_	_	_	_	
22-65	4921-4924	all	_	_	_	_	
22-66	4925-4928	the	_	_	_	_	
22-67	4929-4934	other	_	_	_	_	
22-68	4935-4937	4E	_	_	_	_	
22-69	4938-4939	"	_	_	_	_	
22-70	4939-4945	tennis	_	_	_	_	
22-71	4945-4946	"	_	_	_	_	
22-72	4947-4953	models	_	_	_	_	
22-73	4954-4959	being	_	_	_	_	
22-74	4960-4968	produced	_	_	_	_	
22-75	4969-4971	in	_	_	_	_	
22-76	4972-4975	the	_	_	_	_	
22-77	4976-4982	future	_	_	_	_	
22-78	4983-4984	.	_	_	_	_	
22-79	4986-4994	IMPLICIT	_	_	_	_	

#Text=I love New Balance shoes for they are so comfortable and durable .  IMPLICIT I walk a lot and the 574 is light weight, yet provides good support for my feet .  IMPLICIT The only problem I have with the 574 is that my heel is more narrow than normal so the shoes are somewhat loose in that area .  IMPLICIT I will be back to order more .  IMPLICIT
23-1	4996-4997	I	_	_	_	_	
23-2	4998-5002	love	_	_	_	_	
23-3	5003-5006	New	_	_	_	_	
23-4	5007-5014	Balance	_	_	_	_	
23-5	5015-5020	shoes	_	_	_	_	
23-6	5021-5024	for	_	_	_	_	
23-7	5025-5029	they	_	_	_	_	
23-8	5030-5033	are	_	_	_	_	
23-9	5034-5036	so	_	_	_	_	
23-10	5037-5048	comfortable	_	_	_	_	
23-11	5049-5052	and	_	_	_	_	
23-12	5053-5060	durable	_	_	_	_	
23-13	5061-5062	.	_	_	_	_	
23-14	5064-5072	IMPLICIT	_	_	_	_	
23-15	5073-5074	I	_	_	_	_	
23-16	5075-5079	walk	_	_	_	_	
23-17	5080-5081	a	_	_	_	_	
23-18	5082-5085	lot	_	_	_	_	
23-19	5086-5089	and	_	_	_	_	
23-20	5090-5093	the	_	_	_	_	
23-21	5094-5097	574	_	_	_	_	
23-22	5098-5100	is	_	_	_	_	
23-23	5101-5106	light	_	_	_	_	
23-24	5107-5113	weight	_	_	_	_	
23-25	5113-5114	,	_	_	_	_	
23-26	5115-5118	yet	_	_	_	_	
23-27	5119-5127	provides	_	_	_	_	
23-28	5128-5132	good	_	_	_	_	
23-29	5133-5140	support	_	_	_	_	
23-30	5141-5144	for	_	_	_	_	
23-31	5145-5147	my	_	_	_	_	
23-32	5148-5152	feet	_	_	_	_	
23-33	5153-5154	.	_	_	_	_	
23-34	5156-5164	IMPLICIT	_	_	_	_	
23-35	5165-5168	The	_	_	_	_	
23-36	5169-5173	only	_	_	_	_	
23-37	5174-5181	problem	_	_	_	_	
23-38	5182-5183	I	_	_	_	_	
23-39	5184-5188	have	_	_	_	_	
23-40	5189-5193	with	_	_	_	_	
23-41	5194-5197	the	_	_	_	_	
23-42	5198-5201	574	_	_	_	_	
23-43	5202-5204	is	_	_	_	_	
23-44	5205-5209	that	_	_	_	_	
23-45	5210-5212	my	_	_	_	_	
23-46	5213-5217	heel	_	_	_	_	
23-47	5218-5220	is	_	_	_	_	
23-48	5221-5225	more	_	_	_	_	
23-49	5226-5232	narrow	_	_	_	_	
23-50	5233-5237	than	_	_	_	_	
23-51	5238-5244	normal	_	_	_	_	
23-52	5245-5247	so	_	_	_	_	
23-53	5248-5251	the	_	_	_	_	
23-54	5252-5257	shoes	_	_	_	_	
23-55	5258-5261	are	_	_	_	_	
23-56	5262-5270	somewhat	_	_	_	_	
23-57	5271-5276	loose	_	_	_	_	
23-58	5277-5279	in	_	_	_	_	
23-59	5280-5284	that	_	_	_	_	
23-60	5285-5289	area	_	_	_	_	
23-61	5290-5291	.	_	_	_	_	
23-62	5293-5301	IMPLICIT	_	_	_	_	
23-63	5302-5303	I	_	_	_	_	
23-64	5304-5308	will	_	_	_	_	
23-65	5309-5311	be	_	_	_	_	
23-66	5312-5316	back	_	_	_	_	
23-67	5317-5319	to	_	_	_	_	
23-68	5320-5325	order	_	_	_	_	
23-69	5326-5330	more	_	_	_	_	
23-70	5331-5332	.	_	_	_	_	
23-71	5334-5342	IMPLICIT	_	_	_	_	

#Text=these are my favorite shoes i've had since i was a kid (i'm 40) .  IMPLICIT they are so nice looking .  IMPLICIT i get compliments every day .  IMPLICIT
24-1	5344-5349	these	_	_	_	_	
24-2	5350-5353	are	_	_	_	_	
24-3	5354-5356	my	_	_	_	_	
24-4	5357-5365	favorite	_	_	_	_	
24-5	5366-5371	shoes	_	_	_	_	
24-6	5372-5376	i've	_	_	_	_	
24-7	5377-5380	had	_	_	_	_	
24-8	5381-5386	since	_	_	_	_	
24-9	5387-5388	i	_	_	_	_	
24-10	5389-5392	was	_	_	_	_	
24-11	5393-5394	a	_	_	_	_	
24-12	5395-5398	kid	_	_	_	_	
24-13	5399-5400	(	_	_	_	_	
24-14	5400-5403	i'm	_	_	_	_	
24-15	5404-5406	40	_	_	_	_	
24-16	5406-5407	)	_	_	_	_	
24-17	5408-5409	.	_	_	_	_	
24-18	5411-5419	IMPLICIT	_	_	_	_	
24-19	5420-5424	they	_	_	_	_	
24-20	5425-5428	are	_	_	_	_	
24-21	5429-5431	so	_	_	_	_	
24-22	5432-5436	nice	_	_	_	_	
24-23	5437-5444	looking	_	_	_	_	
24-24	5445-5446	.	_	_	_	_	
24-25	5448-5456	IMPLICIT	_	_	_	_	
24-26	5457-5458	i	_	_	_	_	
24-27	5459-5462	get	_	_	_	_	
24-28	5463-5474	compliments	_	_	_	_	
24-29	5475-5480	every	_	_	_	_	
24-30	5481-5484	day	_	_	_	_	
24-31	5485-5486	.	_	_	_	_	
24-32	5488-5496	IMPLICIT	_	_	_	_	

#Text=I liked the style at first but when I went on YouTube , men were the only ones I saw wearing them .  IMPLICIT They just looked to manly after I saw them .  IMPLICIT But overall they were nice .  IMPLICIT
25-1	5498-5499	I	_	_	_	_	
25-2	5500-5505	liked	_	_	_	_	
25-3	5506-5509	the	_	_	_	_	
25-4	5510-5515	style	_	_	_	_	
25-5	5516-5518	at	_	_	_	_	
25-6	5519-5524	first	_	_	_	_	
25-7	5525-5528	but	_	_	_	_	
25-8	5529-5533	when	_	_	_	_	
25-9	5534-5535	I	_	_	_	_	
25-10	5536-5540	went	_	_	_	_	
25-11	5541-5543	on	_	_	_	_	
25-12	5544-5551	YouTube	_	_	_	_	
25-13	5552-5553	,	_	_	_	_	
25-14	5554-5557	men	_	_	_	_	
25-15	5558-5562	were	_	_	_	_	
25-16	5563-5566	the	_	_	_	_	
25-17	5567-5571	only	_	_	_	_	
25-18	5572-5576	ones	_	_	_	_	
25-19	5577-5578	I	_	_	_	_	
25-20	5579-5582	saw	_	_	_	_	
25-21	5583-5590	wearing	_	_	_	_	
25-22	5591-5595	them	_	_	_	_	
25-23	5596-5597	.	_	_	_	_	
25-24	5599-5607	IMPLICIT	_	_	_	_	
25-25	5608-5612	They	_	_	_	_	
25-26	5613-5617	just	_	_	_	_	
25-27	5618-5624	looked	_	_	_	_	
25-28	5625-5627	to	_	_	_	_	
25-29	5628-5633	manly	_	_	_	_	
25-30	5634-5639	after	_	_	_	_	
25-31	5640-5641	I	_	_	_	_	
25-32	5642-5645	saw	_	_	_	_	
25-33	5646-5650	them	_	_	_	_	
25-34	5651-5652	.	_	_	_	_	
25-35	5654-5662	IMPLICIT	_	_	_	_	
25-36	5663-5666	But	_	_	_	_	
25-37	5667-5674	overall	_	_	_	_	
25-38	5675-5679	they	_	_	_	_	
25-39	5680-5684	were	_	_	_	_	
25-40	5685-5689	nice	_	_	_	_	
25-41	5690-5691	.	_	_	_	_	
25-42	5693-5701	IMPLICIT	_	_	_	_	
