#FORMAT=WebAnno TSV 3.3
#T_SP=webanno.custom.Aspect|MentionType
#T_RL=webanno.custom.Sentiment|Category|Polarity|BT_webanno.custom.Aspect


#Text=Ordered sneakers for my granddaughters and it took two weeks to get there and one pair was canceled .  IMPLICIT Usually order from Eastbay but these were what they wanted .  IMPLICIT Will NEVER order from Finish Line again IMPLICIT
1-1	0-7	Ordered	Indirect Opinion[1]	_	_	_	
1-2	8-16	sneakers	Indirect Opinion[1]|Direct Aspect[2]	ContextOfUse#Purchase\_Context	Neutral	1-1[1_2]	
1-3	17-20	for	Indirect Opinion[1]	_	_	_	
1-4	21-23	my	Indirect Opinion[1]	_	_	_	
1-5	24-38	granddaughters	Indirect Opinion[1]	_	_	_	
1-6	39-42	and	_	_	_	_	
1-7	43-45	it	_	_	_	_	
1-8	46-50	took	Indirect Opinion[3]	Misc	Negative	1-2[2_3]	
1-9	51-54	two	Indirect Opinion[3]	_	_	_	
1-10	55-60	weeks	Indirect Opinion[3]	_	_	_	
1-11	61-63	to	Indirect Opinion[3]	_	_	_	
1-12	64-67	get	Indirect Opinion[3]	_	_	_	
1-13	68-73	there	Indirect Opinion[3]	_	_	_	
1-14	74-77	and	Indirect Opinion[3]	_	_	_	
1-15	78-81	one	Indirect Opinion[3]	_	_	_	
1-16	82-86	pair	Indirect Opinion[3]	_	_	_	
1-17	87-90	was	Indirect Opinion[3]	_	_	_	
1-18	91-99	canceled	Indirect Opinion[3]	_	_	_	
1-19	100-101	.	_	_	_	_	
1-20	103-111	IMPLICIT	_	_	_	_	
1-21	112-119	Usually	Indirect Opinion[4]	_	_	_	
1-22	120-125	order	Indirect Opinion[4]	_	_	_	
1-23	126-130	from	Indirect Opinion[4]	_	_	_	
1-24	131-138	Eastbay	Indirect Opinion[4]	_	_	_	
1-25	139-142	but	Indirect Opinion[4]	_	_	_	
1-26	143-148	these	Indirect Opinion[4]	_	_	_	
1-27	149-153	were	Indirect Opinion[4]	_	_	_	
1-28	154-158	what	Indirect Opinion[4]	_	_	_	
1-29	159-163	they	Indirect Opinion[4]	_	_	_	
1-30	164-170	wanted	Indirect Opinion[4]	_	_	_	
1-31	171-172	.	_	_	_	_	
1-32	174-182	IMPLICIT	Direct Aspect	Misc	Neutral	1-21[4_0]	
1-33	183-187	Will	Indirect Opinion[5]	_	_	_	
1-34	188-193	NEVER	Indirect Opinion[5]	_	_	_	
1-35	194-199	order	Indirect Opinion[5]	_	_	_	
1-36	200-204	from	Indirect Opinion[5]	_	_	_	
1-37	205-211	Finish	Indirect Opinion[5]|Direct Aspect[6]	Misc	Negative	1-33[5_6]	
1-38	212-216	Line	Indirect Opinion[5]|Direct Aspect[6]	_	_	_	
1-39	217-222	again	Indirect Opinion[5]	_	_	_	
1-40	223-231	IMPLICIT	_	_	_	_	

#Text=I've been a Reebok Classic woman for years .  IMPLICIT I don't wear any other brand of athletic shoes .  IMPLICIT They are comfortable and easy to walk in .  IMPLICIT I wear a 1/2 " heel lift in my shoe for balance and these shoes have the perfect depth that keeps the heel of the shoe snug to my feet - no slipping off .  IMPLICIT
2-1	233-237	I've	Indirect Opinion[7]	_	_	_	
2-2	238-242	been	Indirect Opinion[7]	_	_	_	
2-3	243-244	a	Indirect Opinion[7]	_	_	_	
2-4	245-251	Reebok	Indirect Opinion[7]|Direct Aspect[8]	Misc	Positive	2-1[7_8]	
2-5	252-259	Classic	Indirect Opinion[7]|Direct Aspect[8]	_	_	_	
2-6	260-265	woman	Indirect Opinion[7]	_	_	_	
2-7	266-269	for	Indirect Opinion[7]	_	_	_	
2-8	270-275	years	Indirect Opinion[7]	_	_	_	
2-9	276-277	.	_	_	_	_	
2-10	279-287	IMPLICIT	_	_	_	_	
2-11	288-289	I	Indirect Opinion[9]	_	_	_	
2-12	290-295	don't	Indirect Opinion[9]	_	_	_	
2-13	296-300	wear	Indirect Opinion[9]	_	_	_	
2-14	301-304	any	Indirect Opinion[9]	_	_	_	
2-15	305-310	other	Indirect Opinion[9]	_	_	_	
2-16	311-316	brand	Indirect Opinion[9]	_	_	_	
2-17	317-319	of	Indirect Opinion[9]	_	_	_	
2-18	320-328	athletic	Indirect Opinion[9]|Direct Aspect[10]	Misc	Positive	2-11[9_10]	
2-19	329-334	shoes	Indirect Opinion[9]|Direct Aspect[10]	_	_	_	
2-20	335-336	.	_	_	_	_	
2-21	338-346	IMPLICIT	_	_	_	_	
2-22	347-351	They	_	_	_	_	
2-23	352-355	are	_	_	_	_	
2-24	356-367	comfortable	Indirect Opinion[11]	_	_	_	
2-25	368-371	and	Indirect Opinion[11]	_	_	_	
2-26	372-376	easy	Indirect Opinion[11]	_	_	_	
2-27	377-379	to	Indirect Opinion[11]	_	_	_	
2-28	380-384	walk	Indirect Opinion[11]	_	_	_	
2-29	385-387	in	Indirect Opinion[11]	_	_	_	
2-30	388-389	.	_	_	_	_	
2-31	391-399	IMPLICIT	Direct Aspect	Performance#Comfort	Positive	2-24[11_0]	
2-32	400-401	I	_	_	_	_	
2-33	402-406	wear	_	_	_	_	
2-34	407-408	a	_	_	_	_	
2-35	409-410	1	_	_	_	_	
2-36	410-411	/	_	_	_	_	
2-37	411-412	2	_	_	_	_	
2-38	413-414	"	_	_	_	_	
2-39	415-419	heel	_	_	_	_	
2-40	420-424	lift	_	_	_	_	
2-41	425-427	in	_	_	_	_	
2-42	428-430	my	_	_	_	_	
2-43	431-435	shoe	_	_	_	_	
2-44	436-439	for	_	_	_	_	
2-45	440-447	balance	_	_	_	_	
2-46	448-451	and	_	_	_	_	
2-47	452-457	these	_	_	_	_	
2-48	458-463	shoes	Direct Aspect	_	_	_	
2-49	464-468	have	Direct Opinion[12]	Performance#Sizing/Fit	Positive	2-48[0_12]	
2-50	469-472	the	Direct Opinion[12]	_	_	_	
2-51	473-480	perfect	Direct Opinion[12]	_	_	_	
2-52	481-486	depth	Direct Opinion[12]	_	_	_	
2-53	487-491	that	Direct Opinion[12]	_	_	_	
2-54	492-497	keeps	Direct Opinion[12]	_	_	_	
2-55	498-501	the	Direct Opinion[12]	_	_	_	
2-56	502-506	heel	Direct Opinion[12]	_	_	_	
2-57	507-509	of	Direct Opinion[12]	_	_	_	
2-58	510-513	the	Direct Opinion[12]	_	_	_	
2-59	514-518	shoe	Direct Opinion[12]	_	_	_	
2-60	519-523	snug	Direct Opinion[12]	_	_	_	
2-61	524-526	to	Direct Opinion[12]	_	_	_	
2-62	527-529	my	Direct Opinion[12]	_	_	_	
2-63	530-534	feet	Direct Opinion[12]	_	_	_	
2-64	535-536	-	_	_	_	_	
2-65	537-539	no	Indirect Opinion[13]	Performance#Support/Stability	Positive	2-48[0_13]	
2-66	540-548	slipping	Indirect Opinion[13]	_	_	_	
2-67	549-552	off	Indirect Opinion[13]	_	_	_	
2-68	553-554	.	_	_	_	_	
2-69	556-564	IMPLICIT	_	_	_	_	

#Text=They run small .  IMPLICIT I sized up and they were too small .  IMPLICIT Also they fit tight and I have fat feet .  IMPLICIT
3-1	566-570	They	_	_	_	_	
3-2	571-574	run	Indirect Opinion[14]	_	_	_	
3-3	575-580	small	Indirect Opinion[14]	_	_	_	
3-4	581-582	.	_	_	_	_	
3-5	584-592	IMPLICIT	Direct Aspect	Performance#Sizing/Fit	Negative	3-2[14_0]	
3-6	593-594	I	Indirect Opinion[15]	_	_	_	
3-7	595-600	sized	Indirect Opinion[15]	_	_	_	
3-8	601-603	up	Indirect Opinion[15]	_	_	_	
3-9	604-607	and	Indirect Opinion[15]	_	_	_	
3-10	608-612	they	Indirect Opinion[15]	_	_	_	
3-11	613-617	were	Indirect Opinion[15]	_	_	_	
3-12	618-621	too	Indirect Opinion[15]	_	_	_	
3-13	622-627	small	Indirect Opinion[15]	_	_	_	
3-14	628-629	.	_	_	_	_	
3-15	631-639	IMPLICIT	Direct Aspect	Performance#Sizing/Fit	Negative	3-6[15_0]	
3-16	640-644	Also	_	_	_	_	
3-17	645-649	they	_	_	_	_	
3-18	650-653	fit	Indirect Opinion[16]	_	_	_	
3-19	654-659	tight	Indirect Opinion[16]	_	_	_	
3-20	660-663	and	_	_	_	_	
3-21	664-665	I	_	_	_	_	
3-22	666-670	have	_	_	_	_	
3-23	671-674	fat	_	_	_	_	
3-24	675-679	feet	_	_	_	_	
3-25	680-681	.	_	_	_	_	
3-26	683-691	IMPLICIT	Direct Aspect	Performance#Sizing/Fit	Negative	3-18[16_0]	

#Text=You sent me used shoes .  IMPLICIT I just received them 30 min ago and they have blue stains on the inside and the heel is worn .  IMPLICIT Very disappointing .  IMPLICIT Returning .  IMPLICIT
4-1	693-696	You	Indirect Opinion[17]	_	_	_	
4-2	697-701	sent	Indirect Opinion[17]	_	_	_	
4-3	702-704	me	Indirect Opinion[17]	_	_	_	
4-4	705-709	used	Indirect Opinion[17]	_	_	_	
4-5	710-715	shoes	Direct Aspect	Misc	Negative	4-1[17_0]	
4-6	716-717	.	_	_	_	_	
4-7	719-727	IMPLICIT	_	_	_	_	
4-8	728-729	I	_	_	_	_	
4-9	730-734	just	_	_	_	_	
4-10	735-743	received	_	_	_	_	
4-11	744-748	them	_	_	_	_	
4-12	749-751	30	_	_	_	_	
4-13	752-755	min	_	_	_	_	
4-14	756-759	ago	_	_	_	_	
4-15	760-763	and	_	_	_	_	
4-16	764-768	they	Indirect Opinion[18]	_	_	_	
4-17	769-773	have	Indirect Opinion[18]	_	_	_	
4-18	774-778	blue	Indirect Opinion[18]	_	_	_	
4-19	779-785	stains	Indirect Opinion[18]	_	_	_	
4-20	786-788	on	Indirect Opinion[18]	_	_	_	
4-21	789-792	the	Indirect Opinion[18]	_	_	_	
4-22	793-799	inside	Indirect Opinion[18]	_	_	_	
4-23	800-803	and	Indirect Opinion[18]	_	_	_	
4-24	804-807	the	Indirect Opinion[18]	_	_	_	
4-25	808-812	heel	Indirect Opinion[18]	_	_	_	
4-26	813-815	is	Indirect Opinion[18]	_	_	_	
4-27	816-820	worn	Indirect Opinion[18]	_	_	_	
4-28	821-822	.	_	_	_	_	
4-29	824-832	IMPLICIT	Direct Aspect	Appearance#Misc	Negative	4-16[18_0]	
4-30	833-837	Very	Indirect Opinion[19]	_	_	_	
4-31	838-851	disappointing	Indirect Opinion[19]	_	_	_	
4-32	852-853	.	_	_	_	_	
4-33	855-863	IMPLICIT	Direct Aspect	General	Negative	4-30[19_0]	
4-34	864-873	Returning	Indirect Opinion	_	_	_	
4-35	874-875	.	_	_	_	_	
4-36	877-885	IMPLICIT	Direct Aspect	General	Negative	4-34	

#Text=It was very comfortable .  IMPLICIT I wear it to work everyday and it never hurts my feet .  IMPLICIT
5-1	887-889	It	_	_	_	_	
5-2	890-893	was	_	_	_	_	
5-3	894-898	very	Direct Opinion[20]	_	_	_	
5-4	899-910	comfortable	Direct Opinion[20]	_	_	_	
5-5	911-912	.	_	_	_	_	
5-6	914-922	IMPLICIT	Direct Aspect	Performance#Comfort	Positive	5-3[20_0]	
5-7	923-924	I	Indirect Opinion[21]	_	_	_	
5-8	925-929	wear	Indirect Opinion[21]	_	_	_	
5-9	930-932	it	Indirect Opinion[21]	_	_	_	
5-10	933-935	to	Indirect Opinion[21]	_	_	_	
5-11	936-940	work	Indirect Opinion[21]	_	_	_	
5-12	941-949	everyday	Indirect Opinion[21]|Indirect Opinion[22]	_	_	_	
5-13	950-953	and	_	_	_	_	
5-14	954-956	it	Indirect Opinion[23]	_	_	_	
5-15	957-962	never	Indirect Opinion[23]	_	_	_	
5-16	963-968	hurts	Indirect Opinion[23]	_	_	_	
5-17	969-971	my	Indirect Opinion[23]	_	_	_	
5-18	972-976	feet	Indirect Opinion[23]	_	_	_	
5-19	977-978	.	_	_	_	_	
5-20	980-988	IMPLICIT	Direct Aspect	ContextOfUse#Use case|ContextOfUse#Usage frequency|Performance#Comfort	Positive|Positive|Positive	5-7[21_0]|5-12[22_0]|5-14[23_0]	

#Text=These shoes were definitely used and worn .  IMPLICIT gummy substance on the bottom of both shoes with straw or grass stuck to it .  IMPLICIT I DID NOT buy used shoes .  IMPLICIT
6-1	990-995	These	_	_	_	_	
6-2	996-1001	shoes	Direct Aspect	_	_	_	
6-3	1002-1006	were	_	_	_	_	
6-4	1007-1017	definitely	Indirect Opinion[24]	Appearance#General	Negative	6-2[0_24]	
6-5	1018-1022	used	Indirect Opinion[24]	_	_	_	
6-6	1023-1026	and	Indirect Opinion[24]	_	_	_	
6-7	1027-1031	worn	Indirect Opinion[24]	_	_	_	
6-8	1032-1033	.	_	_	_	_	
6-9	1035-1043	IMPLICIT	_	_	_	_	
6-10	1044-1049	gummy	Indirect Opinion[25]	_	_	_	
6-11	1050-1059	substance	Indirect Opinion[25]	_	_	_	
6-12	1060-1062	on	Indirect Opinion[25]	_	_	_	
6-13	1063-1066	the	Indirect Opinion[25]	_	_	_	
6-14	1067-1073	bottom	Indirect Opinion[25]	_	_	_	
6-15	1074-1076	of	Indirect Opinion[25]	_	_	_	
6-16	1077-1081	both	Indirect Opinion[25]	_	_	_	
6-17	1082-1087	shoes	Indirect Opinion[25]	_	_	_	
6-18	1088-1092	with	Indirect Opinion[25]	_	_	_	
6-19	1093-1098	straw	Indirect Opinion[25]	_	_	_	
6-20	1099-1101	or	Indirect Opinion[25]	_	_	_	
6-21	1102-1107	grass	Indirect Opinion[25]	_	_	_	
6-22	1108-1113	stuck	Indirect Opinion[25]	_	_	_	
6-23	1114-1116	to	Indirect Opinion[25]	_	_	_	
6-24	1117-1119	it	Indirect Opinion[25]	_	_	_	
6-25	1120-1121	.	_	_	_	_	
6-26	1123-1131	IMPLICIT	Direct Aspect	Misc	Negative	6-10[25_0]	
6-27	1132-1133	I	Indirect Opinion[26]	_	_	_	
6-28	1134-1137	DID	Indirect Opinion[26]	_	_	_	
6-29	1138-1141	NOT	Indirect Opinion[26]	_	_	_	
6-30	1142-1145	buy	Indirect Opinion[26]	_	_	_	
6-31	1146-1150	used	Indirect Opinion[26]	_	_	_	
6-32	1151-1156	shoes	Indirect Opinion[26]|Direct Aspect[27]	Misc	Negative	6-27[26_27]	
6-33	1157-1158	.	_	_	_	_	
6-34	1160-1168	IMPLICIT	_	_	_	_	

#Text=These are the perfect shoe for my shape of foot .  IMPLICIT They have made a difference with my hip pain .  IMPLICIT
7-1	1170-1175	These	_	_	_	_	
7-2	1176-1179	are	_	_	_	_	
7-3	1180-1183	the	Indirect Opinion[28]	_	_	_	
7-4	1184-1191	perfect	Indirect Opinion[28]	_	_	_	
7-5	1192-1196	shoe	Indirect Opinion[28]|Direct Aspect[29]	Performance#General	Positive	7-3[28_29]	
7-6	1197-1200	for	Indirect Opinion[28]	_	_	_	
7-7	1201-1203	my	Indirect Opinion[28]	_	_	_	
7-8	1204-1209	shape	Indirect Opinion[28]	_	_	_	
7-9	1210-1212	of	Indirect Opinion[28]	_	_	_	
7-10	1213-1217	foot	Indirect Opinion[28]	_	_	_	
7-11	1218-1219	.	_	_	_	_	
7-12	1221-1229	IMPLICIT	_	_	_	_	
7-13	1230-1234	They	Indirect Opinion[30]	_	_	_	
7-14	1235-1239	have	Indirect Opinion[30]	_	_	_	
7-15	1240-1244	made	Indirect Opinion[30]	_	_	_	
7-16	1245-1246	a	Indirect Opinion[30]	_	_	_	
7-17	1247-1257	difference	Indirect Opinion[30]	_	_	_	
7-18	1258-1262	with	Indirect Opinion[30]	_	_	_	
7-19	1263-1265	my	Indirect Opinion[30]	_	_	_	
7-20	1266-1269	hip	Indirect Opinion[30]	_	_	_	
7-21	1270-1274	pain	Indirect Opinion[30]	_	_	_	
7-22	1275-1276	.	_	_	_	_	
7-23	1278-1286	IMPLICIT	Direct Aspect	Performance#Comfort	Positive	7-13[30_0]	

#Text=After 7 days of gentle walking/jogging, 2 to 3 miles per day, the heel cracked .  IMPLICIT On both shoes .  IMPLICIT Took them back to the New Balance store and they said it's a known issue .  IMPLICIT They kindly replaced my shoes .  IMPLICIT Will see how these fare .  IMPLICIT
8-1	1288-1293	After	Indirect Opinion[31]	_	_	_	
8-2	1294-1295	7	Indirect Opinion[31]	_	_	_	
8-3	1296-1300	days	Indirect Opinion[31]	_	_	_	
8-4	1301-1303	of	Indirect Opinion[31]	_	_	_	
8-5	1304-1310	gentle	Indirect Opinion[31]	_	_	_	
8-6	1311-1318	walking	Indirect Opinion[31]	_	_	_	
8-7	1318-1319	/	Indirect Opinion[31]	_	_	_	
8-8	1319-1326	jogging	Indirect Opinion[31]	_	_	_	
8-9	1326-1327	,	Indirect Opinion[31]	_	_	_	
8-10	1328-1329	2	Indirect Opinion[31]	_	_	_	
8-11	1330-1332	to	Indirect Opinion[31]	_	_	_	
8-12	1333-1334	3	Indirect Opinion[31]	_	_	_	
8-13	1335-1340	miles	Indirect Opinion[31]	_	_	_	
8-14	1341-1344	per	Indirect Opinion[31]	_	_	_	
8-15	1345-1348	day	Indirect Opinion[31]	_	_	_	
8-16	1348-1349	,	Indirect Opinion[31]	_	_	_	
8-17	1350-1353	the	Indirect Opinion[31]|Indirect Opinion[32]	_	_	_	
8-18	1354-1358	heel	Indirect Opinion[31]|Indirect Opinion[32]	_	_	_	
8-19	1359-1366	cracked	Indirect Opinion[31]|Indirect Opinion[32]	_	_	_	
8-20	1367-1368	.	_	_	_	_	
8-21	1370-1378	IMPLICIT	Direct Aspect	ContextOfUse#Review\_Temporality|Performance#Durability	Negative|Negative	8-1[31_0]|8-17[32_0]	
8-22	1379-1381	On	Indirect Opinion[33]	_	_	_	
8-23	1382-1386	both	Indirect Opinion[33]	_	_	_	
8-24	1387-1392	shoes	Direct Aspect	Performance#Durability	Negative	8-22[33_0]	
8-25	1393-1394	.	_	_	_	_	
8-26	1396-1404	IMPLICIT	_	_	_	_	
8-27	1405-1409	Took	Indirect Opinion[34]	_	_	_	
8-28	1410-1414	them	Indirect Opinion[34]	_	_	_	
8-29	1415-1419	back	Indirect Opinion[34]	_	_	_	
8-30	1420-1422	to	Indirect Opinion[34]	_	_	_	
8-31	1423-1426	the	Indirect Opinion[34]	_	_	_	
8-32	1427-1430	New	Indirect Opinion[34]	_	_	_	
8-33	1431-1438	Balance	Indirect Opinion[34]	_	_	_	
8-34	1439-1444	store	Indirect Opinion[34]	_	_	_	
8-35	1445-1448	and	Indirect Opinion[34]	_	_	_	
8-36	1449-1453	they	Indirect Opinion[34]	_	_	_	
8-37	1454-1458	said	Indirect Opinion[34]	_	_	_	
8-38	1459-1463	it's	Indirect Opinion[34]	_	_	_	
8-39	1464-1465	a	Indirect Opinion[34]	_	_	_	
8-40	1466-1471	known	Indirect Opinion[34]	_	_	_	
8-41	1472-1477	issue	Indirect Opinion[34]	_	_	_	
8-42	1478-1479	.	_	_	_	_	
8-43	1481-1489	IMPLICIT	Direct Aspect	Misc	Negative	8-27[34_0]	
8-44	1490-1494	They	Indirect Opinion[35]	_	_	_	
8-45	1495-1501	kindly	Indirect Opinion[35]	_	_	_	
8-46	1502-1510	replaced	Indirect Opinion[35]	_	_	_	
8-47	1511-1513	my	Indirect Opinion[35]	_	_	_	
8-48	1514-1519	shoes	Indirect Opinion[35]|Direct Aspect[36]	Misc	Positive	8-44[35_36]	
8-49	1520-1521	.	_	_	_	_	
8-50	1523-1531	IMPLICIT	_	_	_	_	
8-51	1532-1536	Will	Indirect Opinion[37]	_	_	_	
8-52	1537-1540	see	Indirect Opinion[37]	_	_	_	
8-53	1541-1544	how	Indirect Opinion[37]	_	_	_	
8-54	1545-1550	these	Indirect Opinion[37]	_	_	_	
8-55	1551-1555	fare	Indirect Opinion[37]	_	_	_	
8-56	1556-1557	.	_	_	_	_	
8-57	1559-1567	IMPLICIT	Direct Aspect	ContextOfUse#Review\_Temporality	Neutral	8-51[37_0]	

#Text=It's not as white as it looks in the photo it is a gray all over .  IMPLICIT So I'd say the photo is a lie .  IMPLICIT Also the shoe is not as comfortable as other Reeboks .  IMPLICIT I like gray but was not expecting gray from the photo !  IMPLICIT
9-1	1569-1573	It's	Indirect Opinion[38]	_	_	_	
9-2	1574-1577	not	Indirect Opinion[38]	_	_	_	
9-3	1578-1580	as	Indirect Opinion[38]	_	_	_	
9-4	1581-1586	white	Indirect Opinion[38]	_	_	_	
9-5	1587-1589	as	Indirect Opinion[38]	_	_	_	
9-6	1590-1592	it	Indirect Opinion[38]	_	_	_	
9-7	1593-1598	looks	Indirect Opinion[38]	_	_	_	
9-8	1599-1601	in	Indirect Opinion[38]	_	_	_	
9-9	1602-1605	the	Indirect Opinion[38]	_	_	_	
9-10	1606-1611	photo	Indirect Opinion[38]	_	_	_	
9-11	1612-1614	it	Indirect Opinion[38]	_	_	_	
9-12	1615-1617	is	Indirect Opinion[38]	_	_	_	
9-13	1618-1619	a	Indirect Opinion[38]	_	_	_	
9-14	1620-1624	gray	Indirect Opinion[38]	_	_	_	
9-15	1625-1628	all	Indirect Opinion[38]	_	_	_	
9-16	1629-1633	over	Indirect Opinion[38]	_	_	_	
9-17	1634-1635	.	_	_	_	_	
9-18	1637-1645	IMPLICIT	Direct Aspect	Appearance#Color	Negative	9-1[38_0]	
9-19	1646-1648	So	Indirect Opinion[39]	_	_	_	
9-20	1649-1652	I'd	Indirect Opinion[39]	_	_	_	
9-21	1653-1656	say	Indirect Opinion[39]	_	_	_	
9-22	1657-1660	the	Indirect Opinion[39]	_	_	_	
9-23	1661-1666	photo	Indirect Opinion[39]	_	_	_	
9-24	1667-1669	is	Indirect Opinion[39]	_	_	_	
9-25	1670-1671	a	Indirect Opinion[39]	_	_	_	
9-26	1672-1675	lie	Indirect Opinion[39]	_	_	_	
9-27	1676-1677	.	_	_	_	_	
9-28	1679-1687	IMPLICIT	Direct Aspect	Misc	Negative	9-19[39_0]	
9-29	1688-1692	Also	_	_	_	_	
9-30	1693-1696	the	_	_	_	_	
9-31	1697-1701	shoe	Direct Aspect	_	_	_	
9-32	1702-1704	is	_	_	_	_	
9-33	1705-1708	not	Direct Opinion[40]	Performance#Comfort	Negative	9-31[0_40]	
9-34	1709-1711	as	Direct Opinion[40]	_	_	_	
9-35	1712-1723	comfortable	Direct Opinion[40]	_	_	_	
9-36	1724-1726	as	Direct Opinion[40]	_	_	_	
9-37	1727-1732	other	Direct Opinion[40]	_	_	_	
9-38	1733-1740	Reeboks	Direct Opinion[40]	_	_	_	
9-39	1741-1742	.	_	_	_	_	
9-40	1744-1752	IMPLICIT	_	_	_	_	
9-41	1753-1754	I	Indirect Opinion[41]	_	_	_	
9-42	1755-1759	like	Indirect Opinion[41]	_	_	_	
9-43	1760-1764	gray	Indirect Opinion[41]	_	_	_	
9-44	1765-1768	but	Indirect Opinion[41]	_	_	_	
9-45	1769-1772	was	Indirect Opinion[41]	_	_	_	
9-46	1773-1776	not	Indirect Opinion[41]	_	_	_	
9-47	1777-1786	expecting	Indirect Opinion[41]	_	_	_	
9-48	1787-1791	gray	Indirect Opinion[41]	_	_	_	
9-49	1792-1796	from	Indirect Opinion[41]	_	_	_	
9-50	1797-1800	the	Indirect Opinion[41]	_	_	_	
9-51	1801-1806	photo	Indirect Opinion[41]	_	_	_	
9-52	1807-1808	!	_	_	_	_	
9-53	1810-1818	IMPLICIT	Direct Aspect	General	Negative	9-41[41_0]	

#Text=I got wide and the top of my feet hurt because the elastic band on the top is too tight and there is no way to loosen them .  IMPLICIT Just sayin .  .  .  IMPLICIT
10-1	1820-1821	I	_	_	_	_	
10-2	1822-1825	got	_	_	_	_	
10-3	1826-1830	wide	_	_	_	_	
10-4	1831-1834	and	_	_	_	_	
10-5	1835-1838	the	Indirect Opinion[42]	_	_	_	
10-6	1839-1842	top	Indirect Opinion[42]	_	_	_	
10-7	1843-1845	of	Indirect Opinion[42]	_	_	_	
10-8	1846-1848	my	Indirect Opinion[42]	_	_	_	
10-9	1849-1853	feet	Indirect Opinion[42]	_	_	_	
10-10	1854-1858	hurt	Indirect Opinion[42]	_	_	_	
10-11	1859-1866	because	_	_	_	_	
10-12	1867-1870	the	Indirect Opinion[43]	_	_	_	
10-13	1871-1878	elastic	Indirect Opinion[43]	_	_	_	
10-14	1879-1883	band	Indirect Opinion[43]	_	_	_	
10-15	1884-1886	on	Indirect Opinion[43]	_	_	_	
10-16	1887-1890	the	Indirect Opinion[43]	_	_	_	
10-17	1891-1894	top	Indirect Opinion[43]	_	_	_	
10-18	1895-1897	is	Indirect Opinion[43]	_	_	_	
10-19	1898-1901	too	Indirect Opinion[43]	_	_	_	
10-20	1902-1907	tight	Indirect Opinion[43]	_	_	_	
10-21	1908-1911	and	Indirect Opinion[43]	_	_	_	
10-22	1912-1917	there	Indirect Opinion[43]	_	_	_	
10-23	1918-1920	is	Indirect Opinion[43]	_	_	_	
10-24	1921-1923	no	Indirect Opinion[43]	_	_	_	
10-25	1924-1927	way	Indirect Opinion[43]	_	_	_	
10-26	1928-1930	to	Indirect Opinion[43]	_	_	_	
10-27	1931-1937	loosen	Indirect Opinion[43]	_	_	_	
10-28	1938-1942	them	Indirect Opinion[43]	_	_	_	
10-29	1943-1944	.	_	_	_	_	
10-30	1946-1954	IMPLICIT	Direct Aspect	Performance#Sizing/Fit|Performance#Comfort	Negative|Negative	10-12[43_0]|10-5[42_0]	
10-31	1955-1959	Just	Indirect Opinion[44]	_	_	_	
10-32	1960-1965	sayin	Indirect Opinion[44]	_	_	_	
10-33	1966-1967	.	_	_	_	_	
10-34	1969-1970	.	_	_	_	_	
10-35	1972-1973	.	_	_	_	_	
10-36	1975-1983	IMPLICIT	Direct Aspect	Misc	Negative	10-31[44_0]	

#Text=I use this shoe to walk .  IMPLICIT I walk any where from 5 . 5 miles to 11 miles a day .  IMPLICIT I have always used New Balance shoes because I need a wide sole (4e) .  IMPLICIT I wish new balance offered more selections in X wide .  IMPLICIT But back to review; this shoe must have a lower collar; because I developed a blister on the outside of my ankle .  IMPLICIT This has never happened before with any New Balance shoe I ever have used .  IMPLICIT
11-1	1985-1986	I	Indirect Opinion[45]	_	_	_	
11-2	1987-1990	use	Indirect Opinion[45]	_	_	_	
11-3	1991-1995	this	Indirect Opinion[45]	_	_	_	
11-4	1996-2000	shoe	Indirect Opinion[45]|Direct Aspect[46]	ContextOfUse#Use case	Neutral	11-1[45_46]	
11-5	2001-2003	to	Indirect Opinion[45]	_	_	_	
11-6	2004-2008	walk	Indirect Opinion[45]	_	_	_	
11-7	2009-2010	.	_	_	_	_	
11-8	2012-2020	IMPLICIT	_	_	_	_	
11-9	2021-2022	I	Indirect Opinion[47]	_	_	_	
11-10	2023-2027	walk	Indirect Opinion[47]	_	_	_	
11-11	2028-2031	any	Indirect Opinion[47]	_	_	_	
11-12	2032-2037	where	Indirect Opinion[47]	_	_	_	
11-13	2038-2042	from	Indirect Opinion[47]	_	_	_	
11-14	2043-2044	5	Indirect Opinion[47]	_	_	_	
11-15	2045-2046	.	Indirect Opinion[47]	_	_	_	
11-16	2047-2048	5	Indirect Opinion[47]	_	_	_	
11-17	2049-2054	miles	Indirect Opinion[47]	_	_	_	
11-18	2055-2057	to	Indirect Opinion[47]	_	_	_	
11-19	2058-2060	11	Indirect Opinion[47]	_	_	_	
11-20	2061-2066	miles	Indirect Opinion[47]	_	_	_	
11-21	2067-2068	a	Indirect Opinion[47]	_	_	_	
11-22	2069-2072	day	Indirect Opinion[47]	_	_	_	
11-23	2073-2074	.	_	_	_	_	
11-24	2076-2084	IMPLICIT	Direct Aspect	ContextOfUse#Usage frequency	Neutral	11-9[47_0]	
11-25	2085-2086	I	Indirect Opinion[48]	_	_	_	
11-26	2087-2091	have	Indirect Opinion[48]	_	_	_	
11-27	2092-2098	always	Indirect Opinion[48]	_	_	_	
11-28	2099-2103	used	Indirect Opinion[48]	_	_	_	
11-29	2104-2107	New	Indirect Opinion[48]|Direct Aspect[49]	ContextOfUse#Purchase\_Context	Positive	11-25[48_49]	
11-30	2108-2115	Balance	Indirect Opinion[48]|Direct Aspect[49]	_	_	_	
11-31	2116-2121	shoes	Indirect Opinion[48]|Direct Aspect[49]	_	_	_	
11-32	2122-2129	because	Indirect Opinion[48]	_	_	_	
11-33	2130-2131	I	Indirect Opinion[48]	_	_	_	
11-34	2132-2136	need	Indirect Opinion[48]	_	_	_	
11-35	2137-2138	a	Indirect Opinion[48]	_	_	_	
11-36	2139-2143	wide	Indirect Opinion[48]	_	_	_	
11-37	2144-2148	sole	Indirect Opinion[48]	_	_	_	
11-38	2149-2150	(	_	_	_	_	
11-39	2150-2152	4e	_	_	_	_	
11-40	2152-2153	)	_	_	_	_	
11-41	2154-2155	.	_	_	_	_	
11-42	2157-2165	IMPLICIT	_	_	_	_	
11-43	2166-2167	I	Indirect Opinion[50]	Style Choices	Negative	11-45[51_50]	
11-44	2168-2172	wish	Indirect Opinion[50]	_	_	_	
11-45	2173-2176	new	Indirect Opinion[50]|Direct Aspect[51]	_	_	_	
11-46	2177-2184	balance	Indirect Opinion[50]|Direct Aspect[51]	_	_	_	
11-47	2185-2192	offered	Indirect Opinion[50]	_	_	_	
11-48	2193-2197	more	Indirect Opinion[50]	_	_	_	
11-49	2198-2208	selections	Indirect Opinion[50]	_	_	_	
11-50	2209-2211	in	Indirect Opinion[50]	_	_	_	
11-51	2212-2213	X	Indirect Opinion[50]	_	_	_	
11-52	2214-2218	wide	Indirect Opinion[50]	_	_	_	
11-53	2219-2220	.	_	_	_	_	
11-54	2222-2230	IMPLICIT	_	_	_	_	
11-55	2231-2234	But	_	_	_	_	
11-56	2235-2239	back	_	_	_	_	
11-57	2240-2242	to	_	_	_	_	
11-58	2243-2249	review	_	_	_	_	
11-59	2249-2250	;	_	_	_	_	
11-60	2251-2255	this	_	_	_	_	
11-61	2256-2260	shoe	Direct Aspect	_	_	_	
11-62	2261-2265	must	_	_	_	_	
11-63	2266-2270	have	_	_	_	_	
11-64	2271-2272	a	_	_	_	_	
11-65	2273-2278	lower	_	_	_	_	
11-66	2279-2285	collar	_	_	_	_	
11-67	2285-2286	;	_	_	_	_	
11-68	2287-2294	because	_	_	_	_	
11-69	2295-2296	I	Indirect Opinion[52]	Performance#Comfort	Negative	11-61[0_52]	
11-70	2297-2306	developed	Indirect Opinion[52]	_	_	_	
11-71	2307-2308	a	Indirect Opinion[52]	_	_	_	
11-72	2309-2316	blister	Indirect Opinion[52]	_	_	_	
11-73	2317-2319	on	Indirect Opinion[52]	_	_	_	
11-74	2320-2323	the	Indirect Opinion[52]	_	_	_	
11-75	2324-2331	outside	Indirect Opinion[52]	_	_	_	
11-76	2332-2334	of	Indirect Opinion[52]	_	_	_	
11-77	2335-2337	my	Indirect Opinion[52]	_	_	_	
11-78	2338-2343	ankle	Indirect Opinion[52]	_	_	_	
11-79	2344-2345	.	_	_	_	_	
11-80	2347-2355	IMPLICIT	_	_	_	_	
11-81	2356-2360	This	_	_	_	_	
11-82	2361-2364	has	_	_	_	_	
11-83	2365-2370	never	Indirect Opinion[53]	_	_	_	
11-84	2371-2379	happened	Indirect Opinion[53]	_	_	_	
11-85	2380-2386	before	Indirect Opinion[53]	_	_	_	
11-86	2387-2391	with	Indirect Opinion[53]	_	_	_	
11-87	2392-2395	any	Indirect Opinion[53]	_	_	_	
11-88	2396-2399	New	Indirect Opinion[53]|Direct Aspect[54]	Misc	Negative	11-83[53_54]	
11-89	2400-2407	Balance	Indirect Opinion[53]|Direct Aspect[54]	_	_	_	
11-90	2408-2412	shoe	Indirect Opinion[53]|Direct Aspect[54]	_	_	_	
11-91	2413-2414	I	Indirect Opinion[53]	_	_	_	
11-92	2415-2419	ever	Indirect Opinion[53]	_	_	_	
11-93	2420-2424	have	Indirect Opinion[53]	_	_	_	
11-94	2425-2429	used	Indirect Opinion[53]	_	_	_	
11-95	2430-2431	.	_	_	_	_	
11-96	2433-2441	IMPLICIT	_	_	_	_	

#Text=super cute and comfy .  IMPLICIT it's worried about getting them wet or dirty tho .  .  IMPLICIT
12-1	2443-2448	super	Direct Opinion[55]	Appearance#General	Positive	12-6[0_55]	
12-2	2449-2453	cute	Direct Opinion[55]	_	_	_	
12-3	2454-2457	and	_	_	_	_	
12-4	2458-2463	comfy	Direct Opinion	Performance#Comfort	Positive	12-6	
12-5	2464-2465	.	_	_	_	_	
12-6	2467-2475	IMPLICIT	Direct Aspect	_	_	_	
12-7	2476-2480	it's	_	_	_	_	
12-8	2481-2488	worried	Indirect Opinion[56]	_	_	_	
12-9	2489-2494	about	Indirect Opinion[56]	_	_	_	
12-10	2495-2502	getting	Indirect Opinion[56]	_	_	_	
12-11	2503-2507	them	Indirect Opinion[56]	_	_	_	
12-12	2508-2511	wet	Indirect Opinion[56]	_	_	_	
12-13	2512-2514	or	Indirect Opinion[56]	_	_	_	
12-14	2515-2520	dirty	Indirect Opinion[56]	_	_	_	
12-15	2521-2524	tho	Indirect Opinion[56]	_	_	_	
12-16	2525-2526	.	_	_	_	_	
12-17	2528-2529	.	_	_	_	_	
12-18	2531-2539	IMPLICIT	Direct Aspect	General	Neutral	12-8[56_0]	

#Text=Still didn't fit correctly .  IMPLICIT Will have to wait for stores to reopen .  IMPLICIT
13-1	2541-2546	Still	Indirect Opinion[57]	_	_	_	
13-2	2547-2553	didn't	Indirect Opinion[57]	_	_	_	
13-3	2554-2557	fit	Indirect Opinion[57]	_	_	_	
13-4	2558-2567	correctly	Indirect Opinion[57]	_	_	_	
13-5	2568-2569	.	_	_	_	_	
13-6	2571-2579	IMPLICIT	Direct Aspect	Performance#Sizing/Fit	Negative	13-1[57_0]	
13-7	2580-2584	Will	Indirect Opinion[58]	_	_	_	
13-8	2585-2589	have	Indirect Opinion[58]	_	_	_	
13-9	2590-2592	to	Indirect Opinion[58]	_	_	_	
13-10	2593-2597	wait	Indirect Opinion[58]	_	_	_	
13-11	2598-2601	for	Indirect Opinion[58]	_	_	_	
13-12	2602-2608	stores	Indirect Opinion[58]|Direct Aspect[59]	Misc	Negative	13-7[58_59]	
13-13	2609-2611	to	Indirect Opinion[58]	_	_	_	
13-14	2612-2618	reopen	Indirect Opinion[58]	_	_	_	
13-15	2619-2620	.	_	_	_	_	
13-16	2622-2630	IMPLICIT	_	_	_	_	

#Text=Need a white leather sneaker for just hanging around and this is my go to .  IMPLICIT Toe box is a little narrow for a women's 2E  .  IMPLICIT
14-1	2632-2636	Need	Indirect Opinion[60]	_	_	_	
14-2	2637-2638	a	Indirect Opinion[60]	_	_	_	
14-3	2639-2644	white	Indirect Opinion[60]|Direct Aspect[61]	ContextOfUse#Purchase\_Context	Positive	14-1[60_61]	
14-4	2645-2652	leather	Indirect Opinion[60]|Direct Aspect[61]	_	_	_	
14-5	2653-2660	sneaker	Indirect Opinion[60]|Direct Aspect[61]	_	_	_	
14-6	2661-2664	for	Indirect Opinion[60]	_	_	_	
14-7	2665-2669	just	Indirect Opinion[60]	_	_	_	
14-8	2670-2677	hanging	Indirect Opinion[60]	_	_	_	
14-9	2678-2684	around	Indirect Opinion[60]	_	_	_	
14-10	2685-2688	and	_	_	_	_	
14-11	2689-2693	this	Indirect Opinion[62]	ContextOfUse#Use case	Positive	14-3[61_62]	
14-12	2694-2696	is	Indirect Opinion[62]	_	_	_	
14-13	2697-2699	my	Indirect Opinion[62]	_	_	_	
14-14	2700-2702	go	Indirect Opinion[62]	_	_	_	
14-15	2703-2705	to	Indirect Opinion[62]	_	_	_	
14-16	2706-2707	.	_	_	_	_	
14-17	2709-2717	IMPLICIT	_	_	_	_	
14-18	2718-2721	Toe	Direct Aspect[63]	_	_	_	
14-19	2722-2725	box	Direct Aspect[63]	_	_	_	
14-20	2726-2728	is	_	_	_	_	
14-21	2729-2730	a	Direct Opinion[64]	Appearance#Shoe Component	Negative	14-18[63_64]	
14-22	2731-2737	little	Direct Opinion[64]	_	_	_	
14-23	2738-2744	narrow	Direct Opinion[64]	_	_	_	
14-24	2745-2748	for	Direct Opinion[64]	_	_	_	
14-25	2749-2750	a	Direct Opinion[64]	_	_	_	
14-26	2751-2758	women's	Direct Opinion[64]	_	_	_	
14-27	2759-2761	2E	Direct Opinion[64]	_	_	_	
14-28	2763-2764	.	_	_	_	_	
14-29	2766-2774	IMPLICIT	_	_	_	_	

#Text=Nice Looking Shoe but the fit was not what I was use to .  .  .  .  Should have known better as the shoes were on "Sale" .  IMPLICIT Not happy that I had to pay to ship them back .  IMPLICIT
15-1	2776-2780	Nice	Indirect Opinion[65]	_	_	_	
15-2	2781-2788	Looking	Indirect Opinion[65]	_	_	_	
15-3	2789-2793	Shoe	Direct Aspect	Appearance#General	Positive	15-1[65_0]	
15-4	2794-2797	but	_	_	_	_	
15-5	2798-2801	the	Indirect Opinion[66]	Performance#Sizing/Fit	Negative	15-3[0_66]	
15-6	2802-2805	fit	Indirect Opinion[66]	_	_	_	
15-7	2806-2809	was	Indirect Opinion[66]	_	_	_	
15-8	2810-2813	not	Indirect Opinion[66]	_	_	_	
15-9	2814-2818	what	Indirect Opinion[66]	_	_	_	
15-10	2819-2820	I	Indirect Opinion[66]	_	_	_	
15-11	2821-2824	was	Indirect Opinion[66]	_	_	_	
15-12	2825-2828	use	Indirect Opinion[66]	_	_	_	
15-13	2829-2831	to	Indirect Opinion[66]	_	_	_	
15-14	2832-2833	.	_	_	_	_	
15-15	2835-2836	.	_	_	_	_	
15-16	2838-2839	.	_	_	_	_	
15-17	2841-2842	.	_	_	_	_	
15-18	2844-2850	Should	Indirect Opinion[67]	_	_	_	
15-19	2851-2855	have	Indirect Opinion[67]	_	_	_	
15-20	2856-2861	known	Indirect Opinion[67]	_	_	_	
15-21	2862-2868	better	Indirect Opinion[67]	_	_	_	
15-22	2869-2871	as	Indirect Opinion[67]	_	_	_	
15-23	2872-2875	the	Indirect Opinion[67]	_	_	_	
15-24	2876-2881	shoes	Indirect Opinion[67]|Direct Aspect[68]	Misc	Negative	15-18[67_68]	
15-25	2882-2886	were	Indirect Opinion[67]	_	_	_	
15-26	2887-2889	on	Indirect Opinion[67]	_	_	_	
15-27	2890-2891	"	Indirect Opinion[67]	_	_	_	
15-28	2891-2895	Sale	Indirect Opinion[67]	_	_	_	
15-29	2895-2896	"	Indirect Opinion[67]	_	_	_	
15-30	2897-2898	.	_	_	_	_	
15-31	2900-2908	IMPLICIT	_	_	_	_	
15-32	2909-2912	Not	Indirect Opinion[69]	_	_	_	
15-33	2913-2918	happy	Indirect Opinion[69]	_	_	_	
15-34	2919-2923	that	Indirect Opinion[69]	_	_	_	
15-35	2924-2925	I	Indirect Opinion[69]	_	_	_	
15-36	2926-2929	had	Indirect Opinion[69]	_	_	_	
15-37	2930-2932	to	Indirect Opinion[69]	_	_	_	
15-38	2933-2936	pay	Indirect Opinion[69]	_	_	_	
15-39	2937-2939	to	Indirect Opinion[69]	_	_	_	
15-40	2940-2944	ship	Indirect Opinion[69]	_	_	_	
15-41	2945-2949	them	Indirect Opinion[69]	_	_	_	
15-42	2950-2954	back	Indirect Opinion[69]	_	_	_	
15-43	2955-2956	.	_	_	_	_	
15-44	2958-2966	IMPLICIT	Direct Aspect	Misc	Negative	15-32[69_0]	

#Text=I'm a HUGE fan of the Superstars (have just about every color) BUT although these sneakers are sick, had I seen that they have the sizing sizes on the Outside, I'd have definitely passed on these .  IMPLICIT
16-1	2968-2971	I'm	Indirect Opinion[70]	_	_	_	
16-2	2972-2973	a	Indirect Opinion[70]	_	_	_	
16-3	2974-2978	HUGE	Indirect Opinion[70]	_	_	_	
16-4	2979-2982	fan	Indirect Opinion[70]	_	_	_	
16-5	2983-2985	of	_	_	_	_	
16-6	2986-2989	the	_	_	_	_	
16-7	2990-3000	Superstars	Direct Aspect	General	Positive	16-1[70_0]	
16-8	3001-3002	(	_	_	_	_	
16-9	3002-3006	have	_	_	_	_	
16-10	3007-3011	just	_	_	_	_	
16-11	3012-3017	about	_	_	_	_	
16-12	3018-3023	every	_	_	_	_	
16-13	3024-3029	color	_	_	_	_	
16-14	3029-3030	)	_	_	_	_	
16-15	3031-3034	BUT	_	_	_	_	
16-16	3035-3043	although	_	_	_	_	
16-17	3044-3049	these	_	_	_	_	
16-18	3050-3058	sneakers	Direct Aspect	_	_	_	
16-19	3059-3062	are	Direct Opinion[71]	General	Positive	16-18[0_71]	
16-20	3063-3067	sick	Direct Opinion[71]	_	_	_	
16-21	3067-3068	,	_	_	_	_	
16-22	3069-3072	had	_	_	_	_	
16-23	3073-3074	I	_	_	_	_	
16-24	3075-3079	seen	_	_	_	_	
16-25	3080-3084	that	_	_	_	_	
16-26	3085-3089	they	_	_	_	_	
16-27	3090-3094	have	Indirect Opinion[72]	Appearance#General	Negative	16-18[0_72]	
16-28	3095-3098	the	Indirect Opinion[72]	_	_	_	
16-29	3099-3105	sizing	Indirect Opinion[72]	_	_	_	
16-30	3106-3111	sizes	Indirect Opinion[72]	_	_	_	
16-31	3112-3114	on	Indirect Opinion[72]	_	_	_	
16-32	3115-3118	the	Indirect Opinion[72]	_	_	_	
16-33	3119-3126	Outside	Indirect Opinion[72]	_	_	_	
16-34	3126-3127	,	_	_	_	_	
16-35	3128-3131	I'd	_	_	_	_	
16-36	3132-3136	have	_	_	_	_	
16-37	3137-3147	definitely	_	_	_	_	
16-38	3148-3154	passed	_	_	_	_	
16-39	3155-3157	on	_	_	_	_	
16-40	3158-3163	these	_	_	_	_	
16-41	3164-3165	.	_	_	_	_	
16-42	3167-3175	IMPLICIT	_	_	_	_	

#Text=I needed a nice looking sneaker for work but needed good support .  IMPLICIT My daughter a PTA recommended NB .  IMPLICIT I'm hooked .  IMPLICIT Stylish, lightweight, great support and they came in wide width .  IMPLICIT
17-1	3177-3178	I	Indirect Opinion[73]	_	_	_	
17-2	3179-3185	needed	Indirect Opinion[73]	_	_	_	
17-3	3186-3187	a	Indirect Opinion[73]	_	_	_	
17-4	3188-3192	nice	Indirect Opinion[73]	_	_	_	
17-5	3193-3200	looking	Indirect Opinion[73]	_	_	_	
17-6	3201-3208	sneaker	Indirect Opinion[73]|Direct Aspect[74]	Misc	Neutral	17-1[73_74]	
17-7	3209-3212	for	Indirect Opinion[73]	_	_	_	
17-8	3213-3217	work	Indirect Opinion[73]	_	_	_	
17-9	3218-3221	but	Indirect Opinion[73]	_	_	_	
17-10	3222-3228	needed	Indirect Opinion[73]	_	_	_	
17-11	3229-3233	good	Indirect Opinion[73]	_	_	_	
17-12	3234-3241	support	Indirect Opinion[73]	_	_	_	
17-13	3242-3243	.	_	_	_	_	
17-14	3245-3253	IMPLICIT	_	_	_	_	
17-15	3254-3256	My	Indirect Opinion[75]	_	_	_	
17-16	3257-3265	daughter	Indirect Opinion[75]	_	_	_	
17-17	3266-3267	a	Indirect Opinion[75]	_	_	_	
17-18	3268-3271	PTA	Indirect Opinion[75]	_	_	_	
17-19	3272-3283	recommended	Indirect Opinion[75]	_	_	_	
17-20	3284-3286	NB	Indirect Opinion[75]|Direct Aspect[76]	ContextOfUse#Purchase\_Context	Positive	17-15[75_76]	
17-21	3287-3288	.	_	_	_	_	
17-22	3290-3298	IMPLICIT	_	_	_	_	
17-23	3299-3302	I'm	Indirect Opinion[77]	_	_	_	
17-24	3303-3309	hooked	Indirect Opinion[77]	_	_	_	
17-25	3310-3311	.	_	_	_	_	
17-26	3313-3321	IMPLICIT	Direct Aspect	General	Positive	17-23[77_0]	
17-27	3322-3329	Stylish	Direct Opinion	_	_	_	
17-28	3329-3330	,	_	_	_	_	
17-29	3331-3342	lightweight	Direct Opinion	_	_	_	
17-30	3342-3343	,	_	_	_	_	
17-31	3344-3349	great	Indirect Opinion[78]	_	_	_	
17-32	3350-3357	support	Indirect Opinion[78]	_	_	_	
17-33	3358-3361	and	_	_	_	_	
17-34	3362-3366	they	_	_	_	_	
17-35	3367-3371	came	Indirect Opinion[79]	_	_	_	
17-36	3372-3374	in	Indirect Opinion[79]	_	_	_	
17-37	3375-3379	wide	Indirect Opinion[79]	_	_	_	
17-38	3380-3385	width	Indirect Opinion[79]	_	_	_	
17-39	3386-3387	.	_	_	_	_	
17-40	3389-3397	IMPLICIT	Direct Aspect	Appearance#General|Appearance#Material|Performance#Support/Stability|Performance#Sizing/Fit	Positive|Positive|Positive|Positive	17-27|17-29|17-31[78_0]|17-35[79_0]	

#Text=Had to send back immediately without even wearing them .  IMPLICIT The right shoe tongue was not even sewn into the shoe .  IMPLICIT Very disappointed,  I have been a New Balance customer for years .  IMPLICIT Waiting on my refund .  IMPLICIT
18-1	3399-3402	Had	Indirect Opinion[80]	_	_	_	
18-2	3403-3405	to	Indirect Opinion[80]	_	_	_	
18-3	3406-3410	send	Indirect Opinion[80]	_	_	_	
18-4	3411-3415	back	Indirect Opinion[80]	_	_	_	
18-5	3416-3427	immediately	Indirect Opinion[80]	_	_	_	
18-6	3428-3435	without	Indirect Opinion[80]	_	_	_	
18-7	3436-3440	even	Indirect Opinion[80]	_	_	_	
18-8	3441-3448	wearing	Indirect Opinion[80]	_	_	_	
18-9	3449-3453	them	Indirect Opinion[80]	_	_	_	
18-10	3454-3455	.	_	_	_	_	
18-11	3457-3465	IMPLICIT	Direct Aspect	General	Negative	18-1[80_0]	
18-12	3466-3469	The	Indirect Opinion[81]	_	_	_	
18-13	3470-3475	right	Indirect Opinion[81]	_	_	_	
18-14	3476-3480	shoe	Indirect Opinion[81]	_	_	_	
18-15	3481-3487	tongue	Indirect Opinion[81]	_	_	_	
18-16	3488-3491	was	Indirect Opinion[81]	_	_	_	
18-17	3492-3495	not	Indirect Opinion[81]	_	_	_	
18-18	3496-3500	even	Indirect Opinion[81]	_	_	_	
18-19	3501-3505	sewn	Indirect Opinion[81]	_	_	_	
18-20	3506-3510	into	Indirect Opinion[81]	_	_	_	
18-21	3511-3514	the	Indirect Opinion[81]	_	_	_	
18-22	3515-3519	shoe	Indirect Opinion[81]|Direct Aspect[82]	Appearance#Form	Negative	18-12[81_82]	
18-23	3520-3521	.	_	_	_	_	
18-24	3523-3531	IMPLICIT	_	_	_	_	
18-25	3532-3536	Very	Indirect Opinion[83]	_	_	_	
18-26	3537-3549	disappointed	Indirect Opinion[83]	_	_	_	
18-27	3549-3550	,	_	_	_	_	
18-28	3552-3553	I	_	_	_	_	
18-29	3554-3558	have	_	_	_	_	
18-30	3559-3563	been	_	_	_	_	
18-31	3564-3565	a	_	_	_	_	
18-32	3566-3569	New	_	_	_	_	
18-33	3570-3577	Balance	_	_	_	_	
18-34	3578-3586	customer	_	_	_	_	
18-35	3587-3590	for	_	_	_	_	
18-36	3591-3596	years	_	_	_	_	
18-37	3597-3598	.	_	_	_	_	
18-38	3600-3608	IMPLICIT	Direct Aspect	General	Negative	18-25[83_0]	
18-39	3609-3616	Waiting	Indirect Opinion[84]	_	_	_	
18-40	3617-3619	on	Indirect Opinion[84]	_	_	_	
18-41	3620-3622	my	Indirect Opinion[84]	_	_	_	
18-42	3623-3629	refund	Indirect Opinion[84]	_	_	_	
18-43	3630-3631	.	_	_	_	_	
18-44	3633-3641	IMPLICIT	Direct Aspect	Cost/Value	Negative	18-39[84_0]	

#Text=Great looking shoe, nice and clean but the comfort is not so great .  IMPLICIT The sole seems pretty thin and the in-soles are definitely pretty thin .  IMPLICIT
19-1	3643-3648	Great	Indirect Opinion[85]	_	_	_	
19-2	3649-3656	looking	Indirect Opinion[85]	_	_	_	
19-3	3657-3661	shoe	Indirect Opinion[85]|Direct Aspect[86]	Appearance#General	Positive	19-1[85_86]	
19-4	3661-3662	,	Indirect Opinion[85]	_	_	_	
19-5	3663-3667	nice	Indirect Opinion[85]	_	_	_	
19-6	3668-3671	and	Indirect Opinion[85]	_	_	_	
19-7	3672-3677	clean	Indirect Opinion[85]	_	_	_	
19-8	3678-3681	but	_	_	_	_	
19-9	3682-3685	the	Indirect Opinion[87]	Performance#Comfort	Negative	19-3[86_87]	
19-10	3686-3693	comfort	Indirect Opinion[87]	_	_	_	
19-11	3694-3696	is	Indirect Opinion[87]	_	_	_	
19-12	3697-3700	not	Indirect Opinion[87]	_	_	_	
19-13	3701-3703	so	Indirect Opinion[87]	_	_	_	
19-14	3704-3709	great	Indirect Opinion[87]	_	_	_	
19-15	3710-3711	.	_	_	_	_	
19-16	3713-3721	IMPLICIT	_	_	_	_	
19-17	3722-3725	The	_	_	_	_	
19-18	3726-3730	sole	Direct Aspect	_	_	_	
19-19	3731-3736	seems	_	_	_	_	
19-20	3737-3743	pretty	Indirect Opinion[88]	Appearance#Shoe Component	Negative	19-18[0_88]	
19-21	3744-3748	thin	Indirect Opinion[88]	_	_	_	
19-22	3749-3752	and	_	_	_	_	
19-23	3753-3756	the	_	_	_	_	
19-24	3757-3765	in-soles	Direct Aspect	_	_	_	
19-25	3766-3769	are	_	_	_	_	
19-26	3770-3780	definitely	Indirect Opinion[89]	Appearance#Shoe Component	Negative	19-24[0_89]	
19-27	3781-3787	pretty	Indirect Opinion[89]	_	_	_	
19-28	3788-3792	thin	Indirect Opinion[89]	_	_	_	
19-29	3793-3794	.	_	_	_	_	
19-30	3796-3804	IMPLICIT	_	_	_	_	

#Text=Eyelets on the right side were frayed right out the box, and the material itself—though really nice feeling—was thin and definitely not long lasting .  IMPLICIT Returned them immediately .  IMPLICIT
20-1	3806-3813	Eyelets	Direct Aspect	_	_	_	
20-2	3814-3816	on	_	_	_	_	
20-3	3817-3820	the	_	_	_	_	
20-4	3821-3826	right	_	_	_	_	
20-5	3827-3831	side	_	_	_	_	
20-6	3832-3836	were	_	_	_	_	
20-7	3837-3843	frayed	Indirect Opinion[90]	Performance#Durability	Negative	20-1[0_90]	
20-8	3844-3849	right	Indirect Opinion[90]	_	_	_	
20-9	3850-3853	out	Indirect Opinion[90]	_	_	_	
20-10	3854-3857	the	Indirect Opinion[90]	_	_	_	
20-11	3858-3861	box	Indirect Opinion[90]	_	_	_	
20-12	3861-3862	,	_	_	_	_	
20-13	3863-3866	and	_	_	_	_	
20-14	3867-3870	the	_	_	_	_	
20-15	3871-3879	material	Direct Aspect	_	_	_	
20-16	3880-3893	itself—though	_	_	_	_	
20-17	3894-3900	really	_	_	_	_	
20-18	3901-3905	nice	_	_	_	_	
20-19	3906-3917	feeling—was	_	_	_	_	
20-20	3918-3922	thin	_	_	_	_	
20-21	3923-3926	and	_	_	_	_	
20-22	3927-3937	definitely	Indirect Opinion[91]	Performance#Durability	Negative	20-15[0_91]	
20-23	3938-3941	not	Indirect Opinion[91]	_	_	_	
20-24	3942-3946	long	Indirect Opinion[91]	_	_	_	
20-25	3947-3954	lasting	Indirect Opinion[91]	_	_	_	
20-26	3955-3956	.	_	_	_	_	
20-27	3958-3966	IMPLICIT	_	_	_	_	
20-28	3967-3975	Returned	Indirect Opinion[92]	_	_	_	
20-29	3976-3980	them	Indirect Opinion[92]	_	_	_	
20-30	3981-3992	immediately	Indirect Opinion[92]	_	_	_	
20-31	3993-3994	.	_	_	_	_	
20-32	3996-4004	IMPLICIT	Direct Aspect	Misc	Negative	20-28[92_0]	

#Text=Too tight and uncomfortable .  IMPLICIT Tried cushions, still not so good .  IMPLICIT
21-1	4006-4009	Too	Indirect Opinion[93]	_	_	_	
21-2	4010-4015	tight	Indirect Opinion[93]	_	_	_	
21-3	4016-4019	and	_	_	_	_	
21-4	4020-4033	uncomfortable	Direct Opinion	_	_	_	
21-5	4034-4035	.	_	_	_	_	
21-6	4037-4045	IMPLICIT	Direct Aspect	Performance#Comfort|Performance#Sizing/Fit	Negative|Negative	21-4|21-1[93_0]	
21-7	4046-4051	Tried	Indirect Opinion[94]	_	_	_	
21-8	4052-4060	cushions	Indirect Opinion[94]	_	_	_	
21-9	4060-4061	,	Indirect Opinion[94]	_	_	_	
21-10	4062-4067	still	Indirect Opinion[94]	_	_	_	
21-11	4068-4071	not	Indirect Opinion[94]	_	_	_	
21-12	4072-4074	so	Indirect Opinion[94]	_	_	_	
21-13	4075-4079	good	Indirect Opinion[94]	_	_	_	
21-14	4080-4081	.	_	_	_	_	
21-15	4083-4091	IMPLICIT	Direct Aspect	Misc	Negative	21-7[94_0]	

#Text=The shoes fit true to size .  IMPLICIT They are very comfortable IMPLICIT
22-1	4093-4096	The	_	_	_	_	
22-2	4097-4102	shoes	Direct Aspect	_	_	_	
22-3	4103-4106	fit	Indirect Opinion[95]	Performance#Sizing/Fit	Positive	22-2[0_95]	
22-4	4107-4111	true	Indirect Opinion[95]	_	_	_	
22-5	4112-4114	to	Indirect Opinion[95]	_	_	_	
22-6	4115-4119	size	Indirect Opinion[95]	_	_	_	
22-7	4120-4121	.	_	_	_	_	
22-8	4123-4131	IMPLICIT	_	_	_	_	
22-9	4132-4136	They	_	_	_	_	
22-10	4137-4140	are	_	_	_	_	
22-11	4141-4145	very	Direct Opinion[96]	Performance#Comfort	Positive	22-13[0_96]	
22-12	4146-4157	comfortable	Direct Opinion[96]	_	_	_	
22-13	4158-4166	IMPLICIT	Direct Aspect	_	_	_	

#Text=Delivered with damaged Box and shoes have glue marks and Stitching issues .  IMPLICIT The don't know why finish line continues to send defective shoes to there customers .  IMPLICIT Almost seemed like they were worn a few times as well .  IMPLICIT
23-1	4168-4177	Delivered	Indirect Opinion[97]	_	_	_	
23-2	4178-4182	with	Indirect Opinion[97]	_	_	_	
23-3	4183-4190	damaged	Indirect Opinion[97]	_	_	_	
23-4	4191-4194	Box	Indirect Opinion[97]	_	_	_	
23-5	4195-4198	and	_	_	_	_	
23-6	4199-4204	shoes	Direct Aspect	Misc	Negative	23-1[97_0]	
23-7	4205-4209	have	Indirect Opinion[98]	Appearance#General	Negative	23-6[0_98]	
23-8	4210-4214	glue	Indirect Opinion[98]	_	_	_	
23-9	4215-4220	marks	Indirect Opinion[98]	_	_	_	
23-10	4221-4224	and	Indirect Opinion[98]	_	_	_	
23-11	4225-4234	Stitching	Indirect Opinion[98]	_	_	_	
23-12	4235-4241	issues	Indirect Opinion[98]	_	_	_	
23-13	4242-4243	.	_	_	_	_	
23-14	4245-4253	IMPLICIT	_	_	_	_	
23-15	4254-4257	The	_	_	_	_	
23-16	4258-4263	don't	_	_	_	_	
23-17	4264-4268	know	_	_	_	_	
23-18	4269-4272	why	_	_	_	_	
23-19	4273-4279	finish	Direct Aspect[99]	_	_	_	
23-20	4280-4284	line	Direct Aspect[99]	_	_	_	
23-21	4285-4294	continues	Indirect Opinion[100]	Misc	Negative	23-19[99_100]	
23-22	4295-4297	to	Indirect Opinion[100]	_	_	_	
23-23	4298-4302	send	Indirect Opinion[100]	_	_	_	
23-24	4303-4312	defective	Indirect Opinion[100]	_	_	_	
23-25	4313-4318	shoes	Indirect Opinion[100]	_	_	_	
23-26	4319-4321	to	Indirect Opinion[100]	_	_	_	
23-27	4322-4327	there	Indirect Opinion[100]	_	_	_	
23-28	4328-4337	customers	Indirect Opinion[100]	_	_	_	
23-29	4338-4339	.	_	_	_	_	
23-30	4341-4349	IMPLICIT	_	_	_	_	
23-31	4350-4356	Almost	_	_	_	_	
23-32	4357-4363	seemed	Indirect Opinion[101]	_	_	_	
23-33	4364-4368	like	Indirect Opinion[101]	_	_	_	
23-34	4369-4373	they	Indirect Opinion[101]	_	_	_	
23-35	4374-4378	were	Indirect Opinion[101]	_	_	_	
23-36	4379-4383	worn	Indirect Opinion[101]	_	_	_	
23-37	4384-4385	a	Indirect Opinion[101]	_	_	_	
23-38	4386-4389	few	Indirect Opinion[101]	_	_	_	
23-39	4390-4395	times	Indirect Opinion[101]	_	_	_	
23-40	4396-4398	as	Indirect Opinion[101]	_	_	_	
23-41	4399-4403	well	Indirect Opinion[101]	_	_	_	
23-42	4404-4405	.	_	_	_	_	
23-43	4407-4415	IMPLICIT	Direct Aspect	General	Negative	23-32[101_0]	

#Text=I, like most people that purchased these when they were first released, was disappointed by the missing embroidery on the heel .  IMPLICIT Despite that, they're an absolutely beautiful version of the Samba .  IMPLICIT If you're a fan, they should be in your collection .  IMPLICIT
24-1	4417-4418	I	_	_	_	_	
24-2	4418-4419	,	_	_	_	_	
24-3	4420-4424	like	_	_	_	_	
24-4	4425-4429	most	_	_	_	_	
24-5	4430-4436	people	_	_	_	_	
24-6	4437-4441	that	_	_	_	_	
24-7	4442-4451	purchased	_	_	_	_	
24-8	4452-4457	these	_	_	_	_	
24-9	4458-4462	when	_	_	_	_	
24-10	4463-4467	they	_	_	_	_	
24-11	4468-4472	were	_	_	_	_	
24-12	4473-4478	first	_	_	_	_	
24-13	4479-4487	released	_	_	_	_	
24-14	4487-4488	,	_	_	_	_	
24-15	4489-4492	was	Indirect Opinion[102]	_	_	_	
24-16	4493-4505	disappointed	Indirect Opinion[102]	_	_	_	
24-17	4506-4508	by	Indirect Opinion[102]	_	_	_	
24-18	4509-4512	the	Indirect Opinion[102]	_	_	_	
24-19	4513-4520	missing	Indirect Opinion[102]	_	_	_	
24-20	4521-4531	embroidery	Indirect Opinion[102]	_	_	_	
24-21	4532-4534	on	Indirect Opinion[102]	_	_	_	
24-22	4535-4538	the	Indirect Opinion[102]	_	_	_	
24-23	4539-4543	heel	Indirect Opinion[102]	_	_	_	
24-24	4544-4545	.	_	_	_	_	
24-25	4547-4555	IMPLICIT	Direct Aspect	Appearance#General	Negative	24-15[102_0]	
24-26	4556-4563	Despite	_	_	_	_	
24-27	4564-4568	that	_	_	_	_	
24-28	4568-4569	,	_	_	_	_	
24-29	4570-4577	they're	_	_	_	_	
24-30	4578-4580	an	Indirect Opinion[103]	_	_	_	
24-31	4581-4591	absolutely	Indirect Opinion[103]	_	_	_	
24-32	4592-4601	beautiful	Indirect Opinion[103]	_	_	_	
24-33	4602-4609	version	Indirect Opinion[103]	_	_	_	
24-34	4610-4612	of	Indirect Opinion[103]	_	_	_	
24-35	4613-4616	the	Indirect Opinion[103]	_	_	_	
24-36	4617-4622	Samba	Indirect Opinion[103]	_	_	_	
24-37	4623-4624	.	_	_	_	_	
24-38	4626-4634	IMPLICIT	Direct Aspect	Appearance#General	Positive	24-30[103_0]	
24-39	4635-4637	If	Indirect Opinion[104]	_	_	_	
24-40	4638-4644	you're	Indirect Opinion[104]	_	_	_	
24-41	4645-4646	a	Indirect Opinion[104]	_	_	_	
24-42	4647-4650	fan	Indirect Opinion[104]	_	_	_	
24-43	4650-4651	,	Indirect Opinion[104]	_	_	_	
24-44	4652-4656	they	Indirect Opinion[104]	_	_	_	
24-45	4657-4663	should	Indirect Opinion[104]	_	_	_	
24-46	4664-4666	be	Indirect Opinion[104]	_	_	_	
24-47	4667-4669	in	Indirect Opinion[104]	_	_	_	
24-48	4670-4674	your	Indirect Opinion[104]	_	_	_	
24-49	4675-4685	collection	Indirect Opinion[104]	_	_	_	
24-50	4686-4687	.	_	_	_	_	
24-51	4689-4697	IMPLICIT	Direct Aspect	Misc	Positive	24-39[104_0]	

#Text=Loved the "old" 847 .  IMPLICIT Been wearing this shoe for years and with roll bar is the perfect shoe for my foot .  IMPLICIT Don't like the mesh upper--flimsy and ugly .  IMPLICIT Lace holder strap on the tongue is too large and lets the tongue slip to the side after just a few steps .  IMPLICIT PLEASE bring back the leather upper and fix the shoe lace holder !  !  IMPLICIT  !  IMPLICIT
25-1	4699-4704	Loved	Indirect Opinion	_	_	_	
25-2	4705-4708	the	Direct Aspect[105]	General	Positive	25-1[0_105]	
25-3	4709-4710	"	Direct Aspect[105]	_	_	_	
25-4	4710-4713	old	Direct Aspect[105]	_	_	_	
25-5	4713-4714	"	Direct Aspect[105]	_	_	_	
25-6	4715-4718	847	Direct Aspect[105]	_	_	_	
25-7	4719-4720	.	_	_	_	_	
25-8	4722-4730	IMPLICIT	_	_	_	_	
25-9	4731-4735	Been	Indirect Opinion[106]	_	_	_	
25-10	4736-4743	wearing	Indirect Opinion[106]	_	_	_	
25-11	4744-4748	this	Indirect Opinion[106]	_	_	_	
25-12	4749-4753	shoe	Indirect Opinion[106]	_	_	_	
25-13	4754-4757	for	Indirect Opinion[106]	_	_	_	
25-14	4758-4763	years	Indirect Opinion[106]	_	_	_	
25-15	4764-4767	and	Indirect Opinion[106]	_	_	_	
25-16	4768-4772	with	Indirect Opinion[106]	_	_	_	
25-17	4773-4777	roll	Indirect Opinion[106]	_	_	_	
25-18	4778-4781	bar	Indirect Opinion[106]	_	_	_	
25-19	4782-4784	is	Indirect Opinion[106]	_	_	_	
25-20	4785-4788	the	Indirect Opinion[106]	_	_	_	
25-21	4789-4796	perfect	Indirect Opinion[106]	_	_	_	
25-22	4797-4801	shoe	Indirect Opinion[106]	_	_	_	
25-23	4802-4805	for	Indirect Opinion[106]	_	_	_	
25-24	4806-4808	my	Indirect Opinion[106]	_	_	_	
25-25	4809-4813	foot	Indirect Opinion[106]	_	_	_	
25-26	4814-4815	.	_	_	_	_	
25-27	4817-4825	IMPLICIT	Direct Aspect	Misc	Positive	25-9[106_0]	
25-28	4826-4831	Don't	Indirect Opinion[107]	_	_	_	
25-29	4832-4836	like	Indirect Opinion[107]	_	_	_	
25-30	4837-4840	the	Indirect Opinion[107]	_	_	_	
25-31	4841-4845	mesh	Indirect Opinion[107]	_	_	_	
25-32	4846-4851	upper	Indirect Opinion[107]	_	_	_	
25-33	4851-4852	-	Indirect Opinion[107]	_	_	_	
25-34	4852-4853	-	Indirect Opinion[107]	_	_	_	
25-35	4853-4859	flimsy	Indirect Opinion[107]	_	_	_	
25-36	4860-4863	and	Indirect Opinion[107]	_	_	_	
25-37	4864-4868	ugly	Indirect Opinion[107]	_	_	_	
25-38	4869-4870	.	_	_	_	_	
25-39	4872-4880	IMPLICIT	Direct Aspect	Appearance#Material	Negative	25-28[107_0]	
25-40	4881-4885	Lace	Direct Aspect[108]	_	_	_	
25-41	4886-4892	holder	Direct Aspect[108]	_	_	_	
25-42	4893-4898	strap	Direct Aspect[108]	_	_	_	
25-43	4899-4901	on	Direct Aspect[108]	_	_	_	
25-44	4902-4905	the	Direct Aspect[108]	_	_	_	
25-45	4906-4912	tongue	Direct Aspect[108]	_	_	_	
25-46	4913-4915	is	_	_	_	_	
25-47	4916-4919	too	Direct Opinion[109]	Appearance#Shoe Component	Negative	25-40[108_109]	
25-48	4920-4925	large	Direct Opinion[109]	_	_	_	
25-49	4926-4929	and	Direct Opinion[109]	_	_	_	
25-50	4930-4934	lets	Direct Opinion[109]	_	_	_	
25-51	4935-4938	the	Direct Opinion[109]	_	_	_	
25-52	4939-4945	tongue	Direct Opinion[109]	_	_	_	
25-53	4946-4950	slip	Direct Opinion[109]	_	_	_	
25-54	4951-4953	to	Direct Opinion[109]	_	_	_	
25-55	4954-4957	the	Direct Opinion[109]	_	_	_	
25-56	4958-4962	side	Direct Opinion[109]	_	_	_	
25-57	4963-4968	after	Direct Opinion[109]	_	_	_	
25-58	4969-4973	just	Direct Opinion[109]	_	_	_	
25-59	4974-4975	a	Direct Opinion[109]	_	_	_	
25-60	4976-4979	few	Direct Opinion[109]	_	_	_	
25-61	4980-4985	steps	Direct Opinion[109]	_	_	_	
25-62	4986-4987	.	_	_	_	_	
25-63	4989-4997	IMPLICIT	_	_	_	_	
25-64	4998-5004	PLEASE	Indirect Opinion[110]	_	_	_	
25-65	5005-5010	bring	Indirect Opinion[110]	_	_	_	
25-66	5011-5015	back	Indirect Opinion[110]	_	_	_	
25-67	5016-5019	the	Indirect Opinion[110]	_	_	_	
25-68	5020-5027	leather	Indirect Opinion[110]	_	_	_	
25-69	5028-5033	upper	Indirect Opinion[110]	_	_	_	
25-70	5034-5037	and	Indirect Opinion[110]	_	_	_	
25-71	5038-5041	fix	Indirect Opinion[110]	_	_	_	
25-72	5042-5045	the	Indirect Opinion[110]	_	_	_	
25-73	5046-5050	shoe	Indirect Opinion[110]	_	_	_	
25-74	5051-5055	lace	Indirect Opinion[110]	_	_	_	
25-75	5056-5062	holder	Indirect Opinion[110]	_	_	_	
25-76	5063-5064	!	_	_	_	_	
25-77	5066-5067	!	_	_	_	_	
25-78	5069-5077	IMPLICIT	Direct Aspect	General	Negative	25-64[110_0]	
25-79	5079-5080	!	_	_	_	_	
25-80	5082-5090	IMPLICIT	_	_	_	_	
